Patient_id,Variant_ID,cDNA,Reports,Mutation_Category,Variant_Type,Inhibitor_Status,Allele_Frequency,Activity,Domain,HGVS_p,Residue_ID,Mature_Position,Legacy_Position,Clinical_Severity,,,PyMOL_Format,Structural_Mechanism,,,,,,,,,,,,,,,
,,,,,,,,,,,,,,,,,,,,,,,,,,,,,,,,,
3533,11644,c.-55G>A,3,Point,-,-,-,-,"Promoter, LF-A1/HNF4- binding site, ARE",-,-55,-,,,-,5' UTR,N/A,-26,-,-,-,-,-,Moderate,-,-,3%,-,,,,,
3533,11645,c.-55G>A,3,Point,-,-,-,-,"Promoter, LF-A1/HNF4- binding site, ARE",-,-55,-,,,-,5' UTR,N/A,-26,-,-,-,-,-,Severe,-,-,<1,-,,,,,
3533,11646,c.-55G>A,3,Point,-,-,-,-,"Promoter, LF-A1/HNF4- binding site, ARE",-,-55,-,,,-,5' UTR,N/A,-26,-,-,-,-,-,Severe,-,-,<1,-,,,,,
3534,11648,c.-55G>C,1,Point,-,-,-,-,"Promoter, LF-A1/HNF4- binding site, ARE",-,-55,-,,,-,5' UTR,N/A,-26,-,-,-,-,-,Severe,-,-,<1,<1,,,,,
3535,11647,c.-55G>T,2,Point,-,-,-,-,"Promoter,LF-A1/HNF4-binding site; ARE; de novo",-,-55,-,,,-,5' UTR,N/A,-26,-,-,-,-,-,Severe,-,-,0.90%,-,,,,,
3535,11649,c.-55G>T,2,Point,-,-,-,-,"Promoter,LF-A1/HNF4-binding site; ARE; de novo",-,-55,-,,,-,5' UTR,N/A,-26,-,-,-,-,-,Severe,-,-,<1,-,,,,,
3536,11650,c.-53A>G,1,Point,-,-,-,-,Promoter,-,-53,-,,,-,5' UTR,N/A,-24,-,-,-,-,-,-,-,-,-,-,,,,,
3537,11651,c.-52C>G,1,Point,-,-,-,-,Promoter,-,-52,-,,,-,5' UTR,N/A,-23,-,-,-,-,-,-,-,-,-,-,,,,,
3538,11652,c.-52C>T,1,Point,-,-,-,-,"Promoter, LF-A1/HNF4- binding site, ARE",-,-52,-,,,-,5' UTR,N/A,-23,-,-,-,-,-,Moderate,-,-,2%,-,,,,,
3539,11653,c.-50T>G,3,Point,-,-,-,-,"Promoter, LF-A1/HNF4 binding site, ARE",-,-50,-,,,-,5' UTR,N/A,-21,-,-,-,-,-,-,-,-,-,-,,,,,
3539,11654,c.-50T>G,3,Point,-,-,-,-,"Promoter, LF-A1/HNF4 binding site, ARE",-,-50,-,,,-,5' UTR,N/A,-21,-,-,-,-,-,-,-,-,-,-,,,,,
3539,11655,c.-50T>G,3,Point,-,-,-,-,"Promoter, LF-A1/HNF4 binding site, ARE",-,-50,-,,,-,5' UTR,N/A,-21,-,-,-,-,-,Mild,-,-,0 to 10,0 to 10,Leiden Mutation,,,,
3540,11656,c.-49T>A,4,Point,-,-,-,-,"Promoter, LF-A1/HNF4- binding site, ARE",-,-49,-,,,-,5' UTR,N/A,-20,-,-,-,-,-,Mild,-,-,0 to 36,0 to 36,,,,,
3540,11657,c.-49T>A,4,Point,-,-,-,-,"Promoter, LF-A1/HNF4- binding site, ARE",-,-49,-,,,-,5' UTR,N/A,-20,-,-,-,-,-,Moderate,-,-,3.50%,-,,,,,
3540,11658,c.-49T>A,4,Point,-,-,-,-,"Promoter, LF-A1/HNF4- binding site, ARE",-,-49,-,,,-,5' UTR,N/A,-20,-,-,-,-,-,Mild,-,-,0 to 60,0 to 60,Leiden Mutation,,,,
3540,15337,c.-49T>A,4,Point,-,No,-,-,"Promoter, LF-A1/HNF4- binding site, ARE",-,-49,-,,,-,5' UTR,N/A,-20,-,-,-,-,-,Moderate,-,-,2.50%,-,,,,,
3541,11659,c.-49T>C,4,Point,-,-,-,-,"Promoter, de novo in MGF.LF-A1/HNF4- binding site, ARE",-,-49,-,,,-,5' UTR,N/A,-20,-,-,-,-,-,Mild,-,-,7 to 20,-,,,,,
3541,11660,c.-49T>C,4,Point,-,-,-,-,"Promoter, de novo in MGF.LF-A1/HNF4- binding site, ARE",-,-49,-,,,-,5' UTR,N/A,-20,-,-,-,-,-,Mild,-,-,26%,-,,,,,
3541,11661,c.-49T>C,4,Point,-,-,-,-,"Promoter, de novo in MGF.LF-A1/HNF4- binding site, ARE",-,-49,-,,,-,5' UTR,N/A,-20,-,-,-,-,-,Mild,-,-,18 to 50,-,,,,,
3541,15336,c.-49T>C,4,Point,-,-,-,-,"Promoter, de novo in MGF.LF-A1/HNF4- binding site, ARE",-,-49,-,,,-,5' UTR,N/A,-20,-,-,-,-,-,Mild,-,-,8%,-,,,,,
3542,11662,c.-48G>C,2,Point,-,-,-,-,"Promoter, LF-A1/HNF4- binding site, ARE",-,-48,-,,,-,5' UTR,N/A,-19,-,-,-,-,-,Moderate,-,-,3%,-,Leiden Mutation,,,,
3542,11663,c.-48G>C,2,Point,-,-,-,-,"Promoter, LF-A1/HNF4- binding site, ARE",-,-48,-,,,-,5' UTR,N/A,-19,-,-,-,-,-,-,-,-,-,<25,,,,,
3543,11664,c.-35G>A,38,Point,-,-,-,-,Promoter,-,-35,-,,,-,5' UTR,N/A,-6,-,-,-,-,-,Mild,-,-,13 to 70,-,Leiden Mutation,,,,
3543,11665,c.-35G>A,38,Point,-,-,-,-,Promoter,-,-35,-,,,-,5' UTR,N/A,-6,-,-,-,-,-,Mild,-,-,10%,13%,Leiden Mutation,,,,
3543,11666,c.-35G>A,38,Point,-,-,-,-,Promoter,-,-35,-,,,-,5' UTR,N/A,-6,-,-,-,-,-,-,-,-,-,-,,,,,
3543,11667,c.-35G>A,38,Point,-,-,-,-,Promoter,-,-35,-,,,-,5' UTR,N/A,-6,-,-,-,-,-,Mild,-,-,1 to norm,-,,,,,
3543,11668,c.-35G>A,38,Point,-,-,-,-,Promoter,-,-35,-,,,-,5' UTR,N/A,-6,-,-,-,-,-,Mild,-,-,7%,4%,Leiden Mutation,,,,
3543,11669,c.-35G>A,38,Point,-,-,-,-,Promoter,-,-35,-,,,-,5' UTR,N/A,-6,-,-,-,-,-,Mild,-,-,30%,-,Leiden Mutation,,,,
3543,11670,c.-35G>A,38,Point,-,-,-,-,Promoter,-,-35,-,,,-,5' UTR,N/A,-6,-,-,-,-,-,Mild,-,-,10 to 64,-,Leiden Mutation,,,,
3543,11671,c.-35G>A,38,Point,-,-,-,-,Promoter,-,-35,-,,,-,5' UTR,N/A,-6,-,-,-,-,-,Mild,-,-,9%,8%,,,,,
3543,11672,c.-35G>A,38,Point,-,-,-,-,Promoter,-,-35,-,,,-,5' UTR,N/A,-6,-,-,-,-,-,Mild,-,-,30%,-,,,,,
3543,11673,c.-35G>A,38,Point,-,-,-,-,Promoter,-,-35,-,,,-,5' UTR,N/A,-6,-,-,-,-,-,-,-,-,-,-,,,,,
3543,11674,c.-35G>A,38,Point,-,-,-,-,Promoter,-,-35,-,,,-,5' UTR,N/A,-6,-,-,-,-,-,Mild,-,-,18 to 60,-,,,,,
3543,11675,c.-35G>A,38,Point,-,-,-,-,Promoter,-,-35,-,,,-,5' UTR,N/A,-6,-,-,-,-,-,Moderate,-,-,2.50%,-,Leiden Mutation,,,,
3543,11676,c.-35G>A,38,Point,-,-,-,-,Promoter,-,-35,-,,,-,5' UTR,N/A,-6,-,-,-,-,-,Mild,-,-,10 to 65,-,Leiden Mutation,,,,
3543,11678,c.-35G>A,38,Point,-,-,-,-,Promoter,-,-35,-,,,-,5' UTR,N/A,-6,-,-,-,-,-,Mild,-,-,28%,-,,,,,
3543,11679,c.-35G>A,38,Point,-,-,-,-,Promoter,-,-35,-,,,-,5' UTR,N/A,-6,-,-,-,-,-,Mild,-,-,15%,-,,,,,
3543,11680,c.-35G>A,38,Point,-,-,-,-,Promoter,-,-35,-,,,-,5' UTR,N/A,-6,-,-,-,-,-,Mild,-,-,3 to 26,-,Leiden Mutation,,,,
3543,11681,c.-35G>A,38,Point,-,-,-,-,Promoter,-,-35,-,,,-,5' UTR,N/A,-6,-,-,-,-,-,Moderate,-,-,1%,-,,,,,
3543,11682,c.-35G>A,38,Point,-,-,-,-,Promoter,-,-35,-,,,-,5' UTR,N/A,-6,-,-,-,-,-,Mild,-,-,35%,35%,Leiden Mutation,,,,
3543,11683,c.-35G>A,38,Point,-,No,-,-,Promoter,-,-35,-,,,-,5' UTR,N/A,-6,-,-,-,-,-,Mild,-,-,20%,25%,Leiden Mutation,,,,
3543,11684,c.-35G>A,38,Point,-,-,-,-,Promoter,-,-35,-,,,-,5' UTR,N/A,-6,-,-,-,-,-,Moderate,-,-,2%,-,,,,,
3543,11685,c.-35G>A,38,Point,-,-,-,-,Promoter,-,-35,-,,,-,5' UTR,N/A,-6,-,-,-,-,-,Moderate,-,-,1%,-,,,,,
3543,11686,c.-35G>A,38,Point,-,-,-,-,Promoter,-,-35,-,,,-,5' UTR,N/A,-6,-,-,-,-,-,-,-,-,-,-,,,,,
3543,11687,c.-35G>A,38,Point,-,-,-,-,Promoter,-,-35,-,,,-,5' UTR,N/A,-6,-,-,-,-,-,-,-,-,-,-,,,,,
3543,11688,c.-35G>A,38,Point,-,-,-,-,Promoter,-,-35,-,,,-,5' UTR,N/A,-6,-,-,-,-,-,Mild,-,-,7%,-,,,,,
3543,11689,c.-35G>A,38,Point,-,-,-,-,Promoter,-,-35,-,,,-,5' UTR,N/A,-6,-,-,-,-,-,-,-,-,-,-,,,,,
3543,11690,c.-35G>A,38,Point,-,-,-,-,Promoter,-,-35,-,,,-,5' UTR,N/A,-6,-,-,-,-,-,-,-,-,-,-,,,,,
3543,11691,c.-35G>A,38,Point,-,-,-,-,Promoter,-,-35,-,,,-,5' UTR,N/A,-6,-,-,-,-,-,Mild,-,-,52%,50%,,,,,
3543,15033,c.-35G>A,38,Point,-,No,-,-,Promoter,-,-35,-,,,-,5' UTR,N/A,-6,-,-,-,-,-,Mild,-,-,6%,-,Leiden Mutation,,,,
3543,15224,c.-35G>A,38,Point,-,No,-,-,Promoter,-,-35,-,,,-,5' UTR,N/A,-6,-,-,-,-,-,Mild,-,-,-,-,,,,,
3543,15278,c.-35G>A,38,Point,-,-,-,-,Promoter,-,-35,-,,,-,5' UTR,N/A,-6,-,-,-,-,-,Mild,-,-,44%,-,18 cases in 10 families: mean FIX:C given (range 30-76),,,,
3543,15338,c.-35G>A,38,Point,-,No,-,-,Promoter,-,-35,-,,,-,5' UTR,N/A,-6,-,-,-,-,-,Moderate,-,-,1%,-,,,,,
3543,15339,c.-35G>A,38,Point,-,No,-,-,Promoter,-,-35,-,,,-,5' UTR,N/A,-6,-,-,-,-,-,Mild,-,-,14%,-,,,,,
3543,15340,c.-35G>A,38,Point,-,No,-,-,Promoter,-,-35,-,,,-,5' UTR,N/A,-6,-,-,-,-,-,Mild,-,-,10%,-,,,,,
3543,15341,c.-35G>A,38,Point,-,No,-,-,Promoter,-,-35,-,,,-,5' UTR,N/A,-6,-,-,-,-,-,Mild,-,-,14%,-,,,,,
3543,15342,c.-35G>A,38,Point,-,No,-,-,Promoter,-,-35,-,,,-,5' UTR,N/A,-6,-,-,-,-,-,Moderate,-,-,2%,-,,,,,
3543,15343,c.-35G>A,38,Point,-,No,-,-,Promoter,-,-35,-,,,-,5' UTR,N/A,-6,-,-,-,-,-,Moderate,-,-,4%,-,,,,,
3543,15344,c.-35G>A,38,Point,-,No,-,-,Promoter,-,-35,-,,,-,5' UTR,N/A,-6,-,-,-,-,-,Mild,-,-,10%,-,,,,,
3543,15345,c.-35G>A,38,Point,-,No,-,-,Promoter,-,-35,-,,,-,5' UTR,N/A,-6,-,-,-,-,-,Mild,-,-,27%,-,,,,,
3544,11677,c.-35G>C,6,Point,-,-,-,-,Promoter,-,-35,-,,,-,5' UTR,N/A,-6,-,-,-,-,-,Mild,-,-,0 to 25,-,Leiden Mutation,,,,
3544,11692,c.-35G>C,6,Point,-,-,-,-,Promoter,-,-35,-,,,-,5' UTR,N/A,-6,-,-,-,-,-,Mild,-,-,1 to 30,1 to 30,Leiden Mutation,,,,
3544,11693,c.-35G>C,6,Point,-,-,-,-,Promoter,-,-35,-,,,-,5' UTR,N/A,-6,-,-,-,-,-,Mild,-,-,16%,-,Leiden Mutation,,,,
3544,11694,c.-35G>C,6,Point,-,-,-,-,Promoter,-,-35,-,,,-,5' UTR,N/A,-6,-,-,-,-,-,Mild,-,-,6%,-,,,,,
3544,11695,c.-35G>C,6,Point,-,-,-,-,Promoter,-,-35,-,,,-,5' UTR,N/A,-6,-,-,-,-,-,Severe,-,-,<1,<1,,,,,
3544,11696,c.-35G>C,6,Point,-,-,-,-,Promoter,-,-35,-,,,-,5' UTR,N/A,-6,-,-,-,-,-,Moderate,-,-,1%,-,,,,,
3545,11697,c.-34A>G,2,Point,-,-,-,-,Promoter,-,-34,-,,,-,5' UTR,N/A,-5,-,-,-,-,-,Mild,-,-,15%,-,,,,,
3545,11698,c.-34A>G,2,Point,-,-,-,-,Promoter,-,-34,-,,,-,5' UTR,N/A,-5,-,-,-,-,-,Mild,-,-,7%,-,,,,,
3546,11699,c.-34A>T,2,Point,-,-,-,-,Promoter,-,-34,-,,,-,5' UTR,N/A,-5,-,-,-,-,-,Moderate,-,-,3%,-,Leiden Mutation,,,,
3546,11700,c.-34A>T,2,Point,-,-,-,-,Promoter,-,-34,-,,,-,5' UTR,N/A,-5,-,-,-,-,-,Moderate,-,-,4.50%,-,,,,,
3547,11701,c.-24T>A,5,Point,-,-,-,-,"Promoter, C/EBP-binding site",-,-24,-,,,-,5' UTR,N/A,6,-,-,-,-,-,Mild,-,-,0 to 37,-,Leiden Mutation,,,,
3547,11702,c.-24T>A,5,Point,-,-,-,-,"Promoter, C/EBP-binding site",-,-24,-,,,-,5' UTR,N/A,6,-,-,-,-,-,Mild,-,-,0 to 8,-,Leiden Mutation,,,,
3547,14967,c.-24T>A,5,Point,-,No,-,-,"Promoter, C/EBP-binding site",-,-24,-,,,-,5' UTR,N/A,6,-,-,-,-,-,Moderate,-,-,5.50%,-,Leiden Mutation,,,,
3547,14968,c.-24T>A,5,Point,-,No,-,-,"Promoter, C/EBP-binding site",-,-24,-,,,-,5' UTR,N/A,6,-,-,-,-,-,Moderate,-,-,4%,-,Leiden Mutation,,,,
3547,15346,c.-24T>A,5,Point,-,No,-,-,"Promoter, C/EBP-binding site",-,-24,-,,,-,5' UTR,N/A,6,-,-,-,-,-,Mild,-,-,6%,-,,,,,
3548,11703,c.-23T>C,1,Point,-,-,-,-,"Promoter, C/EBP-binding site",-,-23,-,,,-,5' UTR,N/A,7,-,-,-,-,-,-,-,-,-,-,,,,,
3549,11704,c.-22delT,1,Deletion,-,-,-,-,"Promoter, C/EBP-binding site",-,-22,-,,,-,5' UTR,N/A,8,-,-,-,-,-,Moderate,-,-,5%,-,Leiden Mutation,,,,
3550,11705,c -22T>C,5,Point,-,-,-,-,"Promoter, C/EBP binding site, de novo in mother",-,-22,-,,,-,5' UTR,N/A,8,-,-,-,-,-,Mild,-,-,0 to 60,0 to 60,Leiden Mutation,,,,
3550,11706,c -22T>C,5,Point,-,-,-,-,"Promoter, C/EBP binding site, de novo in mother",-,-22,-,,,-,5' UTR,N/A,8,-,-,-,-,-,Moderate,-,-,2%,-,,,,,
3550,11707,c -22T>C,5,Point,-,-,-,-,"Promoter, C/EBP binding site, de novo in mother",-,-22,-,,,-,5' UTR,N/A,8,-,-,-,-,-,Moderate,-,-,1%,-,,,,,
3550,11708,c -22T>C,5,Point,-,-,-,-,"Promoter, C/EBP binding site, de novo in mother",-,-22,-,,,-,5' UTR,N/A,8,-,-,-,-,-,-,-,-,-,-,,,,,
3550,15288,c -22T>C,5,Point,-,-,-,-,"Promoter, C/EBP binding site, de novo in mother",-,-22,-,,,-,5' UTR,N/A,8,-,-,-,-,-,Moderate,-,-,1.50%,-,,,,,
3551,11709,c -21C>G,1,Point,-,-,-,-,"Promoter, C/EBP-binding site",-,-21,-,,,-,5' UTR,N/A,9,-,-,-,-,-,-,-,-,-,-,Leiden Mutation,,,,
3552,11712,c.-17A>G,16,Point,-,-,-,-,Promoter,-,-17,-,,,-,5' UTR,N/A,13,-,-,-,-,-,Severe,-,-,<1,-,,,,,
3552,11713,c.-17A>G,16,Point,-,-,-,-,Promoter,-,-17,-,,,-,5' UTR,N/A,13,-,-,-,-,-,Mild,-,-,0 to 60,0 to 60,Leiden Mutation,,,,
3552,11714,c.-17A>G,16,Point,-,-,-,-,Promoter,-,-17,-,,,-,5' UTR,N/A,13,-,-,-,-,-,Mild,-,-,32%,-,,,,,
3552,11715,c.-17A>G,16,Point,-,-,-,-,Promoter,-,-17,-,,,-,5' UTR,N/A,13,-,-,-,-,-,Mild,-,-,3 to 35,-,Leiden Mutation,,,,
3552,11716,c.-17A>G,16,Point,-,-,-,-,Promoter,-,-17,-,,,-,5' UTR,N/A,13,-,-,-,-,-,Mild,-,-,12 to norm,-,,,,,
3552,11717,c.-17A>G,16,Point,-,-,-,-,Promoter,-,-17,-,,,-,5' UTR,N/A,13,-,-,-,-,-,Moderate,-,-,1.5 to 2,-,,,,,
3552,11718,c.-17A>G,16,Point,-,-,-,-,Promoter,-,-17,-,,,-,5' UTR,N/A,13,-,-,-,-,-,Mild,-,-,3 to 51,-,,,,,
3552,11720,c.-17A>G,16,Point,-,-,-,-,Promoter,-,-17,-,,,-,5' UTR,N/A,13,-,-,-,-,-,Severe,-,-,<1,<1,Leiden Mutation,,,,
3552,11721,c.-17A>G,16,Point,-,-,-,-,Promoter,-,-17,-,,,-,5' UTR,N/A,13,-,-,-,-,-,Mild,-,-,6 to 35,-,,,,,
3552,11722,c.-17A>G,16,Point,-,-,-,-,Promoter,-,-17,-,,,-,5' UTR,N/A,13,-,-,-,-,-,-,-,-,-,-,,,,,
3552,15347,c.-17A>G,16,Point,-,-,-,-,Promoter,-,-17,-,,,-,5' UTR,N/A,13,-,-,-,-,-,Mild,-,-,49%,-,,,,,
3552,15348,c.-17A>G,16,Point,-,No,-,-,Promoter,-,-17,-,,,-,5' UTR,N/A,13,-,-,-,-,-,Moderate,-,-,3%,-,,,,,
3552,15349,c.-17A>G,16,Point,-,No,-,-,Promoter,-,-17,-,,,-,5' UTR,N/A,13,-,-,-,-,-,Mild,-,-,34%,-,,,,,
3552,15350,c.-17A>G,16,Point,-,No,-,-,Promoter,-,-17,-,,,-,5' UTR,N/A,13,-,-,-,-,-,Moderate,-,-,1.20%,-,,,,,
3552,15351,c.-17A>G,16,Point,-,No,-,-,Promoter,-,-17,-,,,-,5' UTR,N/A,13,-,-,-,-,-,Mild,-,-,6.70%,-,,,,,
3552,15352,c.-17A>G,16,Point,-,No,-,-,Promoter,-,-17,-,,,-,5' UTR,N/A,13,-,-,-,-,-,Moderate,-,-,3%,-,,,,,
3553,11711,c.-17delA,1,Deletion,-,-,-,-,Promoter,-,-17,-,,,-,5' UTR,N/A,12,-,-,-,-,-,Mild,-,-,0 to 60,0 to 60,Leiden Mutation,,,,
3555,11710,c.-18A>G,1,Point,-,-,-,-,"Promoter,",-,-18,-,,,-,5' UTR,N/A,12,-,-,-,-,-,Moderate,-,-,1%,-,,,,,
3556,11723,c.-5A>G,1,Point,-,-,-,-,Double (see 20414),-,-5,-,,,-,5' UTR,N/A,25,-,-,-,-,-,Mild,-,-,-,105%,Leiden Mutation,,,,
3557,11725,c.19A>T,4,Point,Missense,-,0.000901573,-,N? only change found,Ile > Phe,19,-,7,-40,Signal Peptide,Exon 1,p.Ile7Phe,Other,Ile,Phe,isoleucine,phenylalanine,-,Severe,-,-,<1,<1,,,,,
3557,11726,c.19A>T,4,Point,Missense,-,0.000901573,-,N? only change found,Ile > Phe,19,-,7,-40,Signal Peptide,Exon 1,p.Ile7Phe,48,Ile,Phe,isoleucine,phenylalanine,-,Mild,-,-,30%,-,,,,,
3557,11727,c.19A>T,4,Point,Missense,-,0.000901573,-,N? only change found,Ile > Phe,19,-,7,-40,Signal Peptide,Exon 1,p.Ile7Phe,48,Ile,Phe,isoleucine,phenylalanine,-,-,-,-,-,-,,,,,
3557,14948,c.19A>T,4,Point,Missense,-,0.000901573,-,N? only change found,Ile > Phe,19,-,7,-40,Signal Peptide,Exon 1,p.Ile7Phe,48,Ile,Phe,isoleucine,phenylalanine,-,Severe,-,-,<1,<1,Also has p.Arg384* causative mutation,,,,
3558,11728,c.30delA,1,Deletion,Frameshift,-,-,-,Frameshift,Glu10Profs,30,-,10,-37,Signal Peptide,Exon 1,p.(Glu10Profs*9),59,Glu10Profs,-,glutamic acid,-,-,Severe,-,-,<1,<1,,,,,
3559,11729,c.50T>A,3,Point,Missense,-,-,-,Signal peptide,Ile > Asn,50,-,17,-30,Signal Peptide,Exon 1,p.Ile17Asn,79,Ile,Asn,isoleucine,asparagine,-,Severe,-,-,<1,<1,,,,,
3559,11730,c.50T>A,3,Point,Missense,-,-,-,Signal peptide,Ile > Asn,50,-,17,-30,Signal Peptide,Exon 1,p.Ile17Asn,79,Ile,Asn,isoleucine,asparagine,-,Moderate,-,-,1%,-,,,,,
3559,11731,c.50T>A,3,Point,Missense,-,-,-,Signal peptide,Ile > Asn,50,-,17,-30,Signal Peptide,Exon 1,p.Ile17Asn,79,Ile,Asn,isoleucine,asparagine,-,Moderate,-,-,2%,<1,,,,,
3560,11732,c.53G>T,1,Point,Missense,-,-,-,-,Cys > Phe,53,-,18,-29,Signal Peptide,Exon 1,p.Cys18Phe,82,Cys,Phe,cysteine,phenylalanine,-,Moderate,-,-,2%,-,,,,,
3561,11733,c.55delC,3,Deletion,Frameshift,-,-,-,Frameshift,Leu19Phefs,55,-,19,-28,Signal Peptide,Exon 1,p.(Leu19Phefs*1),84,Leu19Phefs,-,leucine,-,-,-,-,-,-,-,,,,,
3561,13794,c.55delC,3,Deletion,Frameshift,-,-,-,Frameshift,Leu19Phefs,55,-,19,-28,Signal Peptide,Exon 1,p.(Leu19Phefs*1),84,Leu19Phefs,-,leucine,-,-,-,-,-,-,-,,,,,
3561,15329,c.55delC,3,Deletion,Frameshift,-,-,-,Frameshift,Leu19Phefs,55,-,19,-28,Signal Peptide,Exon 1,p.(Leu19Phefs*1),84,Leu19Phefs,-,leucine,-,-,-,-,-,-,-,,,,,
3562,11734,c.59del,1,Deletion,Frameshift,-,-,-,-,Leu20*,59,-,19,-27,Signal Peptide,Exon 1,p.(Leu19Leufs*1),85,Leu20*,-,leucine,-,-,Severe,-,-,<1,1%,,,,,
3563,11735,c.59T>A,1,Point,Nonsense,-,-,-,-,Leu > *,59,-,20,-27,Signal Peptide,Exon 1,p.(Leu20*),88,Leu,*,leucine,-,-,Severe,-,-,<1,-,,,,,
3564,11736,c.59T>C,2,Point,Missense,-,-,-,Geography: Hubei| The amino acid is partially generic,Leu > Ser,59,-,20,-27,Signal Peptide,Exon 1,p.Leu20Ser,88,Leu,Ser,leucine,serine,-,Severe,-,-,-,-,,,,,
3564,11737,c.59T>C,2,Point,Missense,-,-,-,Geography: Hubei| The amino acid is partially generic,Leu > Ser,59,-,20,-27,Signal Peptide,Exon 1,p.Leu20Ser,88,Leu,Ser,leucine,serine,-,Severe,-,-,0%,-,,,,,
3565,11738,c.60delA,2,Deletion,Frameshift,-,-,-,Frameshift,Gly21fs,60,-,21,-26,Signal Peptide,Exon 1,p.(Gly21Aspfs*22),89,Gly21fs,-,glycine,-,-,-,-,-,-,-,,,,,
3565,11739,c.60delA,2,Deletion,Frameshift,-,-,-,Frameshift,Gly21fs,60,-,21,-26,Signal Peptide,Exon 1,p.(Gly21Aspfs*22),89,Gly21fs,-,glycine,-,-,Severe,-,-,<1,-,,,,,
3566,11740,c.61G>T,1,Point,Nonsense,-,-,-,SIGNAL PEPTIDE,Gly > *,61,-,21,-26,Signal Peptide,Exon 1,p.(Gly21*),90,Gly,*,glycine,-,-,Severe,-,-,<1,-,,,,,
3567,11741,c.62G>T,1,Point,Missense,-,-,-,New donor splice?,Gly > Val,62,-,21,-26,Signal Peptide,Exon 1,p.Gly21Val,91,Gly,Val,glycine,valine,-,Mild,-,-,40%,-,,,,,
3568,11742,c.64T>G,1,Point,Nonsense,-,-,-,Type I,Tyr > *,64,-,22,-25,Signal Peptide,Exon 1,p.(Tyr22*),93,Tyr,*,tyrosine,-,-,Severe,-,-,<1,<1,,,,,
3569,11743,c.66T>A,1,Point,Nonsense,-,-,-,-,Tyr > *,66,-,22,-25,Signal Peptide,Exon 1,p.(Tyr22*),95,Tyr,*,tyrosine,-,-,Severe,-,-,<1,-,,,,,
3570,11744,c.68T>C,3,Point,Missense,-,-,-,-,Leu > Pro,68,-,23,-24,Signal Peptide,Exon 1,p.Leu23Pro,97,Leu,Pro,leucine,proline,-,Severe,-,-,<1,<1,,,,,
3570,15353,c.68T>C,3,Point,Missense,No,-,-,-,Leu > Pro,68,-,23,-24,Signal Peptide,Exon 1,p.Leu23Pro,97,Leu,Pro,leucine,proline,-,Moderate,-,-,1%,-,,,,,
3570,15354,c.68T>C,3,Point,Missense,Yes,-,-,-,Leu > Pro,68,-,23,-24,Signal Peptide,Exon 1,p.Leu23Pro,97,Leu,Pro,leucine,proline,-,Severe,-,-,<1,-,,,,,
3571,11745,c.71T>C,1,Point,Missense,-,-,-,-,Leu > Pro,71,-,24,-23,Signal Peptide,Exon 1,p.Leu24Pro,100,Leu,Pro,leucine,proline,-,Severe,-,-,<1,-,,,,,
3572,11746,c.77C>A,3,Point,Missense,-,-,-,Signal peptide,Ala > Asp,77,-,26,-21,Signal Peptide,Exon 1,p.Ala26Asp,106,Ala,Asp,alanine,aspartic acid,-,Moderate,-,-,2%,2%,,,,,
3572,15355,c.77C>A,3,Point,Missense,No,-,-,Signal peptide,Ala > Asp,77,-,26,-21,Signal Peptide,Exon 1,p.Ala26Asp,106,Ala,Asp,alanine,aspartic acid,-,Moderate,-,-,4%,-,,,,,
3572,15356,c.77C>A,3,Point,Missense,-,-,-,Signal peptide,Ala > Asp,77,-,26,-21,Signal Peptide,Exon 1,p.Ala26Asp,106,Ala,Asp,alanine,aspartic acid,-,Moderate,-,-,3%,-,,,,,
3573,11747,c.82T>C,5,Point,Missense,-,-,-,-,Cys > Arg,82,-,28,-19,Signal Peptide,Exon 1,p.Cys28Arg,111,Cys,Arg,cysteine,arginine,-,Moderate,-,-,4%,4%,,,,,
3573,11748,c.82T>C,5,Point,Missense,-,-,-,-,Cys > Arg,82,-,28,-19,Signal Peptide,Exon 1,p.Cys28Arg,111,Cys,Arg,cysteine,arginine,-,Moderate,-,-,4%,-,,,,,
3573,11750,c.82T>C,5,Point,Missense,-,-,-,-,Cys > Arg,82,-,28,-19,Signal Peptide,Exon 1,p.Cys28Arg,111,Cys,Arg,cysteine,arginine,-,Mild,-,-,20%,-,,,,,
3573,15171,c.82T>C,5,Point,Missense,No,-,-,-,Cys > Arg,82,-,28,-19,Signal Peptide,Exon 1,p.Cys28Arg,111,Cys,Arg,cysteine,arginine,-,Moderate,-,-,-,-,,,,,
3573,15357,c.82T>C,5,Point,Missense,No,-,-,-,Cys > Arg,82,-,28,-19,Signal Peptide,Exon 1,p.Cys28Arg,111,Cys,Arg,cysteine,arginine,-,Moderate,-,-,3%,-,,,,,
3574,11749,c.82T>G,1,Point,Missense,-,-,-,Geography: Jiangsu| The amino acid in this position is specific to FIX,Cys > Gly,82,-,28,-19,Signal Peptide,Exon 1,p.Cys28Gly,111,Cys,Gly,cysteine,glycine,-,Severe,-,-,-,-,,,,,
3575,11751,c.83G>A,9,Point,Missense,-,-,-,Signal peptide,Cys > Tyr,83,-,28,-19,Signal Peptide,Exon 1,p.Cys28Tyr,112,Cys,Tyr,cysteine,tyrosine,-,-,-,-,-,-,,,,,
3575,11752,c.83G>A,9,Point,Missense,-,-,-,Signal peptide,Cys > Tyr,83,-,28,-19,Signal Peptide,Exon 1,p.Cys28Tyr,112,Cys,Tyr,cysteine,tyrosine,-,Severe,-,-,-,-,,,,,
3575,11753,c.83G>A,9,Point,Missense,-,-,-,Signal peptide,Cys > Tyr,83,-,28,-19,Signal Peptide,Exon 1,p.Cys28Tyr,112,Cys,Tyr,cysteine,tyrosine,-,Moderate,-,-,1%,-,,,,,
3575,11754,c.83G>A,9,Point,Missense,-,-,-,Signal peptide,Cys > Tyr,83,-,28,-19,Signal Peptide,Exon 1,p.Cys28Tyr,112,Cys,Tyr,cysteine,tyrosine,-,-,-,-,-,-,,,,,
3575,11755,c.83G>A,9,Point,Missense,-,-,-,Signal peptide,Cys > Tyr,83,-,28,-19,Signal Peptide,Exon 1,p.Cys28Tyr,112,Cys,Tyr,cysteine,tyrosine,-,Moderate,-,-,1%,-,,,,,
3575,11756,c.83G>A,9,Point,Missense,-,-,-,Signal peptide,Cys > Tyr,83,-,28,-19,Signal Peptide,Exon 1,p.Cys28Tyr,112,Cys,Tyr,cysteine,tyrosine,-,Moderate,-,-,1%,-,,,,,
3575,11757,c.83G>A,9,Point,Missense,-,-,-,Signal peptide,Cys > Tyr,83,-,28,-19,Signal Peptide,Exon 1,p.Cys28Tyr,112,Cys,Tyr,cysteine,tyrosine,-,Moderate,-,-,3.90%,-,,,,,
3575,11759,c.83G>A,9,Point,Missense,-,-,-,Signal peptide,Cys > Tyr,83,-,28,-19,Signal Peptide,Exon 1,p.Cys28Tyr,112,Cys,Tyr,cysteine,tyrosine,-,Moderate,-,-,5%,-,,,,,
3575,11760,c.83G>A,9,Point,Missense,No,-,-,Signal peptide,Cys > Tyr,83,-,28,-19,Signal Peptide,Exon 1,p.Cys28Tyr,112,Cys,Tyr,cysteine,tyrosine,-,Severe,-,-,<1,-,,,,,
3576,11758,c.83delG,1,Deletion,Frameshift,-,-,-,Frameshift,Cys28fs,83,-,28,-19,Signal Peptide,Exon 1,p.(Cys28Leufs*14),112,Cys28fs,-,cysteine,-,-,Severe,-,-,<1,-,,,,,
3577,11761,c.84T>G,1,Point,Missense,-,-,-,Signal peptide,Cys > Trp,84,-,28,-19,Signal Peptide,Exon 1,p.Cys28Trp,113,Cys,Trp,cysteine,tryptophan,-,Severe,-,-,<1,<1,,,,,
3578,11762,c.84T>A,1,Point,Nonsense,-,-,-,Signal peptide,Cys > *,84,-,28,-19,Signal Peptide,Exon 1,p.(Cys28*),113,Cys,*,cysteine,-,-,Severe,-,-,<1,-,,,,,
3579,11763,c.86C>T,2,Point,Missense,-,-,-,-,Thr > Ile,86,-,29,-18,Propeptide,Exon 1,p.Thr29Ile,115,Thr,Ile,threonine,isoleucine,-,Severe,-,-,<1,-,,,,,
3579,15358,c.86C>T,2,Point,Missense,No,-,-,-,Thr > Ile,86,-,29,-18,Propeptide,Exon 1,p.Thr29Ile,115,Thr,Ile,threonine,isoleucine,-,Mild,-,-,16%,-,,,,,
3580,11764,c.87A>G,6,Point,Silent,-,-,-,Donor splice (a)?,Thr29Thr,87,-,29,-18,Propeptide,Exon 1,p.(Thr29Thr),116,Thr29Thr,-,threonine,threonine,-,Severe,-,-,<1,-,,,,,
3580,11765,c.87A>G,6,Point,Silent,-,-,-,Donor splice (a)?,Thr29Thr,87,-,29,-18,Propeptide,Exon 1,p.(Thr29Thr),116,Thr29Thr,-,threonine,threonine,-,Moderate,-,-,1%,-,,,,,
3580,11766,c.87A>G,6,Point,Silent,-,-,-,Donor splice (a)?,Thr29Thr,87,-,29,-18,Propeptide,Exon 1,p.(Thr29Thr),116,Thr29Thr,-,threonine,threonine,-,-,-,-,-,-,,,,,
3580,11767,c.87A>G,6,Point,Silent,-,-,-,Donor splice (a)?,Thr29Thr,87,-,29,-18,Propeptide,Exon 1,p.(Thr29Thr),116,Thr29Thr,-,threonine,threonine,-,Mild,-,-,10%,-,,,,,
3580,11768,c.87A>G,6,Point,Silent,-,-,-,Donor splice (a)?,Thr29Thr,87,-,29,-18,Propeptide,Exon 1,p.(Thr29Thr),116,Thr29Thr,-,threonine,threonine,-,-,-,-,-,4%,,,,,
3580,15219,c.87A>G,6,Point,Silent,No,-,-,Donor splice (a)?,Thr29Thr,87,-,29,-18,Propeptide,Exon 1,p.(Thr29Thr),116,Thr29Thr,-,threonine,threonine,-,Mild,-,-,-,-,,,,,
3581,11769,c.88G>A,10,Point,Missense,-,-,-,Donor splice (a)?,Val > Ile,88,-,30,-17,Propeptide,Exon 1,p.Val30Ile,117,Val,Ile,valine,isoleucine,-,Severe,-,-,<1,2%,,,,,
3581,11770,c.88G>A,10,Point,Missense,-,-,-,Donor splice (a)?,Val > Ile,88,-,30,-17,Propeptide,Exon 1,p.Val30Ile,117,Val,Ile,valine,isoleucine,-,Severe,-,-,<1,-,,,,,
3581,11771,c.88G>A,10,Point,Missense,-,-,-,Donor splice (a)?,Val > Ile,88,-,30,-17,Propeptide,Exon 1,p.Val30Ile,117,Val,Ile,valine,isoleucine,-,-,-,-,-,-,,,,,
3581,11772,c.88G>A,10,Point,Missense,-,-,-,Donor splice (a)?,Val > Ile,88,-,30,-17,Propeptide,Exon 1,p.Val30Ile,117,Val,Ile,valine,isoleucine,-,Severe,-,-,<1,-,,,,,
3581,11773,c.88G>A,10,Point,Missense,-,-,-,Donor splice (a)?,Val > Ile,88,-,30,-17,Propeptide,Exon 1,p.Val30Ile,117,Val,Ile,valine,isoleucine,-,-,-,-,-,-,,,,,
3581,11774,c.88G>A,10,Point,Missense,-,-,-,Donor splice (a)?,Val > Ile,88,-,30,-17,Propeptide,Exon 1,p.Val30Ile,117,Val,Ile,valine,isoleucine,-,-,-,-,-,-,,,,,
3581,11775,c.88G>A,10,Point,Missense,-,-,-,Donor splice (a)?,Val > Ile,88,-,30,-17,Propeptide,Exon 1,p.Val30Ile,117,Val,Ile,valine,isoleucine,-,-,-,-,-,-,,,,,
3581,11776,c.88G>A,10,Point,Missense,-,-,-,Donor splice (a)?,Val > Ile,88,-,30,-17,Propeptide,Exon 1,p.Val30Ile,117,Val,Ile,valine,isoleucine,-,-,-,-,-,-,,,,,
3581,15001,c.88G>A,10,Point,Missense,No,-,-,Donor splice (a)?,Val > Ile,88,-,30,-17,Propeptide,Exon 1,p.Val30Ile,117,Val,Ile,valine,isoleucine,-,Severe,-,-,<1,-,,,,,
3581,15289,c.88G>A,10,Point,Missense,-,-,-,Donor splice (a)?,Val > Ile,88,-,30,-17,Propeptide,Exon 1,p.Val30Ile,117,Val,Ile,valine,isoleucine,-,Severe,-,-,<1,-,,,,,
3582,11777,c.88G>C,1,Point,Missense,-,-,-,Donor splice (a);30 years old at the time of assesment,Val > Leu,88,-,30,-17,Propeptide,Exon 1,p.Val30Leu,117,Val,Leu,valine,leucine,-,Severe,-,-,<1,-,,,,,
3583,11779,c.96delT,1,Deletion,Frameshift,-,-,-,Frameshift in the propeptide region,Asp33Ilefs,96,-,33,-13,Propeptide,Exon 2,p.(Asp33Ilefs*9),6333,Asp33Ilefs,-,aspartic acid,-,-,Severe,-,-,<1,-,Patient tested at Hong Kong,,,,
3584,11780,c.107A>C,1,Point,Missense,-,-,-,-,Asn > Thr,107,-,36,-11,Propeptide,Exon 2,p.Asn36Thr,6344,Asn,Thr,asparagine,threonine,-,-,-,-,-,-,,,,,
3585,11781,c.109G>A,2,Point,Missense,-,0.000011174,-,Increased FIX:C sensitivity towards warfarin therapy,Ala > Thr,109,-,37,-10,Propeptide,Exon 2,p.Ala37Thr,6346,Ala,Thr,alanine,threonine,-,-,-,-,-,-,,,,,
3585,11782,c.109G>A,2,Point,Missense,-,0.000011174,-,Increased FIX:C sensitivity towards warfarin therapy,Ala > Thr,109,-,37,-10,Propeptide,Exon 2,p.Ala37Thr,6346,Ala,Thr,alanine,threonine,-,-,-,-,-,-,,,,,
3586,11783,c.110C>T,2,Point,Missense,-,0.000009947,-,Increased FIX:C sensitivity towards warfarin therapy,Ala > Val,110,-,37,-10,Propeptide,Exon 2,p.Ala37Val,6347,Ala,Val,alanine,valine,-,-,-,-,-,-,,,,,
3586,11785,c.110C>T,2,Point,Missense,-,0.000009947,-,Increased FIX:C sensitivity towards warfarin therapy,Ala > Val,110,-,37,-10,Propeptide,Exon 2,p.Ala37Val,6347,Ala,Val,alanine,valine,-,-,-,-,-,-,,,,,
3587,11784,c.110C>A,1,Point,Missense,-,-,-,-,Ala > Asp,110,-,37,-10,Propeptide,Exon 2,p.Ala37Asp,6347,Ala,Asp,alanine,aspartic acid,-,Severe,-,-,-,-,,,,,
3588,11786,c.112A>C,2,Point,Missense,-,-,-,Type I,Asn > His,112,-,38,-9,Propeptide,Exon 2,p.Asn38His,6349,Asn,His,asparagine,histidine,-,Severe,-,-,<1,<1,,,,,
3588,11787,c.112A>C,2,Point,Missense,-,-,-,Type I,Asn > His,112,-,38,-9,Propeptide,Exon 2,p.Asn38His,6349,Asn,His,asparagine,histidine,-,Severe,-,-,<1,-,,,,,
3589,11788,c.118delA,1,Deletion,Frameshift,-,-,-,Frameshift,Ile40fs,118,-,40,-7,Propeptide,Exon 2,p.(Ile40Phefs*2),6352,Ile40fs,-,isoleucine,-,-,Severe,-,-,<1,-,,,,,
3590,11789,c.120del,1,Deletion,Frameshift,-,-,-,Frameshift,Ile40fs,120,-,40,-7,Propeptide,Exon 2,p.(Ile40Ilefs*2),6356,Ile40fs,-,isoleucine,-,-,Severe,-,-,<1,-,,,,,
3591,11790,c.127C>T,72,Point,Missense,-,-,-,Haplotype differs from 583 & 584,Arg > Trp,127,-,43,-4,Propeptide,Exon 2,p.Arg43Trp,6364,Arg,Trp,arginine,tryptophan,-,Severe,-,-,<1,-,,,,,
3591,11791,c.127C>T,72,Point,Missense,-,-,-,Haplotype differs from 583 & 584,Arg > Trp,127,-,43,-4,Propeptide,Exon 2,p.Arg43Trp,6364,Arg,Trp,arginine,tryptophan,-,Severe,-,-,<1,40%,,,,,
3591,11792,c.127C>T,72,Point,Missense,-,-,-,Haplotype differs from 583 & 584,Arg > Trp,127,-,43,-4,Propeptide,Exon 2,p.Arg43Trp,6364,Arg,Trp,arginine,tryptophan,-,Severe,-,-,<1,26 to 34,,,,,
3591,11793,c.127C>T,72,Point,Missense,-,-,-,Haplotype differs from 583 & 584,Arg > Trp,127,-,43,-4,Propeptide,Exon 2,p.Arg43Trp,6364,Arg,Trp,arginine,tryptophan,-,Moderate,-,-,2 to 3,36%,,,,,
3591,11794,c.127C>T,72,Point,Missense,-,-,-,Haplotype differs from 583 & 584,Arg > Trp,127,-,43,-4,Propeptide,Exon 2,p.Arg43Trp,6364,Arg,Trp,arginine,tryptophan,-,Moderate,-,-,2%,27%,,,,,
3591,11795,c.127C>T,72,Point,Missense,-,-,-,Haplotype differs from 583 & 584,Arg > Trp,127,-,43,-4,Propeptide,Exon 2,p.Arg43Trp,6364,Arg,Trp,arginine,tryptophan,-,Moderate,-,-,1%,30%,,,,,
3591,11796,c.127C>T,72,Point,Missense,-,-,-,Haplotype differs from 583 & 584,Arg > Trp,127,-,43,-4,Propeptide,Exon 2,p.Arg43Trp,6364,Arg,Trp,arginine,tryptophan,-,Moderate,-,-,2%,-,,,,,
3591,11797,c.127C>T,72,Point,Missense,-,-,-,Haplotype differs from 583 & 584,Arg > Trp,127,-,43,-4,Propeptide,Exon 2,p.Arg43Trp,6364,Arg,Trp,arginine,tryptophan,-,Severe,-,-,<1,-,,,,,
3591,11798,c.127C>T,72,Point,Missense,-,-,-,Haplotype differs from 583 & 584,Arg > Trp,127,-,43,-4,Propeptide,Exon 2,p.Arg43Trp,6364,Arg,Trp,arginine,tryptophan,-,Moderate,-,-,4%,-,,,,,
3591,11799,c.127C>T,72,Point,Missense,-,-,-,Haplotype differs from 583 & 584,Arg > Trp,127,-,43,-4,Propeptide,Exon 2,p.Arg43Trp,6364,Arg,Trp,arginine,tryptophan,-,Moderate,-,-,2%,-,,,,,
3591,11800,c.127C>T,72,Point,Missense,No,-,-,Haplotype differs from 583 & 584,Arg > Trp,127,-,43,-4,Propeptide,Exon 2,p.Arg43Trp,6364,Arg,Trp,arginine,tryptophan,-,Severe,-,-,<1,20%,,,,,
3591,11801,c.127C>T,72,Point,Missense,-,-,-,Haplotype differs from 583 & 584,Arg > Trp,127,-,43,-4,Propeptide,Exon 2,p.Arg43Trp,6364,Arg,Trp,arginine,tryptophan,-,Severe,-,-,<1,28%,,,,,
3591,11802,c.127C>T,72,Point,Missense,-,-,-,Haplotype differs from 583 & 584,Arg > Trp,127,-,43,-4,Propeptide,Exon 2,p.Arg43Trp,6364,Arg,Trp,arginine,tryptophan,-,Moderate,-,-,4%,9%,,,,,
3591,11803,c.127C>T,72,Point,Missense,-,-,-,Haplotype differs from 583 & 584,Arg > Trp,127,-,43,-4,Propeptide,Exon 2,p.Arg43Trp,6364,Arg,Trp,arginine,tryptophan,-,Moderate,-,-,1.50%,-,,,,,
3591,11804,c.127C>T,72,Point,Missense,-,-,-,Haplotype differs from 583 & 584,Arg > Trp,127,-,43,-4,Propeptide,Exon 2,p.Arg43Trp,6364,Arg,Trp,arginine,tryptophan,-,Severe,-,-,<1,-,,,,,
3591,11805,c.127C>T,72,Point,Missense,-,-,-,Haplotype differs from 583 & 584,Arg > Trp,127,-,43,-4,Propeptide,Exon 2,p.Arg43Trp,6364,Arg,Trp,arginine,tryptophan,-,-,-,-,-,-,,,,,
3591,11806,c.127C>T,72,Point,Missense,-,-,-,Haplotype differs from 583 & 584,Arg > Trp,127,-,43,-4,Propeptide,Exon 2,p.Arg43Trp,6364,Arg,Trp,arginine,tryptophan,-,-,-,-,-,-,,,,,
3591,11807,c.127C>T,72,Point,Missense,-,-,-,Haplotype differs from 583 & 584,Arg > Trp,127,-,43,-4,Propeptide,Exon 2,p.Arg43Trp,6364,Arg,Trp,arginine,tryptophan,-,Severe,-,-,<1,-,,,,,
3591,11808,c.127C>T,72,Point,Missense,-,-,-,Haplotype differs from 583 & 584,Arg > Trp,127,-,43,-4,Propeptide,Exon 2,p.Arg43Trp,6364,Arg,Trp,arginine,tryptophan,-,Moderate,-,-,1%,-,,,,,
3591,11809,c.127C>T,72,Point,Missense,-,-,-,Haplotype differs from 583 & 584,Arg > Trp,127,-,43,-4,Propeptide,Exon 2,p.Arg43Trp,6364,Arg,Trp,arginine,tryptophan,-,Severe,-,-,<1,-,,,,,
3591,11810,c.127C>T,72,Point,Missense,-,-,-,Haplotype differs from 583 & 584,Arg > Trp,127,-,43,-4,Propeptide,Exon 2,p.Arg43Trp,6364,Arg,Trp,arginine,tryptophan,-,Moderate,-,-,3%,20%,,,,,
3591,11811,c.127C>T,72,Point,Missense,-,-,-,Haplotype differs from 583 & 584,Arg > Trp,127,-,43,-4,Propeptide,Exon 2,p.Arg43Trp,6364,Arg,Trp,arginine,tryptophan,-,-,-,-,-,-,,,,,
3591,11812,c.127C>T,72,Point,Missense,-,-,-,Haplotype differs from 583 & 584,Arg > Trp,127,-,43,-4,Propeptide,Exon 2,p.Arg43Trp,6364,Arg,Trp,arginine,tryptophan,-,-,-,-,-,-,,,,,
3591,11813,c.127C>T,72,Point,Missense,-,-,-,Haplotype differs from 583 & 584,Arg > Trp,127,-,43,-4,Propeptide,Exon 2,p.Arg43Trp,6364,Arg,Trp,arginine,tryptophan,-,-,-,-,-,-,,,,,
3591,11814,c.127C>T,72,Point,Missense,-,-,-,Haplotype differs from 583 & 584,Arg > Trp,127,-,43,-4,Propeptide,Exon 2,p.Arg43Trp,6364,Arg,Trp,arginine,tryptophan,-,Severe,-,-,<1,-,,,,,
3591,11815,c.127C>T,72,Point,Missense,-,-,-,Haplotype differs from 583 & 584,Arg > Trp,127,-,43,-4,Propeptide,Exon 2,p.Arg43Trp,6364,Arg,Trp,arginine,tryptophan,-,-,-,-,-,-,,,,,
3591,11816,c.127C>T,72,Point,Missense,-,-,-,Haplotype differs from 583 & 584,Arg > Trp,127,-,43,-4,Propeptide,Exon 2,p.Arg43Trp,6364,Arg,Trp,arginine,tryptophan,-,Moderate,-,-,2%,-,,,,,
3591,11817,c.127C>T,72,Point,Missense,-,-,-,Haplotype differs from 583 & 584,Arg > Trp,127,-,43,-4,Propeptide,Exon 2,p.Arg43Trp,6364,Arg,Trp,arginine,tryptophan,-,Moderate,-,-,1%,37%,,,,,
3591,11818,c.127C>T,72,Point,Missense,-,-,-,Haplotype differs from 583 & 584,Arg > Trp,127,-,43,-4,Propeptide,Exon 2,p.Arg43Trp,6364,Arg,Trp,arginine,tryptophan,-,-,-,-,-,-,,,,,
3591,11819,c.127C>T,72,Point,Missense,-,-,-,Haplotype differs from 583 & 584,Arg > Trp,127,-,43,-4,Propeptide,Exon 2,p.Arg43Trp,6364,Arg,Trp,arginine,tryptophan,-,Moderate,-,-,1%,-,,,,,
3591,11820,c.127C>T,72,Point,Missense,-,-,-,Haplotype differs from 583 & 584,Arg > Trp,127,-,43,-4,Propeptide,Exon 2,p.Arg43Trp,6364,Arg,Trp,arginine,tryptophan,-,Moderate,-,-,1.50%,-,,,,,
3591,11821,c.127C>T,72,Point,Missense,-,-,-,Haplotype differs from 583 & 584,Arg > Trp,127,-,43,-4,Propeptide,Exon 2,p.Arg43Trp,6364,Arg,Trp,arginine,tryptophan,-,-,-,-,-,-,,,,,
3591,11822,c.127C>T,72,Point,Missense,-,-,-,Haplotype differs from 583 & 584,Arg > Trp,127,-,43,-4,Propeptide,Exon 2,p.Arg43Trp,6364,Arg,Trp,arginine,tryptophan,-,Severe,-,-,<1,37%,,,,,
3591,11823,c.127C>T,72,Point,Missense,-,-,-,Haplotype differs from 583 & 584,Arg > Trp,127,-,43,-4,Propeptide,Exon 2,p.Arg43Trp,6364,Arg,Trp,arginine,tryptophan,-,Severe,-,-,<1,-,,,,,
3591,11824,c.127C>T,72,Point,Missense,-,-,-,Haplotype differs from 583 & 584,Arg > Trp,127,-,43,-4,Propeptide,Exon 2,p.Arg43Trp,6364,Arg,Trp,arginine,tryptophan,-,-,-,-,-,-,,,,,
3591,11825,c.127C>T,72,Point,Missense,-,-,-,Haplotype differs from 583 & 584,Arg > Trp,127,-,43,-4,Propeptide,Exon 2,p.Arg43Trp,6364,Arg,Trp,arginine,tryptophan,-,Severe,-,-,<1,-,,,,,
3591,11826,c.127C>T,72,Point,Missense,-,-,-,Haplotype differs from 583 & 584,Arg > Trp,127,-,43,-4,Propeptide,Exon 2,p.Arg43Trp,6364,Arg,Trp,arginine,tryptophan,-,Moderate,-,-,1%,52%,,,,,
3591,11827,c.127C>T,72,Point,Missense,-,-,-,Haplotype differs from 583 & 584,Arg > Trp,127,-,43,-4,Propeptide,Exon 2,p.Arg43Trp,6364,Arg,Trp,arginine,tryptophan,-,Moderate,-,-,1%,28%,,,,,
3591,11828,c.127C>T,72,Point,Missense,-,-,-,Haplotype differs from 583 & 584,Arg > Trp,127,-,43,-4,Propeptide,Exon 2,p.Arg43Trp,6364,Arg,Trp,arginine,tryptophan,-,Severe,-,-,<1,38%,,,,,
3591,11829,c.127C>T,72,Point,Missense,-,-,-,Haplotype differs from 583 & 584,Arg > Trp,127,-,43,-4,Propeptide,Exon 2,p.Arg43Trp,6364,Arg,Trp,arginine,tryptophan,-,Severe,-,-,<1,-,,,,,
3591,11830,c.127C>T,72,Point,Missense,-,-,-,Haplotype differs from 583 & 584,Arg > Trp,127,-,43,-4,Propeptide,Exon 2,p.Arg43Trp,6364,Arg,Trp,arginine,tryptophan,-,Mild,-,-,6%,-,,,,,
3591,11831,c.127C>T,72,Point,Missense,No,-,-,Haplotype differs from 583 & 584,Arg > Trp,127,-,43,-4,Propeptide,Exon 2,p.Arg43Trp,6364,Arg,Trp,arginine,tryptophan,-,Moderate,-,-,3%,41%,,,,,
3591,11832,c.127C>T,72,Point,Missense,-,-,-,Haplotype differs from 583 & 584,Arg > Trp,127,-,43,-4,Propeptide,Exon 2,p.Arg43Trp,6364,Arg,Trp,arginine,tryptophan,-,-,-,-,-,-,,,,,
3591,11833,c.127C>T,72,Point,Missense,-,-,-,Haplotype differs from 583 & 584,Arg > Trp,127,-,43,-4,Propeptide,Exon 2,p.Arg43Trp,6364,Arg,Trp,arginine,tryptophan,-,-,-,-,-,-,,,,,
3591,11834,c.127C>T,72,Point,Missense,-,-,-,Haplotype differs from 583 & 584,Arg > Trp,127,-,43,-4,Propeptide,Exon 2,p.Arg43Trp,6364,Arg,Trp,arginine,tryptophan,-,-,-,-,-,-,,,,,
3591,11835,c.127C>T,72,Point,Missense,-,-,-,Haplotype differs from 583 & 584,Arg > Trp,127,-,43,-4,Propeptide,Exon 2,p.Arg43Trp,6364,Arg,Trp,arginine,tryptophan,-,Severe,-,-,<1,-,,,,,
3591,11836,c.127C>T,72,Point,Missense,-,-,-,Haplotype differs from 583 & 584,Arg > Trp,127,-,43,-4,Propeptide,Exon 2,p.Arg43Trp,6364,Arg,Trp,arginine,tryptophan,-,-,-,-,-,-,,,,,
3591,11837,c.127C>T,72,Point,Missense,-,-,-,Haplotype differs from 583 & 584,Arg > Trp,127,-,43,-4,Propeptide,Exon 2,p.Arg43Trp,6364,Arg,Trp,arginine,tryptophan,-,Severe,-,-,<1,-,,,,,
3591,11838,c.127C>T,72,Point,Missense,-,-,-,Haplotype differs from 583 & 584,Arg > Trp,127,-,43,-4,Propeptide,Exon 2,p.Arg43Trp,6364,Arg,Trp,arginine,tryptophan,-,-,-,-,-,-,,,,,
3591,11839,c.127C>T,72,Point,Missense,-,-,-,Haplotype differs from 583 & 584,Arg > Trp,127,-,43,-4,Propeptide,Exon 2,p.Arg43Trp,6364,Arg,Trp,arginine,tryptophan,-,Severe,-,-,<1,-,,,,,
3591,11840,c.127C>T,72,Point,Missense,-,-,-,Haplotype differs from 583 & 584,Arg > Trp,127,-,43,-4,Propeptide,Exon 2,p.Arg43Trp,6364,Arg,Trp,arginine,tryptophan,-,-,-,-,-,-,,,,,
3591,11841,c.127C>T,72,Point,Missense,-,-,-,Haplotype differs from 583 & 584,Arg > Trp,127,-,43,-4,Propeptide,Exon 2,p.Arg43Trp,6364,Arg,Trp,arginine,tryptophan,-,-,-,-,-,-,,,,,
3591,11842,c.127C>T,72,Point,Missense,-,-,-,Haplotype differs from 583 & 584,Arg > Trp,127,-,43,-4,Propeptide,Exon 2,p.Arg43Trp,6364,Arg,Trp,arginine,tryptophan,-,-,-,-,-,-,,,,,
3591,11843,c.127C>T,72,Point,Missense,-,-,-,Haplotype differs from 583 & 584,Arg > Trp,127,-,43,-4,Propeptide,Exon 2,p.Arg43Trp,6364,Arg,Trp,arginine,tryptophan,-,Moderate,-,-,2%,-,,,,,
3591,11844,c.127C>T,72,Point,Missense,-,-,-,Haplotype differs from 583 & 584,Arg > Trp,127,-,43,-4,Propeptide,Exon 2,p.Arg43Trp,6364,Arg,Trp,arginine,tryptophan,-,Severe,-,-,<1,-,,,,,
3591,11845,c.127C>T,72,Point,Missense,-,-,-,Haplotype differs from 583 & 584,Arg > Trp,127,-,43,-4,Propeptide,Exon 2,p.Arg43Trp,6364,Arg,Trp,arginine,tryptophan,-,Moderate,-,-,1.30%,-,,,,,
3591,11846,c.127C>T,72,Point,Missense,-,-,-,Haplotype differs from 583 & 584,Arg > Trp,127,-,43,-4,Propeptide,Exon 2,p.Arg43Trp,6364,Arg,Trp,arginine,tryptophan,-,Moderate,-,-,3.20%,-,,,,,
3591,11848,c.127C>T,72,Point,Missense,-,-,-,Haplotype differs from 583 & 584,Arg > Trp,127,-,43,-4,Propeptide,Exon 2,p.Arg43Trp,6364,Arg,Trp,arginine,tryptophan,-,Moderate,-,-,4%,36%,,,,,
3591,15002,c.127C>T,72,Point,Missense,No,-,-,Haplotype differs from 583 & 584,Arg > Trp,127,-,43,-4,Propeptide,Exon 2,p.Arg43Trp,6364,Arg,Trp,arginine,tryptophan,-,Severe,-,-,<1,-,,,,,
3591,15071,c.127C>T,72,Point,Missense,No,-,-,Haplotype differs from 583 & 584,Arg > Trp,127,-,43,-4,Propeptide,Exon 2,p.Arg43Trp,6364,Arg,Trp,arginine,tryptophan,-,Severe,-,-,-,-,,,,,
3591,15072,c.127C>T,72,Point,Missense,No,-,-,Haplotype differs from 583 & 584,Arg > Trp,127,-,43,-4,Propeptide,Exon 2,p.Arg43Trp,6364,Arg,Trp,arginine,tryptophan,-,Severe,-,-,-,-,,,,,
3591,15073,c.127C>T,72,Point,Missense,No,-,-,Haplotype differs from 583 & 584,Arg > Trp,127,-,43,-4,Propeptide,Exon 2,p.Arg43Trp,6364,Arg,Trp,arginine,tryptophan,-,Moderate,-,-,-,-,,,,,
3591,15074,c.127C>T,72,Point,Missense,No,-,-,Haplotype differs from 583 & 584,Arg > Trp,127,-,43,-4,Propeptide,Exon 2,p.Arg43Trp,6364,Arg,Trp,arginine,tryptophan,-,Moderate,-,-,-,-,,,,,
3591,15172,c.127C>T,72,Point,Missense,No,-,-,Haplotype differs from 583 & 584,Arg > Trp,127,-,43,-4,Propeptide,Exon 2,p.Arg43Trp,6364,Arg,Trp,arginine,tryptophan,-,Severe,-,-,-,-,,,,,
3591,15267,c.127C>T,72,Point,Missense,-,-,-,Haplotype differs from 583 & 584,Arg > Trp,127,-,43,-4,Propeptide,Exon 2,p.Arg43Trp,6364,Arg,Trp,arginine,tryptophan,-,Moderate,-,-,4%,-,,,,,
3591,15268,c.127C>T,72,Point,Missense,-,-,-,Haplotype differs from 583 & 584,Arg > Trp,127,-,43,-4,Propeptide,Exon 2,p.Arg43Trp,6364,Arg,Trp,arginine,tryptophan,-,Moderate,-,-,2%,-,,,,,
3591,15269,c.127C>T,72,Point,Missense,-,-,-,Haplotype differs from 583 & 584,Arg > Trp,127,-,43,-4,Propeptide,Exon 2,p.Arg43Trp,6364,Arg,Trp,arginine,tryptophan,-,Severe,-,-,<1,-,,,,,
3591,15359,c.127C>T,72,Point,Missense,No,-,-,Haplotype differs from 583 & 584,Arg > Trp,127,-,43,-4,Propeptide,Exon 2,p.Arg43Trp,6364,Arg,Trp,arginine,tryptophan,-,Moderate,-,-,2%,-,,,,,
3591,15360,c.127C>T,72,Point,Missense,-,-,-,Haplotype differs from 583 & 584,Arg > Trp,127,-,43,-4,Propeptide,Exon 2,p.Arg43Trp,6364,Arg,Trp,arginine,tryptophan,-,Severe,-,-,<1,-,,,,,
3591,15361,c.127C>T,72,Point,Missense,No,-,-,Haplotype differs from 583 & 584,Arg > Trp,127,-,43,-4,Propeptide,Exon 2,p.Arg43Trp,6364,Arg,Trp,arginine,tryptophan,-,Moderate,-,-,2%,-,,,,,
3591,15362,c.127C>T,72,Point,Missense,No,-,-,Haplotype differs from 583 & 584,Arg > Trp,127,-,43,-4,Propeptide,Exon 2,p.Arg43Trp,6364,Arg,Trp,arginine,tryptophan,-,Moderate,-,-,1%,-,,,,,
3591,15363,c.127C>T,72,Point,Missense,No,-,-,Haplotype differs from 583 & 584,Arg > Trp,127,-,43,-4,Propeptide,Exon 2,p.Arg43Trp,6364,Arg,Trp,arginine,tryptophan,-,Severe,-,-,<1,-,,,,,
3592,11847,c.127delC,1,Deletion,Frameshift,-,-,-,Frameshift,Arg > fs,127,-,43,-4,Propeptide,Exon 2,p.(Arg43Glyfs*61),6364,Arg,fs,arginine,-,-,Severe,-,-,<1,-,,,,,
3593,11849,c.128G>A,98,Point,Missense,-,-,-,-,Arg > Gln,128,-,43,-4,Propeptide,Exon 2,p.Arg43Gln,6365,Arg,Gln,arginine,glutamine,-,Severe,-,-,<1,-,,,,,
3593,11850,c.128G>A,98,Point,Missense,-,-,-,-,Arg > Gln,128,-,43,-4,Propeptide,Exon 2,p.Arg43Gln,6365,Arg,Gln,arginine,glutamine,-,Severe,-,-,<1,98%,,,,,
3593,11851,c.128G>A,98,Point,Missense,-,-,-,-,Arg > Gln,128,-,43,-4,Propeptide,Exon 2,p.Arg43Gln,6365,Arg,Gln,arginine,glutamine,-,Severe,-,-,<1,-,,,,,
3593,11852,c.128G>A,98,Point,Missense,-,-,-,-,Arg > Gln,128,-,43,-4,Propeptide,Exon 2,p.Arg43Gln,6365,Arg,Gln,arginine,glutamine,-,Moderate,-,-,4%,93%,Patient tested at Hong Kong,,,,
3593,11853,c.128G>A,98,Point,Missense,-,-,-,-,Arg > Gln,128,-,43,-4,Propeptide,Exon 2,p.Arg43Gln,6365,Arg,Gln,arginine,glutamine,-,Moderate,-,-,1%,82%,Patient tested at Hong Kong,,,,
3593,11854,c.128G>A,98,Point,Missense,-,-,-,-,Arg > Gln,128,-,43,-4,Propeptide,Exon 2,p.Arg43Gln,6365,Arg,Gln,arginine,glutamine,-,Severe,-,-,<1,46%,,,,,
3593,11855,c.128G>A,98,Point,Missense,-,-,-,-,Arg > Gln,128,-,43,-4,Propeptide,Exon 2,p.Arg43Gln,6365,Arg,Gln,arginine,glutamine,-,Severe,-,-,<1,-,,,,,
3593,11856,c.128G>A,98,Point,Missense,-,-,-,-,Arg > Gln,128,-,43,-4,Propeptide,Exon 2,p.Arg43Gln,6365,Arg,Gln,arginine,glutamine,-,Severe,-,-,<1,40%,,,,,
3593,11857,c.128G>A,98,Point,Missense,-,-,-,-,Arg > Gln,128,-,43,-4,Propeptide,Exon 2,p.Arg43Gln,6365,Arg,Gln,arginine,glutamine,-,Moderate,-,-,4%,80%,,,,,
3593,11858,c.128G>A,98,Point,Missense,-,-,-,-,Arg > Gln,128,-,43,-4,Propeptide,Exon 2,p.Arg43Gln,6365,Arg,Gln,arginine,glutamine,-,Moderate,-,-,1%,48%,,,,,
3593,11859,c.128G>A,98,Point,Missense,No,-,-,-,Arg > Gln,128,-,43,-4,Propeptide,Exon 2,p.Arg43Gln,6365,Arg,Gln,arginine,glutamine,-,Severe,-,-,<1,15 to 53,,,,,
3593,11860,c.128G>A,98,Point,Missense,-,-,-,-,Arg > Gln,128,-,43,-4,Propeptide,Exon 2,p.Arg43Gln,6365,Arg,Gln,arginine,glutamine,-,Moderate,-,-,1%,45%,,,,,
3593,11861,c.128G>A,98,Point,Missense,-,-,-,-,Arg > Gln,128,-,43,-4,Propeptide,Exon 2,p.Arg43Gln,6365,Arg,Gln,arginine,glutamine,-,-,-,-,-,-,,,,,
3593,11862,c.128G>A,98,Point,Missense,-,-,-,-,Arg > Gln,128,-,43,-4,Propeptide,Exon 2,p.Arg43Gln,6365,Arg,Gln,arginine,glutamine,-,Severe,-,-,<1,38%,,,,,
3593,11863,c.128G>A,98,Point,Missense,-,-,-,-,Arg > Gln,128,-,43,-4,Propeptide,Exon 2,p.Arg43Gln,6365,Arg,Gln,arginine,glutamine,-,Moderate,-,-,2%,-,,,,,
3593,11864,c.128G>A,98,Point,Missense,-,-,-,-,Arg > Gln,128,-,43,-4,Propeptide,Exon 2,p.Arg43Gln,6365,Arg,Gln,arginine,glutamine,-,Moderate,-,-,2%,40%,,,,,
3593,11865,c.128G>A,98,Point,Missense,-,-,-,-,Arg > Gln,128,-,43,-4,Propeptide,Exon 2,p.Arg43Gln,6365,Arg,Gln,arginine,glutamine,-,-,-,-,-,-,,,,,
3593,11866,c.128G>A,98,Point,Missense,-,-,-,-,Arg > Gln,128,-,43,-4,Propeptide,Exon 2,p.Arg43Gln,6365,Arg,Gln,arginine,glutamine,-,Severe,-,-,<1,-,,,,,
3593,11867,c.128G>A,98,Point,Missense,-,-,-,-,Arg > Gln,128,-,43,-4,Propeptide,Exon 2,p.Arg43Gln,6365,Arg,Gln,arginine,glutamine,-,Severe,-,-,<1,65%,,,,,
3593,11868,c.128G>A,98,Point,Missense,-,-,-,-,Arg > Gln,128,-,43,-4,Propeptide,Exon 2,p.Arg43Gln,6365,Arg,Gln,arginine,glutamine,-,Severe,-,-,<1,41%,,,,,
3593,11869,c.128G>A,98,Point,Missense,-,-,-,-,Arg > Gln,128,-,43,-4,Propeptide,Exon 2,p.Arg43Gln,6365,Arg,Gln,arginine,glutamine,-,Severe,-,-,<1,37%,,,,,
3593,11870,c.128G>A,98,Point,Missense,-,-,-,-,Arg > Gln,128,-,43,-4,Propeptide,Exon 2,p.Arg43Gln,6365,Arg,Gln,arginine,glutamine,-,Severe,-,-,<1,49%,,,,,
3593,11871,c.128G>A,98,Point,Missense,-,-,-,-,Arg > Gln,128,-,43,-4,Propeptide,Exon 2,p.Arg43Gln,6365,Arg,Gln,arginine,glutamine,-,Moderate,-,-,2%,15%,,,,,
3593,11872,c.128G>A,98,Point,Missense,-,-,-,-,Arg > Gln,128,-,43,-4,Propeptide,Exon 2,p.Arg43Gln,6365,Arg,Gln,arginine,glutamine,-,Severe,-,-,<1,55%,,,,,
3593,11873,c.128G>A,98,Point,Missense,-,-,-,-,Arg > Gln,128,-,43,-4,Propeptide,Exon 2,p.Arg43Gln,6365,Arg,Gln,arginine,glutamine,-,-,-,-,-,-,,,,,
3593,11874,c.128G>A,98,Point,Missense,-,-,-,-,Arg > Gln,128,-,43,-4,Propeptide,Exon 2,p.Arg43Gln,6365,Arg,Gln,arginine,glutamine,-,Severe,-,-,<1,-,,,,,
3593,11875,c.128G>A,98,Point,Missense,-,-,-,-,Arg > Gln,128,-,43,-4,Propeptide,Exon 2,p.Arg43Gln,6365,Arg,Gln,arginine,glutamine,-,-,-,-,-,-,,,,,
3593,11876,c.128G>A,98,Point,Missense,-,-,-,-,Arg > Gln,128,-,43,-4,Propeptide,Exon 2,p.Arg43Gln,6365,Arg,Gln,arginine,glutamine,-,Moderate,-,-,2%,-,,,,,
3593,11877,c.128G>A,98,Point,Missense,-,-,-,-,Arg > Gln,128,-,43,-4,Propeptide,Exon 2,p.Arg43Gln,6365,Arg,Gln,arginine,glutamine,-,Severe,-,-,<1,-,,,,,
3593,11878,c.128G>A,98,Point,Missense,-,-,-,-,Arg > Gln,128,-,43,-4,Propeptide,Exon 2,p.Arg43Gln,6365,Arg,Gln,arginine,glutamine,-,Severe,-,-,<1,-,,,,,
3593,11879,c.128G>A,98,Point,Missense,-,-,-,-,Arg > Gln,128,-,43,-4,Propeptide,Exon 2,p.Arg43Gln,6365,Arg,Gln,arginine,glutamine,-,Mild,-,-,18%,-,,,,,
3593,11880,c.128G>A,98,Point,Missense,-,-,-,-,Arg > Gln,128,-,43,-4,Propeptide,Exon 2,p.Arg43Gln,6365,Arg,Gln,arginine,glutamine,-,Moderate,-,-,3%,38%,,,,,
3593,11881,c.128G>A,98,Point,Missense,-,-,-,-,Arg > Gln,128,-,43,-4,Propeptide,Exon 2,p.Arg43Gln,6365,Arg,Gln,arginine,glutamine,-,Moderate,-,-,1%,26%,,,,,
3593,11882,c.128G>A,98,Point,Missense,-,-,-,-,Arg > Gln,128,-,43,-4,Propeptide,Exon 2,p.Arg43Gln,6365,Arg,Gln,arginine,glutamine,-,Severe,-,-,-,-,,,,,
3593,11883,c.128G>A,98,Point,Missense,-,-,-,-,Arg > Gln,128,-,43,-4,Propeptide,Exon 2,p.Arg43Gln,6365,Arg,Gln,arginine,glutamine,-,Moderate,-,-,2.60%,49%,,,,,
3593,11884,c.128G>A,98,Point,Missense,-,-,-,-,Arg > Gln,128,-,43,-4,Propeptide,Exon 2,p.Arg43Gln,6365,Arg,Gln,arginine,glutamine,-,Severe,-,-,<1,-,,,,,
3593,11885,c.128G>A,98,Point,Missense,-,-,-,-,Arg > Gln,128,-,43,-4,Propeptide,Exon 2,p.Arg43Gln,6365,Arg,Gln,arginine,glutamine,-,-,-,-,-,-,,,,,
3593,11886,c.128G>A,98,Point,Missense,-,-,-,-,Arg > Gln,128,-,43,-4,Propeptide,Exon 2,p.Arg43Gln,6365,Arg,Gln,arginine,glutamine,-,Moderate,-,-,2%,-,,,,,
3593,11887,c.128G>A,98,Point,Missense,-,-,-,-,Arg > Gln,128,-,43,-4,Propeptide,Exon 2,p.Arg43Gln,6365,Arg,Gln,arginine,glutamine,-,Severe,-,-,<1,55%,,,,,
3593,11888,c.128G>A,98,Point,Missense,-,-,-,-,Arg > Gln,128,-,43,-4,Propeptide,Exon 2,p.Arg43Gln,6365,Arg,Gln,arginine,glutamine,-,Moderate,-,-,3%,-,,,,,
3593,11889,c.128G>A,98,Point,Missense,-,-,-,-,Arg > Gln,128,-,43,-4,Propeptide,Exon 2,p.Arg43Gln,6365,Arg,Gln,arginine,glutamine,-,Moderate,-,-,4%,-,,,,,
3593,11890,c.128G>A,98,Point,Missense,-,-,-,-,Arg > Gln,128,-,43,-4,Propeptide,Exon 2,p.Arg43Gln,6365,Arg,Gln,arginine,glutamine,-,Severe,-,-,<1,-,,,,,
3593,11891,c.128G>A,98,Point,Missense,-,-,-,-,Arg > Gln,128,-,43,-4,Propeptide,Exon 2,p.Arg43Gln,6365,Arg,Gln,arginine,glutamine,-,Severe,-,-,<1,40 to 57,,,,,
3593,11892,c.128G>A,98,Point,Missense,-,-,-,-,Arg > Gln,128,-,43,-4,Propeptide,Exon 2,p.Arg43Gln,6365,Arg,Gln,arginine,glutamine,-,Severe,-,-,<1,52%,,,,,
3593,11893,c.128G>A,98,Point,Missense,-,-,-,-,Arg > Gln,128,-,43,-4,Propeptide,Exon 2,p.Arg43Gln,6365,Arg,Gln,arginine,glutamine,-,Severe,-,-,<1,48%,,,,,
3593,11894,c.128G>A,98,Point,Missense,-,-,-,-,Arg > Gln,128,-,43,-4,Propeptide,Exon 2,p.Arg43Gln,6365,Arg,Gln,arginine,glutamine,-,Moderate,-,-,1%,-,,,,,
3593,11895,c.128G>A,98,Point,Missense,-,-,-,-,Arg > Gln,128,-,43,-4,Propeptide,Exon 2,p.Arg43Gln,6365,Arg,Gln,arginine,glutamine,-,Severe,-,-,<1,-,,,,,
3593,11896,c.128G>A,98,Point,Missense,-,-,-,-,Arg > Gln,128,-,43,-4,Propeptide,Exon 2,p.Arg43Gln,6365,Arg,Gln,arginine,glutamine,-,Severe,-,-,<1,-,,,,,
3593,11897,c.128G>A,98,Point,Missense,-,-,-,-,Arg > Gln,128,-,43,-4,Propeptide,Exon 2,p.Arg43Gln,6365,Arg,Gln,arginine,glutamine,-,Severe,-,-,<1,37%,,,,,
3593,11898,c.128G>A,98,Point,Missense,-,-,-,-,Arg > Gln,128,-,43,-4,Propeptide,Exon 2,p.Arg43Gln,6365,Arg,Gln,arginine,glutamine,-,Severe,-,-,<1,-,,,,,
3593,11899,c.128G>A,98,Point,Missense,-,-,-,-,Arg > Gln,128,-,43,-4,Propeptide,Exon 2,p.Arg43Gln,6365,Arg,Gln,arginine,glutamine,-,Severe,-,-,<1,52%,,,,,
3593,11900,c.128G>A,98,Point,Missense,-,-,-,-,Arg > Gln,128,-,43,-4,Propeptide,Exon 2,p.Arg43Gln,6365,Arg,Gln,arginine,glutamine,-,Moderate,-,-,3%,-,,,,,
3593,11901,c.128G>A,98,Point,Missense,-,-,-,-,Arg > Gln,128,-,43,-4,Propeptide,Exon 2,p.Arg43Gln,6365,Arg,Gln,arginine,glutamine,-,Severe,-,-,<1,-,,,,,
3593,11902,c.128G>A,98,Point,Missense,No,-,-,-,Arg > Gln,128,-,43,-4,Propeptide,Exon 2,p.Arg43Gln,6365,Arg,Gln,arginine,glutamine,-,Severe,-,-,<1,44%,,,,,
3593,11903,c.128G>A,98,Point,Missense,-,-,-,-,Arg > Gln,128,-,43,-4,Propeptide,Exon 2,p.Arg43Gln,6365,Arg,Gln,arginine,glutamine,-,Severe,-,-,<1,-,,,,,
3593,11904,c.128G>A,98,Point,Missense,-,-,-,-,Arg > Gln,128,-,43,-4,Propeptide,Exon 2,p.Arg43Gln,6365,Arg,Gln,arginine,glutamine,-,-,-,-,-,-,,,,,
3593,11905,c.128G>A,98,Point,Missense,-,-,-,-,Arg > Gln,128,-,43,-4,Propeptide,Exon 2,p.Arg43Gln,6365,Arg,Gln,arginine,glutamine,-,-,-,-,-,-,,,,,
3593,11906,c.128G>A,98,Point,Missense,-,-,-,-,Arg > Gln,128,-,43,-4,Propeptide,Exon 2,p.Arg43Gln,6365,Arg,Gln,arginine,glutamine,-,-,-,-,-,-,,,,,
3593,11907,c.128G>A,98,Point,Missense,-,-,-,-,Arg > Gln,128,-,43,-4,Propeptide,Exon 2,p.Arg43Gln,6365,Arg,Gln,arginine,glutamine,-,-,-,-,-,-,,,,,
3593,11908,c.128G>A,98,Point,Missense,-,-,-,-,Arg > Gln,128,-,43,-4,Propeptide,Exon 2,p.Arg43Gln,6365,Arg,Gln,arginine,glutamine,-,Moderate,-,-,2%,-,,,,,
3593,11909,c.128G>A,98,Point,Missense,-,-,-,-,Arg > Gln,128,-,43,-4,Propeptide,Exon 2,p.Arg43Gln,6365,Arg,Gln,arginine,glutamine,-,-,-,-,-,-,,,,,
3593,11910,c.128G>A,98,Point,Missense,-,-,-,-,Arg > Gln,128,-,43,-4,Propeptide,Exon 2,p.Arg43Gln,6365,Arg,Gln,arginine,glutamine,-,Moderate,-,-,1%,-,,,,,
3593,11911,c.128G>A,98,Point,Missense,-,-,-,-,Arg > Gln,128,-,43,-4,Propeptide,Exon 2,p.Arg43Gln,6365,Arg,Gln,arginine,glutamine,-,Severe,-,-,<1,12%,,,,,
3593,11912,c.128G>A,98,Point,Missense,-,-,-,-,Arg > Gln,128,-,43,-4,Propeptide,Exon 2,p.Arg43Gln,6365,Arg,Gln,arginine,glutamine,-,Severe,-,-,<1,-,,,,,
3593,11913,c.128G>A,98,Point,Missense,-,-,-,-,Arg > Gln,128,-,43,-4,Propeptide,Exon 2,p.Arg43Gln,6365,Arg,Gln,arginine,glutamine,-,-,-,-,-,-,,,,,
3593,11914,c.128G>A,98,Point,Missense,-,-,-,-,Arg > Gln,128,-,43,-4,Propeptide,Exon 2,p.Arg43Gln,6365,Arg,Gln,arginine,glutamine,-,Severe,-,-,<1,-,,,,,
3593,11915,c.128G>A,98,Point,Missense,-,-,-,-,Arg > Gln,128,-,43,-4,Propeptide,Exon 2,p.Arg43Gln,6365,Arg,Gln,arginine,glutamine,-,Severe,-,-,<1,-,,,,,
3593,11916,c.128G>A,98,Point,Missense,-,-,-,-,Arg > Gln,128,-,43,-4,Propeptide,Exon 2,p.Arg43Gln,6365,Arg,Gln,arginine,glutamine,-,Moderate,-,-,1.80%,-,,,,,
3593,11917,c.128G>A,98,Point,Missense,-,-,-,-,Arg > Gln,128,-,43,-4,Propeptide,Exon 2,p.Arg43Gln,6365,Arg,Gln,arginine,glutamine,-,Moderate,-,-,2%,-,,,,,
3593,11918,c.128G>A,98,Point,Missense,-,-,-,-,Arg > Gln,128,-,43,-4,Propeptide,Exon 2,p.Arg43Gln,6365,Arg,Gln,arginine,glutamine,-,Severe,-,-,<1,-,,,,,
3593,11919,c.128G>A,98,Point,Missense,-,-,-,-,Arg > Gln,128,-,43,-4,Propeptide,Exon 2,p.Arg43Gln,6365,Arg,Gln,arginine,glutamine,-,Severe,-,-,<1,-,,,,,
3593,11920,c.128G>A,98,Point,Missense,-,-,-,-,Arg > Gln,128,-,43,-4,Propeptide,Exon 2,p.Arg43Gln,6365,Arg,Gln,arginine,glutamine,-,Severe,-,-,<1,89%,,,,,
3593,11932,c.128G>A,98,Point,Missense,-,-,-,-,Arg > Gln,128,-,43,-4,Propeptide,Exon 2,p.Arg43Gln,6365,Arg,Gln,arginine,glutamine,-,Severe,-,-,<1,-,,,,,
3593,14965,c.128G>A,98,Point,Missense,No,-,-,-,Arg > Gln,128,-,43,-4,Propeptide,Exon 2,p.Arg43Gln,6365,Arg,Gln,arginine,glutamine,-,Severe,-,-,<1,-,,,,,
3593,15003,c.128G>A,98,Point,Missense,No,-,-,-,Arg > Gln,128,-,43,-4,Propeptide,Exon 2,p.Arg43Gln,6365,Arg,Gln,arginine,glutamine,-,Severe,-,-,<1,-,,,,,
3593,15075,c.128G>A,98,Point,Missense,No,-,-,-,Arg > Gln,128,-,43,-4,Propeptide,Exon 2,p.Arg43Gln,6365,Arg,Gln,arginine,glutamine,-,Severe,-,-,-,-,,,,,
3593,15076,c.128G>A,98,Point,Missense,No,-,-,-,Arg > Gln,128,-,43,-4,Propeptide,Exon 2,p.Arg43Gln,6365,Arg,Gln,arginine,glutamine,-,Severe,-,-,-,-,,,,,
3593,15077,c.128G>A,98,Point,Missense,No,-,-,-,Arg > Gln,128,-,43,-4,Propeptide,Exon 2,p.Arg43Gln,6365,Arg,Gln,arginine,glutamine,-,Moderate,-,-,-,-,,,,,
3593,15078,c.128G>A,98,Point,Missense,No,-,-,-,Arg > Gln,128,-,43,-4,Propeptide,Exon 2,p.Arg43Gln,6365,Arg,Gln,arginine,glutamine,-,Mild,-,-,-,-,,,,,
3593,15079,c.128G>A,98,Point,Missense,No,-,-,-,Arg > Gln,128,-,43,-4,Propeptide,Exon 2,p.Arg43Gln,6365,Arg,Gln,arginine,glutamine,-,Mild,-,-,-,-,,,,,
3593,15173,c.128G>A,98,Point,Missense,No,-,-,-,Arg > Gln,128,-,43,-4,Propeptide,Exon 2,p.Arg43Gln,6365,Arg,Gln,arginine,glutamine,-,Severe,-,-,-,-,,,,,
3593,15364,c.128G>A,98,Point,Missense,No,-,-,-,Arg > Gln,128,-,43,-4,Propeptide,Exon 2,p.Arg43Gln,6365,Arg,Gln,arginine,glutamine,-,Severe,-,-,<1,-,,,,,
3593,15365,c.128G>A,98,Point,Missense,-,-,-,-,Arg > Gln,128,-,43,-4,Propeptide,Exon 2,p.Arg43Gln,6365,Arg,Gln,arginine,glutamine,-,Severe,-,-,<1,-,,,,,
3593,15366,c.128G>A,98,Point,Missense,No,-,-,-,Arg > Gln,128,-,43,-4,Propeptide,Exon 2,p.Arg43Gln,6365,Arg,Gln,arginine,glutamine,-,Severe,-,-,<1,-,,,,,
3593,15367,c.128G>A,98,Point,Missense,-,-,-,-,Arg > Gln,128,-,43,-4,Propeptide,Exon 2,p.Arg43Gln,6365,Arg,Gln,arginine,glutamine,-,Severe,-,-,<1,-,,,,,
3593,15368,c.128G>A,98,Point,Missense,No,-,-,-,Arg > Gln,128,-,43,-4,Propeptide,Exon 2,p.Arg43Gln,6365,Arg,Gln,arginine,glutamine,-,Severe,-,-,<1,-,,,,,
3593,15369,c.128G>A,98,Point,Missense,No,-,-,-,Arg > Gln,128,-,43,-4,Propeptide,Exon 2,p.Arg43Gln,6365,Arg,Gln,arginine,glutamine,-,Severe,-,-,<1,-,,,,,
3593,15370,c.128G>A,98,Point,Missense,No,-,-,-,Arg > Gln,128,-,43,-4,Propeptide,Exon 2,p.Arg43Gln,6365,Arg,Gln,arginine,glutamine,-,Severe,-,-,<1,-,,,,,
3593,15371,c.128G>A,98,Point,Missense,No,-,-,-,Arg > Gln,128,-,43,-4,Propeptide,Exon 2,p.Arg43Gln,6365,Arg,Gln,arginine,glutamine,-,Severe,-,-,<1,-,,,,,
3593,15372,c.128G>A,98,Point,Missense,-,-,-,-,Arg > Gln,128,-,43,-4,Propeptide,Exon 2,p.Arg43Gln,6365,Arg,Gln,arginine,glutamine,-,Moderate,-,-,2%,-,,,,,
3593,15373,c.128G>A,98,Point,Missense,No,-,-,-,Arg > Gln,128,-,43,-4,Propeptide,Exon 2,p.Arg43Gln,6365,Arg,Gln,arginine,glutamine,-,Severe,-,-,<1,-,,,,,
3593,15374,c.128G>A,98,Point,Missense,No,-,-,-,Arg > Gln,128,-,43,-4,Propeptide,Exon 2,p.Arg43Gln,6365,Arg,Gln,arginine,glutamine,-,Severe,-,-,<1,-,,,,,
3593,15375,c.128G>A,98,Point,Missense,No,-,-,-,Arg > Gln,128,-,43,-4,Propeptide,Exon 2,p.Arg43Gln,6365,Arg,Gln,arginine,glutamine,-,Moderate,-,-,1%,-,,,,,
3593,15376,c.128G>A,98,Point,Missense,No,-,-,-,Arg > Gln,128,-,43,-4,Propeptide,Exon 2,p.Arg43Gln,6365,Arg,Gln,arginine,glutamine,-,Severe,-,-,<1,-,,,,,
3593,15377,c.128G>A,98,Point,Missense,No,-,-,-,Arg > Gln,128,-,43,-4,Propeptide,Exon 2,p.Arg43Gln,6365,Arg,Gln,arginine,glutamine,-,Severe,-,-,<1,-,,,,,
3593,15378,c.128G>A,98,Point,Missense,No,-,-,-,Arg > Gln,128,-,43,-4,Propeptide,Exon 2,p.Arg43Gln,6365,Arg,Gln,arginine,glutamine,-,Severe,-,-,<1,-,,,,,
3593,15379,c.128G>A,98,Point,Missense,No,-,-,-,Arg > Gln,128,-,43,-4,Propeptide,Exon 2,p.Arg43Gln,6365,Arg,Gln,arginine,glutamine,-,Moderate,-,-,1%,-,,,,,
3593,15380,c.128G>A,98,Point,Missense,No,-,-,-,Arg > Gln,128,-,43,-4,Propeptide,Exon 2,p.Arg43Gln,6365,Arg,Gln,arginine,glutamine,-,Severe,-,-,<1,-,,,,,
3594,11921,c.128G>T,17,Point,Missense,-,-,-,Haplotype differs from 30,Arg > Leu,128,-,43,-4,Propeptide,Exon 2,p.Arg43Leu,6365,Arg,Leu,arginine,leucine,-,Severe,-,-,<1,-,,,,,
3594,11922,c.128G>T,17,Point,Missense,-,-,-,Haplotype differs from 30,Arg > Leu,128,-,43,-4,Propeptide,Exon 2,p.Arg43Leu,6365,Arg,Leu,arginine,leucine,-,Severe,-,-,<1,45%,,,,,
3594,11923,c.128G>T,17,Point,Missense,-,-,-,Haplotype differs from 30,Arg > Leu,128,-,43,-4,Propeptide,Exon 2,p.Arg43Leu,6365,Arg,Leu,arginine,leucine,-,Severe,-,-,<1,49%,,,,,
3594,11924,c.128G>T,17,Point,Missense,-,-,-,Haplotype differs from 30,Arg > Leu,128,-,43,-4,Propeptide,Exon 2,p.Arg43Leu,6365,Arg,Leu,arginine,leucine,-,Severe,-,-,<1,27%,,,,,
3594,11925,c.128G>T,17,Point,Missense,-,-,-,Haplotype differs from 30,Arg > Leu,128,-,43,-4,Propeptide,Exon 2,p.Arg43Leu,6365,Arg,Leu,arginine,leucine,-,Moderate,-,-,2%,52%,,,,,
3594,11926,c.128G>T,17,Point,Missense,-,-,-,Haplotype differs from 30,Arg > Leu,128,-,43,-4,Propeptide,Exon 2,p.Arg43Leu,6365,Arg,Leu,arginine,leucine,-,Moderate,-,-,3%,-,,,,,
3594,11927,c.128G>T,17,Point,Missense,-,-,-,Haplotype differs from 30,Arg > Leu,128,-,43,-4,Propeptide,Exon 2,p.Arg43Leu,6365,Arg,Leu,arginine,leucine,-,Severe,-,-,<1,-,,,,,
3594,11928,c.128G>T,17,Point,Missense,-,-,-,Haplotype differs from 30,Arg > Leu,128,-,43,-4,Propeptide,Exon 2,p.Arg43Leu,6365,Arg,Leu,arginine,leucine,-,Severe,-,-,<1,-,,,,,
3594,11929,c.128G>T,17,Point,Missense,-,-,-,Haplotype differs from 30,Arg > Leu,128,-,43,-4,Propeptide,Exon 2,p.Arg43Leu,6365,Arg,Leu,arginine,leucine,-,Moderate,-,-,3%,-,,,,,
3594,11930,c.128G>T,17,Point,Missense,-,-,-,Haplotype differs from 30,Arg > Leu,128,-,43,-4,Propeptide,Exon 2,p.Arg43Leu,6365,Arg,Leu,arginine,leucine,-,Severe,-,-,<1,-,,,,,
3594,11931,c.128G>T,17,Point,Missense,-,-,-,Haplotype differs from 30,Arg > Leu,128,-,43,-4,Propeptide,Exon 2,p.Arg43Leu,6365,Arg,Leu,arginine,leucine,-,Severe,-,-,<1,-,,,,,
3594,11933,c.128G>T,17,Point,Missense,-,-,-,Haplotype differs from 30,Arg > Leu,128,-,43,-4,Propeptide,Exon 2,p.Arg43Leu,6365,Arg,Leu,arginine,leucine,-,-,-,-,-,-,,,,,
3594,11934,c.128G>T,17,Point,Missense,-,-,-,Haplotype differs from 30,Arg > Leu,128,-,43,-4,Propeptide,Exon 2,p.Arg43Leu,6365,Arg,Leu,arginine,leucine,-,-,-,-,-,-,,,,,
3594,11935,c.128G>T,17,Point,Missense,-,-,-,Haplotype differs from 30,Arg > Leu,128,-,43,-4,Propeptide,Exon 2,p.Arg43Leu,6365,Arg,Leu,arginine,leucine,-,-,-,-,-,-,,,,,
3594,11936,c.128G>T,17,Point,Missense,-,-,-,Haplotype differs from 30,Arg > Leu,128,-,43,-4,Propeptide,Exon 2,p.Arg43Leu,6365,Arg,Leu,arginine,leucine,-,-,-,-,-,-,,,,,
3594,15310,c.128G>T,17,Point,Missense,-,-,-,Haplotype differs from 30,Arg > Leu,128,-,43,-4,Propeptide,Exon 2,p.Arg43Leu,6365,Arg,Leu,arginine,leucine,-,Moderate,-,-,1%,-,,,,,
3594,15381,c.128G>T,17,Point,Missense,Yes,-,-,Haplotype differs from 30,Arg > Leu,128,-,43,-4,Propeptide,Exon 2,p.Arg43Leu,6365,Arg,Leu,arginine,leucine,-,Severe,-,-,<1,-,,,,,
3595,11937,c.132_133insT,1,Insertion,Frameshift,-,-,-,-,Lys > *,132,-,45,-2,Propeptide,Exon 2,p.(Lys45*),6370,Lys,*,lysine,-,-,Severe,-,-,<1,-,,,,,
3596,11938,c.135G>C,1,Point,Missense,-,-,-,-,Lys > Asn,135,-,45,-2,Propeptide,Exon 2,p.Lys45Asn,6372,Lys,Asn,lysine,asparagine,-,Severe,-,-,<1,-,,,,,
3597,11939,c.135G>T,1,Point,Missense,-,-,-,-,Lys > Asn,135,-,45,-2,Propeptide,Exon 2,p.Lys45Asn,6372,Lys,Asn,lysine,asparagine,-,Severe,-,-,<1,37%,,,,,
3598,11940,c.137G>A,4,Point,Missense,-,-,-,-,Arg > Lys,137,-,46,-1,Propeptide,Exon 2,p.Arg46Lys,6374,Arg,Lys,arginine,lysine,-,-,-,-,-,-,,,,,
3598,11941,c.137G>A,4,Point,Missense,-,-,-,-,Arg > Lys,137,-,46,-1,Propeptide,Exon 2,p.Arg46Lys,6374,Arg,Lys,arginine,lysine,-,-,-,-,-,-,,,,,
3598,11942,c.137G>A,4,Point,Missense,-,-,-,-,Arg > Lys,137,-,46,-1,Propeptide,Exon 2,p.Arg46Lys,6374,Arg,Lys,arginine,lysine,-,-,-,-,-,-,,,,,
3598,15382,c.137G>A,4,Point,Missense,-,-,-,-,Arg > Lys,137,-,46,-1,Propeptide,Exon 2,p.Arg46Lys,6374,Arg,Lys,arginine,lysine,-,Moderate,-,-,2%,-,,,,,
3599,11943,c.137G>C,2,Point,Missense,-,-,-,-,Arg > Thr,137,-,46,-1,Propeptide,Exon 2,p.Arg46Thr,6374,Arg,Thr,arginine,threonine,-,Severe,-,-,<1,-,,,,,
3599,11944,c.137G>C,2,Point,Missense,-,-,-,-,Arg > Thr,137,-,46,-1,Propeptide,Exon 2,p.Arg46Thr,6374,Arg,Thr,arginine,threonine,-,Severe,-,-,<1,-,,,,,
3600,11945,c.138G>T,2,Point,Missense,-,-,-,"Abnormal carboxylation, circulates with propeptide",Arg > Ser,138,-,46,-1,Propeptide,Exon 2,p.Arg46Ser,6375,Arg,Ser,arginine,serine,-,Moderate,-,-,2%,65%,,,,,
3600,15383,c.138G>T,2,Point,Missense,No,-,-,"Abnormal carboxylation, circulates with propeptide",Arg > Ser,138,-,46,-1,Propeptide,Exon 2,p.Arg46Ser,6375,Arg,Ser,arginine,serine,-,Severe,-,-,<1,-,,,,,
3601,11946,c.138G>C,1,Point,Missense,-,-,-,"Abnormal carboxylation, circulates with propeptide",Arg > Ser,138,-,46,-1,Propeptide,Exon 2,p.Arg46Ser,6375,Arg,Ser,arginine,serine,-,Severe,-,-,<1,80%,actually c.138G>Y as case only sequenced at protein level,,,,
3602,11947,c.142A>G,9,Point,Missense,-,-,-,-,Asn > Asp,142,-,48,2,Gla,Exon 2,p.Asn48Asp,6379,Asn,Asp,asparagine,aspartic acid,-,Mild,-,-,6%,-,,,,,
3602,15384,c.142A>G,9,Point,Missense,No,-,-,-,Asn > Asp,142,-,48,2,Gla,Exon 2,p.Asn48Asp,6379,Asn,Asp,asparagine,aspartic acid,-,Moderate,-,-,5%,-,,,,,
3602,15385,c.142A>G,9,Point,Missense,No,-,-,-,Asn > Asp,142,-,48,2,Gla,Exon 2,p.Asn48Asp,6379,Asn,Asp,asparagine,aspartic acid,-,Moderate,-,-,4.70%,-,,,,,
3602,15386,c.142A>G,9,Point,Missense,No,-,-,-,Asn > Asp,142,-,48,2,Gla,Exon 2,p.Asn48Asp,6379,Asn,Asp,asparagine,aspartic acid,-,Moderate,-,-,5%,-,,,,,
3602,15387,c.142A>G,9,Point,Missense,No,-,-,-,Asn > Asp,142,-,48,2,Gla,Exon 2,p.Asn48Asp,6379,Asn,Asp,asparagine,aspartic acid,-,Moderate,-,-,4%,-,,,,,
3602,15388,c.142A>G,9,Point,Missense,No,-,-,-,Asn > Asp,142,-,48,2,Gla,Exon 2,p.Asn48Asp,6379,Asn,Asp,asparagine,aspartic acid,-,Severe,-,-,<1,-,,,,,
3602,15389,c.142A>G,9,Point,Missense,No,-,-,-,Asn > Asp,142,-,48,2,Gla,Exon 2,p.Asn48Asp,6379,Asn,Asp,asparagine,aspartic acid,-,Severe,-,-,<1,-,,,,,
3602,15390,c.142A>G,9,Point,Missense,No,-,-,-,Asn > Asp,142,-,48,2,Gla,Exon 2,p.Asn48Asp,6379,Asn,Asp,asparagine,aspartic acid,-,Moderate,-,-,3%,-,,,,,
3602,15391,c.142A>G,9,Point,Missense,-,-,-,-,Asn > Asp,142,-,48,2,Gla,Exon 2,p.Asn48Asp,6379,Asn,Asp,asparagine,aspartic acid,-,Moderate,-,-,3%,-,,,,,
3603,11948,c.142A>T,1,Point,Missense,-,-,-,-,Asn > Tyr,142,-,48,2,Gla,Exon 2,p.Asn48Tyr,6379,Asn,Tyr,asparagine,tyrosine,-,Moderate,-,-,4%,60%,,,,,
3604,11949,c.143delA,1,Deletion,Frameshift,-,-,-,Frameshift,Asn,143,-,48,2,Gla,Exon 2,p.(Asn48Ilefs*56),6380,Asn,-,asparagine,-,-,Severe,-,-,<1,<1,,,,,
3605,11950,c.143A>T,1,Point,Missense,-,-,-,-,Asn > Ile,143,-,48,2,Gla,Exon 2,p.Asn48Ile,6380,Asn,Ile,asparagine,isoleucine,-,Moderate,-,-,1%,60%,,,,,
3606,11951,c.145T>C,2,Point,Missense,-,-,-,-,Ser > Pro,145,-,49,3,Gla,Exon 2,p.Ser49Pro,6382,Ser,Pro,serine,proline,-,Moderate,-,-,5%,44%,,,,,
3606,15291,c.145T>C,2,Point,Missense,-,-,-,-,Ser > Pro,145,-,49,3,Gla,Exon 2,p.Ser49Pro,6382,Ser,Pro,serine,proline,-,Moderate,-,-,4%,41%,,,,,
3607,11952,c.146C>G,1,Point,Nonsense,Yes,-,-,Inhibitor,Ser > *,146,-,49,3,Gla,Exon 2,p.(Ser49*),6383,Ser,*,serine,-,-,Severe,-,-,<1,-,,,,,
3608,11953,c.147delA,1,Deletion,Frameshift,-,-,-,-,Ser > fs,147,-,49,3,Gla,Exon 2,p.(Ser49Serfs*55),6384,Ser,fs,serine,-,-,Severe,-,-,<1,-,,,,,
3609,11954,c.148G>A,6,Point,Missense,-,-,-,-,Gly > Ser,148,-,50,4,Gla,Exon 2,p.Gly50Ser,6385,Gly,Ser,glycine,serine,-,Mild,-,-,20%,-,,,,,
3609,11955,c.148G>A,6,Point,Missense,-,-,-,-,Gly > Ser,148,-,50,4,Gla,Exon 2,p.Gly50Ser,6385,Gly,Ser,glycine,serine,-,Mild,-,-,20%,-,,,,,
3609,11956,c.148G>A,6,Point,Missense,-,-,-,-,Gly > Ser,148,-,50,4,Gla,Exon 2,p.Gly50Ser,6385,Gly,Ser,glycine,serine,-,Mild,-,-,17%,-,,,,,
3609,11957,c.148G>A,6,Point,Missense,-,-,-,-,Gly > Ser,148,-,50,4,Gla,Exon 2,p.Gly50Ser,6385,Gly,Ser,glycine,serine,-,Mild,-,-,11%,-,,,,,
3609,11958,c.148G>A,6,Point,Missense,-,-,-,-,Gly > Ser,148,-,50,4,Gla,Exon 2,p.Gly50Ser,6385,Gly,Ser,glycine,serine,-,-,-,-,-,-,,,,,
3609,11959,c.148G>A,6,Point,Missense,-,-,-,-,Gly > Ser,148,-,50,4,Gla,Exon 2,p.Gly50Ser,6385,Gly,Ser,glycine,serine,-,Mild,-,-,23%,-,,,,,
3610,11961,c.151A>G,1,Point,Missense,-,-,-,-,Lys > Glu,151,-,51,5,Gla,Exon 2,p.Lys51Glu,6388,Lys,Glu,lysine,glutamic acid,-,Moderate,-,-,4%,121%,,,,,
3611,11963,c.155delT,1,Deletion,Frameshift,-,-,-,Frameshift at Leu 6 and Stop at 57,Leu52fs,155,-,52,6,Gla,Exon 2,p.(Leu52Leufs*52),6392,Leu52fs,-,leucine,-,-,Severe,-,-,<1,-,,,,,
3612,11964,c.155T>C,3,Point,Missense,-,-,-,-,Leu > Ser,155,-,52,6,Gla,Exon 2,p.Leu52Ser,6392,Leu,Ser,leucine,serine,-,Severe,-,-,<1,-,,,,,
3612,11965,c.155T>C,3,Point,Missense,-,-,-,-,Leu > Ser,155,-,52,6,Gla,Exon 2,p.Leu52Ser,6392,Leu,Ser,leucine,serine,-,-,-,-,-,-,,,,,
3612,15311,c.155T>C,3,Point,Missense,-,-,-,-,Leu > Ser,155,-,52,6,Gla,Exon 2,p.Leu52Ser,6392,Leu,Ser,leucine,serine,-,Moderate,-,-,2%,-,,,,,
3613,11966,c.157G>A,2,Point,Missense,-,-,-,Gla,Glu > Lys,157,-,53,7,Gla,Exon 2,p.Glu53Lys,6394,Glu,Lys,glutamic acid,lysine,-,Severe,-,-,<1,-,,,,,
3613,15393,c.157G>A,2,Point,Missense,No,-,-,Gla,Glu > Lys,157,-,53,7,Gla,Exon 2,p.Glu53Lys,6394,Glu,Lys,glutamic acid,lysine,-,Severe,-,-,<1,-,,,,,
3614,11967,c.158A>C,1,Point,Missense,-,-,-,Gla,Glu > Ala,158,-,53,7,Gla,Exon 2,p.Glu53Ala,6395,Glu,Ala,glutamic acid,alanine,-,Moderate,-,-,5%,5%,,,,,
3615,11968,c.158A>G,1,Point,Missense,-,-,-,-,Glu > Gly,158,-,53,7,Gla,Exon 2,p.Glu53Gly,6395,Glu,Gly,glutamic acid,glycine,-,Moderate,-,-,2%,-,,,,,
3616,11969,c.158A>T,2,Point,Missense,-,-,-,Gla,Glu > Val,158,-,53,7,Gla,Exon 2,p.Glu53Val,6395,Glu,Val,glutamic acid,valine,-,Severe,-,-,<1,-,,,,,
3616,11970,c.158A>T,2,Point,Missense,-,-,-,Gla,Glu > Val,158,-,53,7,Gla,Exon 2,p.Glu53Val,6395,Glu,Val,glutamic acid,valine,-,Severe,-,-,<1,-,,,,,
3617,11971,c.160G>A,1,Point,Missense,-,-,-,Gla,Glu > Lys,160,-,54,8,Gla,Exon 2,p.Glu54Lys,6397,Glu,Lys,glutamic acid,lysine,-,Moderate,-,-,2%,-,,,,,
3618,11972,c.161A>C,1,Point,Missense,-,-,-,Gla,Glu > Ala,161,-,54,8,Gla,Exon 2,p.Glu54Ala,6398,Glu,Ala,glutamic acid,alanine,-,Moderate,-,-,4%,-,,,,,
3619,11973,c.161A>G,1,Point,Missense,-,-,-,Gla,Glu > Gly,161,-,54,8,Gla,Exon 2,p.Glu54Gly,6398,Glu,Gly,glutamic acid,glycine,-,Moderate,-,-,2%,45%,,,,,
3620,11974,c.162G>C,4,Point,Missense,-,-,-,Gla,Glu > Asp,162,-,54,8,Gla,Exon 2,p.Glu54Asp,6399,Glu,Asp,glutamic acid,aspartic acid,-,Severe,-,-,<1,-,,,,,
3620,11975,c.162G>C,4,Point,Missense,-,-,-,Gla,Glu > Asp,162,-,54,8,Gla,Exon 2,p.Glu54Asp,6399,Glu,Asp,glutamic acid,aspartic acid,-,Severe,-,-,<1,100%,,,,,
3620,15080,c.162G>C,4,Point,Missense,No,-,-,Gla,Glu > Asp,162,-,54,8,Gla,Exon 2,p.Glu54Asp,6399,Glu,Asp,glutamic acid,aspartic acid,-,Severe,-,-,-,-,,,,,
3620,15330,c.162G>C,4,Point,Missense,-,-,-,Gla,Glu > Asp,162,-,54,8,Gla,Exon 2,p.Glu54Asp,6399,Glu,Asp,glutamic acid,aspartic acid,-,-,-,-,-,-,,,,,
3621,11976,c.163T>A,13,Point,Missense,-,0.00000547,-,-,Phe > Ile,163,-,55,9,Gla,Exon 2,p.Phe55Ile,6400,Phe,Ile,phenylalanine,isoleucine,-,Mild,-,-,14%,118%,,,,,
3621,11977,c.163T>A,13,Point,Missense,-,0.00000547,-,-,Phe > Ile,163,-,55,9,Gla,Exon 2,p.Phe55Ile,6400,Phe,Ile,phenylalanine,isoleucine,-,Mild,-,-,13%,-,,,,,
3621,11978,c.163T>A,13,Point,Missense,-,0.00000547,-,-,Phe > Ile,163,-,55,9,Gla,Exon 2,p.Phe55Ile,6400,Phe,Ile,phenylalanine,isoleucine,-,Mild,-,-,25%,-,,,,,
3621,11979,c.163T>A,13,Point,Missense,-,0.00000547,-,-,Phe > Ile,163,-,55,9,Gla,Exon 2,p.Phe55Ile,6400,Phe,Ile,phenylalanine,isoleucine,-,Mild,-,-,12%,-,,,,,
3621,11980,c.163T>A,13,Point,Missense,-,0.00000547,-,-,Phe > Ile,163,-,55,9,Gla,Exon 2,p.Phe55Ile,6400,Phe,Ile,phenylalanine,isoleucine,-,Moderate,-,-,5%,-,,,,,
3621,11981,c.163T>A,13,Point,Missense,No,0.00000547,-,-,Phe > Ile,163,-,55,9,Gla,Exon 2,p.Phe55Ile,6400,Phe,Ile,phenylalanine,isoleucine,-,Mild,-,-,21%,-,,,,,
3621,11982,c.163T>A,13,Point,Missense,-,0.00000547,-,-,Phe > Ile,163,-,55,9,Gla,Exon 2,p.Phe55Ile,6400,Phe,Ile,phenylalanine,isoleucine,-,-,-,-,-,-,,,,,
3621,11983,c.163T>A,13,Point,Missense,-,0.00000547,-,-,Phe > Ile,163,-,55,9,Gla,Exon 2,p.Phe55Ile,6400,Phe,Ile,phenylalanine,isoleucine,-,Mild,-,-,20%,-,,,,,
3621,11984,c.163T>A,13,Point,Missense,-,0.00000547,-,-,Phe > Ile,163,-,55,9,Gla,Exon 2,p.Phe55Ile,6400,Phe,Ile,phenylalanine,isoleucine,-,Mild,-,-,8%,-,,,,,
3621,11985,c.163T>A,13,Point,Missense,-,0.00000547,-,-,Phe > Ile,163,-,55,9,Gla,Exon 2,p.Phe55Ile,6400,Phe,Ile,phenylalanine,isoleucine,-,Mild,-,-,8%,-,,,,,
3621,11986,c.163T>A,13,Point,Missense,No,0.00000547,-,-,Phe > Ile,163,-,55,9,Gla,Exon 2,p.Phe55Ile,6400,Phe,Ile,phenylalanine,isoleucine,-,Mild,-,-,15%,68%,,,,,
3621,11987,c.163T>A,13,Point,Missense,-,0.00000547,-,-,Phe > Ile,163,-,55,9,Gla,Exon 2,p.Phe55Ile,6400,Phe,Ile,phenylalanine,isoleucine,-,Mild,-,-,10%,-,,,,,
3621,11988,c.163T>A,13,Point,Missense,-,0.00000547,-,-,Phe > Ile,163,-,55,9,Gla,Exon 2,p.Phe55Ile,6400,Phe,Ile,phenylalanine,isoleucine,-,Moderate,-,-,4%,82%,,,,,
3622,11989,c.164T>C,2,Point,Missense,-,-,-,-,Phe > Ser,164,-,55,9,Gla,Exon 2,p.Phe55Ser,6401,Phe,Ser,phenylalanine,serine,-,Severe,-,-,<1,-,,,,,
3622,15394,c.164T>C,2,Point,Missense,No,-,-,-,Phe > Ser,164,-,55,9,Gla,Exon 2,p.Phe55Ser,6401,Phe,Ser,phenylalanine,serine,-,Moderate,-,-,2.60%,-,,,,,
3623,11990,c.164T>G,2,Point,Missense,-,-,-,-,Phe > Cys,164,-,55,9,Gla,Exon 2,p.Phe55Cys,6401,Phe,Cys,phenylalanine,cysteine,-,Severe,-,-,<1,-,,,,,
3623,11991,c.164T>G,2,Point,Missense,-,-,-,-,Phe > Cys,164,-,55,9,Gla,Exon 2,p.Phe55Cys,6401,Phe,Cys,phenylalanine,cysteine,-,Mild,-,-,10%,-,,,,,
3624,11992,c.169C>G,1,Point,Missense,-,-,-,-,Gln > Glu,169,-,57,11,Gla,Exon 2,p.Gln57Glu,6406,Gln,Glu,glutamine,glutamic acid,-,-,-,-,-,-,,,,,
3625,11993,c.169C>T,3,Point,Nonsense,-,-,-,-,Gln > *,169,-,57,11,Gla,Exon 2,p.(Gln57*),6406,Gln,*,glutamine,-,-,-,-,-,-,-,,,,,
3625,11994,c.169C>T,3,Point,Nonsense,-,-,-,-,Gln > *,169,-,57,11,Gla,Exon 2,p.(Gln57*),6406,Gln,*,glutamine,-,-,Severe,-,-,<1,0.20%,,,,,
3625,16064,c.169C>T,3,Point,Nonsense,No,-,-,-,Gln > *,169,-,57,11,Gla,Exon 2,p.(Gln57*),6406,Gln,*,glutamine,-,-,Severe,-,-,<1,-,,,,,
3626,11995,c.172G>A,3,Point,Missense,-,-,-,-,Gly > Arg,172,-,58,12,Gla,Exon 2,p.Gly58Arg,6409,Gly,Arg,glycine,arginine,-,Severe,-,-,<1,48%,,,,,
3626,11996,c.172G>A,3,Point,Missense,-,-,-,-,Gly > Arg,172,-,58,12,Gla,Exon 2,p.Gly58Arg,6409,Gly,Arg,glycine,arginine,-,Mild,-,-,13%,44%,,,,,
3626,15395,c.172G>A,3,Point,Missense,No,-,-,-,Gly > Arg,172,-,58,12,Gla,Exon 2,p.Gly58Arg,6409,Gly,Arg,glycine,arginine,-,Moderate,-,-,1.73%,-,,,,,
3627,11997,c.173G>A,7,Point,Missense,-,-,-,-,Gly > Glu,173,-,58,12,Gla,Exon 2,p.Gly58Glu,6410,Gly,Glu,glycine,glutamic acid,-,Severe,-,-,<1,-,,,,,
3627,11998,c.173G>A,7,Point,Missense,-,-,-,-,Gly > Glu,173,-,58,12,Gla,Exon 2,p.Gly58Glu,6410,Gly,Glu,glycine,glutamic acid,-,Mild,-,-,25%,-,,,,,
3627,11999,c.173G>A,7,Point,Missense,-,-,-,-,Gly > Glu,173,-,58,12,Gla,Exon 2,p.Gly58Glu,6410,Gly,Glu,glycine,glutamic acid,-,-,-,-,-,-,,,,,
3627,12000,c.173G>A,7,Point,Missense,No,-,-,-,Gly > Glu,173,-,58,12,Gla,Exon 2,p.Gly58Glu,6410,Gly,Glu,glycine,glutamic acid,-,Moderate,-,-,1%,104%,,,,,
3627,12001,c.173G>A,7,Point,Missense,-,-,-,-,Gly > Glu,173,-,58,12,Gla,Exon 2,p.Gly58Glu,6410,Gly,Glu,glycine,glutamic acid,-,Mild,-,-,-,-,,,,,
3627,15396,c.173G>A,7,Point,Missense,No,-,-,-,Gly > Glu,173,-,58,12,Gla,Exon 2,p.Gly58Glu,6410,Gly,Glu,glycine,glutamic acid,-,Severe,-,-,<1,-,,,,,
3627,15397,c.173G>A,7,Point,Missense,No,-,-,-,Gly > Glu,173,-,58,12,Gla,Exon 2,p.Gly58Glu,6410,Gly,Glu,glycine,glutamic acid,-,Moderate,-,-,2%,-,,,,,
3628,12002,c.173G>C,3,Point,Missense,-,-,-,-,Gly > Ala,173,-,58,12,Gla,Exon 2,p.Gly58Ala,6410,Gly,Ala,glycine,alanine,-,Moderate,-,-,2%,-,,,,,
3628,12003,c.173G>C,3,Point,Missense,-,-,-,-,Gly > Ala,173,-,58,12,Gla,Exon 2,p.Gly58Ala,6410,Gly,Ala,glycine,alanine,-,Moderate,-,-,3%,97%,Patient tested at Hong Kong,,,,
3628,15398,c.173G>C,3,Point,Missense,No,-,-,-,Gly > Ala,173,-,58,12,Gla,Exon 2,p.Gly58Ala,6410,Gly,Ala,glycine,alanine,-,Moderate,-,-,2%,-,,,,,
3629,12004,c.173G>T,1,Point,Missense,-,-,-,-,Gly > Val,173,-,58,12,Gla,Exon 2,p.Gly58Val,6410,Gly,Val,glycine,valine,-,Severe,-,-,<1,-,,,,,
3630,12005,c.174delG,1,Deletion,Frameshift,-,-,-,Frameshift,Gly58fs,174,-,58,12,Gla,Exon 2,p.(Gly58Glyfs*46),6411,Gly58fs,-,glycine,-,-,Severe,-,-,<1,<1,,,,,
3631,12006,c.179T>C,1,Point,Missense,-,-,-,-,Leu > Pro,179,-,60,14,Gla,Exon 2,p.Leu60Pro,6416,Leu,Pro,leucine,proline,-,Mild,-,-,6%,-,,,,,
3632,12007,c.184A>T,1,Point,Nonsense,-,-,-,Transversion,Arg > *,184,-,62,16,Gla,Exon 2,p.(Arg62*),6421,Arg,*,arginine,-,-,Severe,-,-,<1,-,,,,,
3633,12008,c.187G>A,4,Point,Missense,-,-,-,Gla,Glu > Lys,187,-,63,17,Gla,Exon 2,p.Glu63Lys,6424,Glu,Lys,glutamic acid,lysine,-,Severe,-,-,<1,-,,,,,
3633,12009,c.187G>A,4,Point,Missense,-,-,-,Gla,Glu > Lys,187,-,63,17,Gla,Exon 2,p.Glu63Lys,6424,Glu,Lys,glutamic acid,lysine,-,Moderate,-,-,1%,58%,,,,,
3633,12010,c.187G>A,4,Point,Missense,-,-,-,Gla,Glu > Lys,187,-,63,17,Gla,Exon 2,p.Glu63Lys,6424,Glu,Lys,glutamic acid,lysine,-,-,-,-,-,-,,,,,
3633,12011,c.187G>A,4,Point,Missense,-,-,-,Gla,Glu > Lys,187,-,63,17,Gla,Exon 2,p.Glu63Lys,6424,Glu,Lys,glutamic acid,lysine,-,Moderate,-,-,1%,32%,,,,,
3634,12012,c.187G>C,1,Point,Missense,-,-,-,Gla,Glu > Gln,187,-,63,17,Gla,Exon 2,p.Glu63Gln,6424,Glu,Gln,glutamic acid,glutamine,-,-,-,-,-,-,,,,,
3635,12013,c.188A>C,1,Point,Missense,-,-,-,Gla,Glu > Ala,188,-,63,17,Gla,Exon 2,p.Glu63Ala,6425,Glu,Ala,glutamic acid,alanine,-,-,-,-,-,-,,,,,
3636,12014,c.188A>G,2,Point,Missense,-,-,-,Gla,Glu > Gly,188,-,63,17,Gla,Exon 2,p.Glu63Gly,6425,Glu,Gly,glutamic acid,glycine,-,Severe,-,-,<1,-,,,,,
3636,15081,c.188A>G,2,Point,Missense,No,-,-,Gla,Glu > Gly,188,-,63,17,Gla,Exon 2,p.Glu63Gly,6425,Glu,Gly,glutamic acid,glycine,-,Severe,-,-,-,-,,,,,
3637,12015,c.188A>T,1,Point,Missense,-,-,-,Gla,Glu > Val,188,-,63,17,Gla,Exon 2,p.Glu63Val,6425,Glu,Val,glutamic acid,valine,-,Severe,-,-,<1,-,,,,,
3638,12016,c.190T>C,9,Point,Missense,-,-,-,-,Cys > Arg,190,-,64,18,Gla,Exon 2,p.Cys64Arg,6427,Cys,Arg,cysteine,arginine,-,Severe,-,-,<1,100%,,,,,
3638,12017,c.190T>C,9,Point,Missense,-,-,-,-,Cys > Arg,190,-,64,18,Gla,Exon 2,p.Cys64Arg,6427,Cys,Arg,cysteine,arginine,-,Moderate,-,-,2%,-,,,,,
3638,12018,c.190T>C,9,Point,Missense,-,-,-,-,Cys > Arg,190,-,64,18,Gla,Exon 2,p.Cys64Arg,6427,Cys,Arg,cysteine,arginine,-,-,-,-,-,-,,,,,
3638,12019,c.190T>C,9,Point,Missense,-,-,-,-,Cys > Arg,190,-,64,18,Gla,Exon 2,p.Cys64Arg,6427,Cys,Arg,cysteine,arginine,-,Severe,-,-,<1,-,,,,,
3638,12020,c.190T>C,9,Point,Missense,-,-,-,-,Cys > Arg,190,-,64,18,Gla,Exon 2,p.Cys64Arg,6427,Cys,Arg,cysteine,arginine,-,Severe,-,-,<1,-,,,,,
3638,12021,c.190T>C,9,Point,Missense,-,-,-,-,Cys > Arg,190,-,64,18,Gla,Exon 2,p.Cys64Arg,6427,Cys,Arg,cysteine,arginine,-,Moderate,-,-,1%,-,,,,,
3638,12022,c.190T>C,9,Point,Missense,-,-,-,-,Cys > Arg,190,-,64,18,Gla,Exon 2,p.Cys64Arg,6427,Cys,Arg,cysteine,arginine,-,-,-,-,-,-,,,,,
3638,12023,c.190T>C,9,Point,Missense,-,-,-,-,Cys > Arg,190,-,64,18,Gla,Exon 2,p.Cys64Arg,6427,Cys,Arg,cysteine,arginine,-,Severe,-,-,<1,-,,,,,
3638,12024,c.190T>C,9,Point,Missense,-,-,-,-,Cys > Arg,190,-,64,18,Gla,Exon 2,p.Cys64Arg,6427,Cys,Arg,cysteine,arginine,-,Severe,-,-,<1,-,,,,,
3639,12025,c.191G>A,3,Point,Missense,-,-,-,-,Cys > Tyr,191,-,64,18,Gla,Exon 2,p.Cys64Tyr,6428,Cys,Tyr,cysteine,tyrosine,-,Moderate,-,-,3%,27%,,,,,
3639,12026,c.191G>A,3,Point,Missense,-,-,-,-,Cys > Tyr,191,-,64,18,Gla,Exon 2,p.Cys64Tyr,6428,Cys,Tyr,cysteine,tyrosine,-,Severe,-,-,<1,-,,,,,
3639,12027,c.191G>A,3,Point,Missense,-,-,-,-,Cys > Tyr,191,-,64,18,Gla,Exon 2,p.Cys64Tyr,6428,Cys,Tyr,cysteine,tyrosine,-,Severe,-,-,<1,-,,,,,
3640,12029,c.197A>T,1,Point,Missense,-,-,-,-,Glu > Val,197,-,66,20,Gla,Exon 2,p.Glu66Val,6434,Glu,Val,glutamic acid,valine,-,Moderate,-,-,-,-,,,,,
3641,12030,c.199G>A,3,Point,Missense,-,-,-,Gla.De novo in MGM (mosaic ),Glu > Lys,199,-,67,21,Gla,Exon 2,p.Glu67Lys,6436,Glu,Lys,glutamic acid,lysine,-,Moderate,-,-,1%,-,,,,,
3641,12031,c.199G>A,3,Point,Missense,-,-,-,Gla.De novo in MGM (mosaic ),Glu > Lys,199,-,67,21,Gla,Exon 2,p.Glu67Lys,6436,Glu,Lys,glutamic acid,lysine,-,Severe,-,-,<1,52%,,,,,
3641,15400,c.199G>A,3,Point,Missense,No,-,-,Gla.De novo in MGM (mosaic ),Glu > Lys,199,-,67,21,Gla,Exon 2,p.Glu67Lys,6436,Glu,Lys,glutamic acid,lysine,-,Severe,-,-,<1,-,,,,,
3642,12032,c.203delA,1,Deletion,Frameshift,-,-,-,Frameshift,Lys68fs,203,-,68,22,Gla,Exon 2,p.(Lys68Serfs*36),6440,Lys68fs,-,lysine,-,-,Severe,-,-,<1,-,,,,,
3643,12033,c.204delG,2,Deletion,Frameshift,-,-,-,Frameshift,Lys68fs,204,-,68,22,Gla,Exon 2,p.(Lys68Asnfs*36),6441,Lys68fs,-,lysine,-,-,Moderate,-,-,1%,-,,,,,
3643,16233,c.204delG,2,Deletion,Frameshift,No,-,-,Frameshift,Lys68fs,204,-,68,22,Gla,Exon 2,p.(Lys68Asnfs*36),6441,Lys68fs,-,lysine,-,-,Severe,-,-,<1,-,,,,,
3644,12034,c.205T>C,5,Point,Missense,-,-,-,-,Cys > Arg,205,-,69,23,Gla,Exon 2,p.Cys69Arg,6442,Cys,Arg,cysteine,arginine,-,Severe,-,-,<1,35%,,,,,
3644,12035,c.205T>C,5,Point,Missense,-,-,-,-,Cys > Arg,205,-,69,23,Gla,Exon 2,p.Cys69Arg,6442,Cys,Arg,cysteine,arginine,-,Severe,-,-,<1,-,,,,,
3644,12036,c.205T>C,5,Point,Missense,-,-,-,-,Cys > Arg,205,-,69,23,Gla,Exon 2,p.Cys69Arg,6442,Cys,Arg,cysteine,arginine,-,-,-,-,-,-,,,,,
3644,12037,c.205T>C,5,Point,Missense,No,-,-,-,Cys > Arg,205,-,69,23,Gla,Exon 2,p.Cys69Arg,6442,Cys,Arg,cysteine,arginine,-,Severe,-,-,<1,20%,,,,,
3644,14901,c.205T>C,5,Point,Missense,-,-,-,-,Cys > Arg,205,-,69,23,Gla,Exon 2,p.Cys69Arg,6442,Cys,Arg,cysteine,arginine,-,Severe,-,-,-,-,,,,,
3645,12038,c.206G>A,9,Point,Missense,-,-,-,-,Cys > Tyr,206,-,69,23,Gla,Exon 2,p.Cys69Tyr,6443,Cys,Tyr,cysteine,tyrosine,-,Severe,-,-,<1,19%,,,,,
3645,12039,c.206G>A,9,Point,Missense,-,-,-,-,Cys > Tyr,206,-,69,23,Gla,Exon 2,p.Cys69Tyr,6443,Cys,Tyr,cysteine,tyrosine,-,Severe,-,-,<1,45%,,,,,
3645,12040,c.206G>A,9,Point,Missense,-,-,-,-,Cys > Tyr,206,-,69,23,Gla,Exon 2,p.Cys69Tyr,6443,Cys,Tyr,cysteine,tyrosine,-,-,-,-,-,-,,,,,
3645,12041,c.206G>A,9,Point,Missense,-,-,-,-,Cys > Tyr,206,-,69,23,Gla,Exon 2,p.Cys69Tyr,6443,Cys,Tyr,cysteine,tyrosine,-,-,-,-,-,-,,,,,
3645,12042,c.206G>A,9,Point,Missense,-,-,-,-,Cys > Tyr,206,-,69,23,Gla,Exon 2,p.Cys69Tyr,6443,Cys,Tyr,cysteine,tyrosine,-,Severe,-,-,<1,-,,,,,
3645,12043,c.206G>A,9,Point,Missense,-,-,-,-,Cys > Tyr,206,-,69,23,Gla,Exon 2,p.Cys69Tyr,6443,Cys,Tyr,cysteine,tyrosine,-,Severe,-,-,-,-,,,,,
3645,15083,c.206G>A,9,Point,Missense,No,-,-,-,Cys > Tyr,206,-,69,23,Gla,Exon 2,p.Cys69Tyr,6443,Cys,Tyr,cysteine,tyrosine,-,Severe,-,-,-,-,,,,,
3645,15153,c.206G>A,9,Point,Missense,No,-,-,-,Cys > Tyr,206,-,69,23,Gla,Exon 2,p.Cys69Tyr,6443,Cys,Tyr,cysteine,tyrosine,-,Severe,-,-,-,-,,,,,
3645,15154,c.206G>A,9,Point,Missense,No,-,-,-,Cys > Tyr,206,-,69,23,Gla,Exon 2,p.Cys69Tyr,6443,Cys,Tyr,cysteine,tyrosine,-,Severe,-,-,-,-,,,,,
3646,12044,c.212T>C,7,Point,Missense,-,-,-,de novo in MGF(27) or MGM(24),Phe > Ser,212,-,71,25,Gla,Exon 2,p.Phe71Ser,6449,Phe,Ser,phenylalanine,serine,-,Moderate,-,-,2%,32%,,,,,
3646,12045,c.212T>C,7,Point,Missense,-,-,-,de novo in MGF(27) or MGM(24),Phe > Ser,212,-,71,25,Gla,Exon 2,p.Phe71Ser,6449,Phe,Ser,phenylalanine,serine,-,Severe,-,-,-,-,,,,,
3646,12046,c.212T>C,7,Point,Missense,-,-,-,de novo in MGF(27) or MGM(24),Phe > Ser,212,-,71,25,Gla,Exon 2,p.Phe71Ser,6449,Phe,Ser,phenylalanine,serine,-,-,-,-,-,-,,,,,
3646,12047,c.212T>C,7,Point,Missense,-,-,-,de novo in MGF(27) or MGM(24),Phe > Ser,212,-,71,25,Gla,Exon 2,p.Phe71Ser,6449,Phe,Ser,phenylalanine,serine,-,Moderate,-,-,5%,25%,,,,,
3646,15175,c.212T>C,7,Point,Missense,No,-,-,de novo in MGF(27) or MGM(24),Phe > Ser,212,-,71,25,Gla,Exon 2,p.Phe71Ser,6449,Phe,Ser,phenylalanine,serine,-,-,-,-,-,-,,,,,
3646,15401,c.212T>C,7,Point,Missense,No,-,-,de novo in MGF(27) or MGM(24),Phe > Ser,212,-,71,25,Gla,Exon 2,p.Phe71Ser,6449,Phe,Ser,phenylalanine,serine,-,Mild,-,-,8.60%,-,,,,,
3646,15402,c.212T>C,7,Point,Missense,No,-,-,de novo in MGF(27) or MGM(24),Phe > Ser,212,-,71,25,Gla,Exon 2,p.Phe71Ser,6449,Phe,Ser,phenylalanine,serine,-,Mild,-,-,7%,-,,,,,
3647,12048,c.212T>G,1,Point,Missense,-,-,-,-,Phe > Cys,212,-,71,25,Gla,Exon 2,p.Phe71Cys,6449,Phe,Cys,phenylalanine,cysteine,-,Mild,-,-,10%,-,,,,,
3648,12049,c.214G>C,4,Point,Missense,-,-,-,-,Glu > Gln,214,-,72,26,Gla,Exon 2,p.Glu72Gln,6451,Glu,Gln,glutamic acid,glutamine,-,-,-,-,-,-,,,,,
3648,12050,c.214G>C,4,Point,Missense,-,-,-,-,Glu > Gln,214,-,72,26,Gla,Exon 2,p.Glu72Gln,6451,Glu,Gln,glutamic acid,glutamine,-,Severe,-,-,<1,-,,,,,
3648,12051,c.214G>C,4,Point,Missense,-,-,-,-,Glu > Gln,214,-,72,26,Gla,Exon 2,p.Glu72Gln,6451,Glu,Gln,glutamic acid,glutamine,-,Severe,-,-,-,-,,,,,
3648,12052,c.214G>C,4,Point,Missense,-,-,-,-,Glu > Gln,214,-,72,26,Gla,Exon 2,p.Glu72Gln,6451,Glu,Gln,glutamic acid,glutamine,-,Severe,-,-,<1,42%,,,,,
3649,12053,c.214G>T,3,Point,Nonsense,-,-,-,-,Glu > *,214,-,72,26,Gla,Exon 2,p.(Glu72*),6451,Glu,*,glutamic acid,-,-,Severe,-,-,<1,-,,,,,
3649,12054,c.214G>T,3,Point,Nonsense,-,-,-,-,Glu > *,214,-,72,26,Gla,Exon 2,p.(Glu72*),6451,Glu,*,glutamic acid,-,-,Severe,-,-,<1,-,,,,,
3649,12055,c.214G>T,3,Point,Nonsense,-,-,-,-,Glu > *,214,-,72,26,Gla,Exon 2,p.(Glu72*),6451,Glu,*,glutamic acid,-,-,Severe,-,-,<1,-,,,,,
3650,12056,c.215A>G,1,Point,Missense,-,-,-,-,Glu > Gly,215,-,72,26,Gla,Exon 2,p.Glu72Gly,6452,Glu,Gly,glutamic acid,glycine,-,Severe,-,-,-,-,,,,,
3651,12057,c.217G>A,1,Point,Missense,-,-,-,Gla,Glu > Lys,217,-,73,27,Gla,Exon 2,p.Glu73Lys,6454,Glu,Lys,glutamic acid,lysine,-,Severe,-,-,<1,30%,,,,,
3652,12058,c.217G>T,1,Point,Nonsense,-,-,-,-,Glu > *,217,-,73,27,Gla,Exon 2,p.(Glu73*),6454,Glu,*,glutamic acid,-,-,Severe,-,-,-,-,,,,,
3653,12059,c.218A>C,1,Point,Missense,No,-,-,-,Glu > Ala,218,-,73,27,Gla,Exon 2,p.Glu73Ala,6455,Glu,Ala,glutamic acid,alanine,-,Mild,-,-,7%,-,,,,,
3654,12060,c.218A>T,2,Point,Missense,-,-,-,Gla,Glu > Val,218,-,73,27,Gla,Exon 2,p.Glu73Val,6455,Glu,Val,glutamic acid,valine,-,Severe,-,-,<1,3%,,,,,
3654,12061,c.218A>T,2,Point,Missense,-,-,-,Gla,Glu > Val,218,-,73,27,Gla,Exon 2,p.Glu73Val,6455,Glu,Val,glutamic acid,valine,-,-,-,-,-,-,,,,,
3655,12062,c.219A>C,3,Point,Missense,-,-,-,Gla,Glu > Asp,219,-,73,27,Gla,Exon 2,p.Glu73Asp,6456,Glu,Asp,glutamic acid,aspartic acid,-,Severe,-,-,<1,90%,,,,,
3655,12063,c.219A>C,3,Point,Missense,-,-,-,Gla,Glu > Asp,219,-,73,27,Gla,Exon 2,p.Glu73Asp,6456,Glu,Asp,glutamic acid,aspartic acid,-,Moderate,-,-,1%,-,,,,,
3655,15084,c.219A>C,3,Point,Missense,No,-,-,Gla,Glu > Asp,219,-,73,27,Gla,Exon 2,p.Glu73Asp,6456,Glu,Asp,glutamic acid,aspartic acid,-,Severe,-,-,-,-,,,,,
3656,12064,c.219A>T,2,Point,Missense,-,-,-,Gla,Glu > Asp,219,-,73,27,Gla,Exon 2,p.Glu73Asp,6456,Glu,Asp,glutamic acid,aspartic acid,-,Severe,-,-,<1,-,,,,,
3656,12065,c.219A>T,2,Point,Missense,-,-,-,Gla,Glu > Asp,219,-,73,27,Gla,Exon 2,p.Glu73Asp,6456,Glu,Asp,glutamic acid,aspartic acid,-,Severe,-,-,<1,-,,,,,
3657,12066,c.223C>T,96,Point,Nonsense,-,-,-,-,Arg > *,223,-,75,29,Gla,Exon 2,p.(Arg75*),6460,Arg,*,arginine,-,-,Severe,-,-,<1,<1,,,,,
3657,12067,c.223C>T,96,Point,Nonsense,-,-,-,-,Arg > *,223,-,75,29,Gla,Exon 2,p.(Arg75*),6460,Arg,*,arginine,-,-,Severe,-,-,<1,7%,,,,,
3657,12068,c.223C>T,96,Point,Nonsense,Yes,-,-,-,Arg > *,223,-,75,29,Gla,Exon 2,p.(Arg75*),6460,Arg,*,arginine,-,-,Severe,-,-,<1,<0.1,,,,,
3657,12069,c.223C>T,96,Point,Nonsense,-,-,-,-,Arg > *,223,-,75,29,Gla,Exon 2,p.(Arg75*),6460,Arg,*,arginine,-,-,Severe,-,-,<1,2%,,,,,
3657,12070,c.223C>T,96,Point,Nonsense,-,-,-,-,Arg > *,223,-,75,29,Gla,Exon 2,p.(Arg75*),6460,Arg,*,arginine,-,-,Moderate,-,-,1%,-,,,,,
3657,12071,c.223C>T,96,Point,Nonsense,-,-,-,-,Arg > *,223,-,75,29,Gla,Exon 2,p.(Arg75*),6460,Arg,*,arginine,-,-,-,-,-,-,-,,,,,
3657,12072,c.223C>T,96,Point,Nonsense,-,-,-,-,Arg > *,223,-,75,29,Gla,Exon 2,p.(Arg75*),6460,Arg,*,arginine,-,-,Severe,-,-,<1,-,,,,,
3657,12073,c.223C>T,96,Point,Nonsense,-,-,-,-,Arg > *,223,-,75,29,Gla,Exon 2,p.(Arg75*),6460,Arg,*,arginine,-,-,Severe,-,-,<1,<1,,,,,
3657,12074,c.223C>T,96,Point,Nonsense,-,-,-,-,Arg > *,223,-,75,29,Gla,Exon 2,p.(Arg75*),6460,Arg,*,arginine,-,-,Severe,-,-,<1,-,,,,,
3657,12075,c.223C>T,96,Point,Nonsense,-,-,-,-,Arg > *,223,-,75,29,Gla,Exon 2,p.(Arg75*),6460,Arg,*,arginine,-,-,Severe,-,-,<1,<1,,,,,
3657,12076,c.223C>T,96,Point,Nonsense,-,-,-,-,Arg > *,223,-,75,29,Gla,Exon 2,p.(Arg75*),6460,Arg,*,arginine,-,-,Severe,-,-,<1,<1,,,,,
3657,12077,c.223C>T,96,Point,Nonsense,-,-,-,-,Arg > *,223,-,75,29,Gla,Exon 2,p.(Arg75*),6460,Arg,*,arginine,-,-,Severe,-,-,<1,<1,,,,,
3657,12078,c.223C>T,96,Point,Nonsense,-,-,-,-,Arg > *,223,-,75,29,Gla,Exon 2,p.(Arg75*),6460,Arg,*,arginine,-,-,Severe,-,-,<1,-,,,,,
3657,12079,c.223C>T,96,Point,Nonsense,-,-,-,-,Arg > *,223,-,75,29,Gla,Exon 2,p.(Arg75*),6460,Arg,*,arginine,-,-,Severe,-,-,<1,-,,,,,
3657,12080,c.223C>T,96,Point,Nonsense,-,-,-,-,Arg > *,223,-,75,29,Gla,Exon 2,p.(Arg75*),6460,Arg,*,arginine,-,-,-,-,-,-,-,,,,,
3657,12081,c.223C>T,96,Point,Nonsense,-,-,-,-,Arg > *,223,-,75,29,Gla,Exon 2,p.(Arg75*),6460,Arg,*,arginine,-,-,Severe,-,-,0%,-,,,,,
3657,12082,c.223C>T,96,Point,Nonsense,Yes,-,-,-,Arg > *,223,-,75,29,Gla,Exon 2,p.(Arg75*),6460,Arg,*,arginine,-,-,Severe,-,-,<1,<1,,,,,
3657,12083,c.223C>T,96,Point,Nonsense,-,-,-,-,Arg > *,223,-,75,29,Gla,Exon 2,p.(Arg75*),6460,Arg,*,arginine,-,-,Severe,-,-,<1,-,,,,,
3657,12084,c.223C>T,96,Point,Nonsense,-,-,-,-,Arg > *,223,-,75,29,Gla,Exon 2,p.(Arg75*),6460,Arg,*,arginine,-,-,Severe,-,-,<1,-,,,,,
3657,12085,c.223C>T,96,Point,Nonsense,-,-,-,-,Arg > *,223,-,75,29,Gla,Exon 2,p.(Arg75*),6460,Arg,*,arginine,-,-,Severe,-,-,<1,<1,,,,,
3657,12086,c.223C>T,96,Point,Nonsense,-,-,-,-,Arg > *,223,-,75,29,Gla,Exon 2,p.(Arg75*),6460,Arg,*,arginine,-,-,Severe,-,-,<1,-,,,,,
3657,12087,c.223C>T,96,Point,Nonsense,-,-,-,-,Arg > *,223,-,75,29,Gla,Exon 2,p.(Arg75*),6460,Arg,*,arginine,-,-,Severe,-,-,<1,-,,,,,
3657,12088,c.223C>T,96,Point,Nonsense,-,-,-,-,Arg > *,223,-,75,29,Gla,Exon 2,p.(Arg75*),6460,Arg,*,arginine,-,-,Severe,-,-,<1,<1,,,,,
3657,12089,c.223C>T,96,Point,Nonsense,-,-,-,-,Arg > *,223,-,75,29,Gla,Exon 2,p.(Arg75*),6460,Arg,*,arginine,-,-,Severe,-,-,<1,-,,,,,
3657,12090,c.223C>T,96,Point,Nonsense,-,-,-,-,Arg > *,223,-,75,29,Gla,Exon 2,p.(Arg75*),6460,Arg,*,arginine,-,-,Severe,-,-,<1,-,,,,,
3657,12091,c.223C>T,96,Point,Nonsense,-,-,-,-,Arg > *,223,-,75,29,Gla,Exon 2,p.(Arg75*),6460,Arg,*,arginine,-,-,Severe,-,-,<1,-,,,,,
3657,12092,c.223C>T,96,Point,Nonsense,-,-,-,-,Arg > *,223,-,75,29,Gla,Exon 2,p.(Arg75*),6460,Arg,*,arginine,-,-,Severe,-,-,<1,<1,,,,,
3657,12093,c.223C>T,96,Point,Nonsense,-,-,-,-,Arg > *,223,-,75,29,Gla,Exon 2,p.(Arg75*),6460,Arg,*,arginine,-,-,Severe,-,-,-,-,,,,,
3657,12094,c.223C>T,96,Point,Nonsense,-,-,-,-,Arg > *,223,-,75,29,Gla,Exon 2,p.(Arg75*),6460,Arg,*,arginine,-,-,Severe,-,-,-,-,,,,,
3657,12095,c.223C>T,96,Point,Nonsense,-,-,-,-,Arg > *,223,-,75,29,Gla,Exon 2,p.(Arg75*),6460,Arg,*,arginine,-,-,Moderate,-,-,1.60%,<1,,,,,
3657,12096,c.223C>T,96,Point,Nonsense,-,-,-,-,Arg > *,223,-,75,29,Gla,Exon 2,p.(Arg75*),6460,Arg,*,arginine,-,-,Moderate,-,-,1.90%,<1,,,,,
3657,12097,c.223C>T,96,Point,Nonsense,Yes,-,-,-,Arg > *,223,-,75,29,Gla,Exon 2,p.(Arg75*),6460,Arg,*,arginine,-,-,Severe,-,-,<1,-,,,,,
3657,12098,c.223C>T,96,Point,Nonsense,-,-,-,-,Arg > *,223,-,75,29,Gla,Exon 2,p.(Arg75*),6460,Arg,*,arginine,-,-,Severe,-,-,<1,-,,,,,
3657,12099,c.223C>T,96,Point,Nonsense,Yes,-,-,-,Arg > *,223,-,75,29,Gla,Exon 2,p.(Arg75*),6460,Arg,*,arginine,-,-,Severe,-,-,<1,-,,,,,
3657,12100,c.223C>T,96,Point,Nonsense,-,-,-,-,Arg > *,223,-,75,29,Gla,Exon 2,p.(Arg75*),6460,Arg,*,arginine,-,-,-,-,-,-,-,,,,,
3657,12101,c.223C>T,96,Point,Nonsense,-,-,-,-,Arg > *,223,-,75,29,Gla,Exon 2,p.(Arg75*),6460,Arg,*,arginine,-,-,Severe,-,-,<1,-,,,,,
3657,12102,c.223C>T,96,Point,Nonsense,-,-,-,-,Arg > *,223,-,75,29,Gla,Exon 2,p.(Arg75*),6460,Arg,*,arginine,-,-,Severe,-,-,<1,-,,,,,
3657,12103,c.223C>T,96,Point,Nonsense,-,-,-,-,Arg > *,223,-,75,29,Gla,Exon 2,p.(Arg75*),6460,Arg,*,arginine,-,-,Severe,-,-,<1,-,,,,,
3657,12104,c.223C>T,96,Point,Nonsense,Yes,-,-,-,Arg > *,223,-,75,29,Gla,Exon 2,p.(Arg75*),6460,Arg,*,arginine,-,-,Severe,-,-,<1,-,,,,,
3657,12105,c.223C>T,96,Point,Nonsense,-,-,-,-,Arg > *,223,-,75,29,Gla,Exon 2,p.(Arg75*),6460,Arg,*,arginine,-,-,Severe,-,-,<1,-,,,,,
3657,12106,c.223C>T,96,Point,Nonsense,Yes,-,-,-,Arg > *,223,-,75,29,Gla,Exon 2,p.(Arg75*),6460,Arg,*,arginine,-,-,Severe,-,-,<1,<1,,,,,
3657,12107,c.223C>T,96,Point,Nonsense,Yes,-,-,-,Arg > *,223,-,75,29,Gla,Exon 2,p.(Arg75*),6460,Arg,*,arginine,-,-,Severe,-,-,<1,<1,,,,,
3657,12108,c.223C>T,96,Point,Nonsense,-,-,-,-,Arg > *,223,-,75,29,Gla,Exon 2,p.(Arg75*),6460,Arg,*,arginine,-,-,Severe,-,-,<1,<1,,,,,
3657,12109,c.223C>T,96,Point,Nonsense,-,-,-,-,Arg > *,223,-,75,29,Gla,Exon 2,p.(Arg75*),6460,Arg,*,arginine,-,-,Severe,-,-,<1,<1,,,,,
3657,12110,c.223C>T,96,Point,Nonsense,-,-,-,-,Arg > *,223,-,75,29,Gla,Exon 2,p.(Arg75*),6460,Arg,*,arginine,-,-,Severe,-,-,<1,-,,,,,
3657,12111,c.223C>T,96,Point,Nonsense,-,-,-,-,Arg > *,223,-,75,29,Gla,Exon 2,p.(Arg75*),6460,Arg,*,arginine,-,-,Severe,-,-,<1,-,,,,,
3657,12112,c.223C>T,96,Point,Nonsense,-,-,-,-,Arg > *,223,-,75,29,Gla,Exon 2,p.(Arg75*),6460,Arg,*,arginine,-,-,Severe,-,-,<1,-,,,,,
3657,12113,c.223C>T,96,Point,Nonsense,-,-,-,-,Arg > *,223,-,75,29,Gla,Exon 2,p.(Arg75*),6460,Arg,*,arginine,-,-,-,-,-,-,-,,,,,
3657,12114,c.223C>T,96,Point,Nonsense,-,-,-,-,Arg > *,223,-,75,29,Gla,Exon 2,p.(Arg75*),6460,Arg,*,arginine,-,-,-,-,-,-,-,,,,,
3657,12115,c.223C>T,96,Point,Nonsense,No,-,-,-,Arg > *,223,-,75,29,Gla,Exon 2,p.(Arg75*),6460,Arg,*,arginine,-,-,Severe,-,-,<1,<1,,,,,
3657,12116,c.223C>T,96,Point,Nonsense,-,-,-,-,Arg > *,223,-,75,29,Gla,Exon 2,p.(Arg75*),6460,Arg,*,arginine,-,-,Severe,-,-,<1,-,,,,,
3657,12117,c.223C>T,96,Point,Nonsense,-,-,-,-,Arg > *,223,-,75,29,Gla,Exon 2,p.(Arg75*),6460,Arg,*,arginine,-,-,Severe,-,-,<1,<1,,,,,
3657,12118,c.223C>T,96,Point,Nonsense,-,-,-,-,Arg > *,223,-,75,29,Gla,Exon 2,p.(Arg75*),6460,Arg,*,arginine,-,-,Severe,-,-,-,-,,,,,
3657,12119,c.223C>T,96,Point,Nonsense,-,-,-,-,Arg > *,223,-,75,29,Gla,Exon 2,p.(Arg75*),6460,Arg,*,arginine,-,-,Severe,-,-,-,-,,,,,
3657,12120,c.223C>T,96,Point,Nonsense,-,-,-,-,Arg > *,223,-,75,29,Gla,Exon 2,p.(Arg75*),6460,Arg,*,arginine,-,-,Severe,-,-,-,-,,,,,
3657,12121,c.223C>T,96,Point,Nonsense,-,-,-,-,Arg > *,223,-,75,29,Gla,Exon 2,p.(Arg75*),6460,Arg,*,arginine,-,-,-,-,-,-,-,,,,,
3657,12122,c.223C>T,96,Point,Nonsense,-,-,-,-,Arg > *,223,-,75,29,Gla,Exon 2,p.(Arg75*),6460,Arg,*,arginine,-,-,Severe,-,-,<1,<1,,,,,
3657,12123,c.223C>T,96,Point,Nonsense,-,-,-,-,Arg > *,223,-,75,29,Gla,Exon 2,p.(Arg75*),6460,Arg,*,arginine,-,-,-,-,-,-,-,,,,,
3657,12124,c.223C>T,96,Point,Nonsense,-,-,-,-,Arg > *,223,-,75,29,Gla,Exon 2,p.(Arg75*),6460,Arg,*,arginine,-,-,Severe,-,-,<1,-,,,,,
3657,12125,c.223C>T,96,Point,Nonsense,-,-,-,-,Arg > *,223,-,75,29,Gla,Exon 2,p.(Arg75*),6460,Arg,*,arginine,-,-,-,-,-,-,-,,,,,
3657,12126,c.223C>T,96,Point,Nonsense,-,-,-,-,Arg > *,223,-,75,29,Gla,Exon 2,p.(Arg75*),6460,Arg,*,arginine,-,-,-,-,-,-,-,,,,,
3657,12127,c.223C>T,96,Point,Nonsense,-,-,-,-,Arg > *,223,-,75,29,Gla,Exon 2,p.(Arg75*),6460,Arg,*,arginine,-,-,Moderate,-,-,1%,-,,,,,
3657,12128,c.223C>T,96,Point,Nonsense,-,-,-,-,Arg > *,223,-,75,29,Gla,Exon 2,p.(Arg75*),6460,Arg,*,arginine,-,-,Severe,-,-,<1,-,,,,,
3657,12129,c.223C>T,96,Point,Nonsense,-,-,-,-,Arg > *,223,-,75,29,Gla,Exon 2,p.(Arg75*),6460,Arg,*,arginine,-,-,Severe,-,-,<1,-,,,,,
3657,12130,c.223C>T,96,Point,Nonsense,-,-,-,-,Arg > *,223,-,75,29,Gla,Exon 2,p.(Arg75*),6460,Arg,*,arginine,-,-,Severe,-,-,<1,-,,,,,
3657,14957,c.223C>T,96,Point,Nonsense,No,-,-,-,Arg > *,223,-,75,29,Gla,Exon 2,p.(Arg75*),6460,Arg,*,arginine,-,-,Severe,-,-,<1,-,,,,,
3657,14963,c.223C>T,96,Point,Nonsense,No,-,-,-,Arg > *,223,-,75,29,Gla,Exon 2,p.(Arg75*),6460,Arg,*,arginine,-,-,Moderate,-,-,1.80%,-,,,,,
3657,15038,c.223C>T,96,Point,Nonsense,Yes,-,-,-,Arg > *,223,-,75,29,Gla,Exon 2,p.(Arg75*),6460,Arg,*,arginine,-,-,Severe,-,-,<1,-,,,,,
3657,15039,c.223C>T,96,Point,Nonsense,No,-,-,-,Arg > *,223,-,75,29,Gla,Exon 2,p.(Arg75*),6460,Arg,*,arginine,-,-,Severe,-,-,<1,-,,,,,
3657,15085,c.223C>T,96,Point,Nonsense,No,-,-,-,Arg > *,223,-,75,29,Gla,Exon 2,p.(Arg75*),6460,Arg,*,arginine,-,-,Severe,-,-,-,-,,,,,
3657,15086,c.223C>T,96,Point,Nonsense,No,-,-,-,Arg > *,223,-,75,29,Gla,Exon 2,p.(Arg75*),6460,Arg,*,arginine,-,-,Severe,-,-,-,-,,,,,
3657,15292,c.223C>T,96,Point,Nonsense,-,-,-,-,Arg > *,223,-,75,29,Gla,Exon 2,p.(Arg75*),6460,Arg,*,arginine,-,-,Severe,-,-,<1,-,,,,,
3657,15322,c.223C>T,96,Point,Nonsense,-,-,-,-,Arg > *,223,-,75,29,Gla,Exon 2,p.(Arg75*),6460,Arg,*,arginine,-,-,-,-,-,-,-,,,,,
3657,16065,c.223C>T,96,Point,Nonsense,Yes,-,-,-,Arg > *,223,-,75,29,Gla,Exon 2,p.(Arg75*),6460,Arg,*,arginine,-,-,Severe,-,-,<1,-,,,,,
3657,16066,c.223C>T,96,Point,Nonsense,Yes,-,-,-,Arg > *,223,-,75,29,Gla,Exon 2,p.(Arg75*),6460,Arg,*,arginine,-,-,Severe,-,-,<1,-,,,,,
3657,16067,c.223C>T,96,Point,Nonsense,Yes,-,-,-,Arg > *,223,-,75,29,Gla,Exon 2,p.(Arg75*),6460,Arg,*,arginine,-,-,Severe,-,-,<1,-,,,,,
3657,16068,c.223C>T,96,Point,Nonsense,Yes,-,-,-,Arg > *,223,-,75,29,Gla,Exon 2,p.(Arg75*),6460,Arg,*,arginine,-,-,Severe,-,-,<1,-,,,,,
3657,16069,c.223C>T,96,Point,Nonsense,No,-,-,-,Arg > *,223,-,75,29,Gla,Exon 2,p.(Arg75*),6460,Arg,*,arginine,-,-,Severe,-,-,<1,-,,,,,
3657,16070,c.223C>T,96,Point,Nonsense,No,-,-,-,Arg > *,223,-,75,29,Gla,Exon 2,p.(Arg75*),6460,Arg,*,arginine,-,-,Severe,-,-,<1,-,,,,,
3657,16071,c.223C>T,96,Point,Nonsense,No,-,-,-,Arg > *,223,-,75,29,Gla,Exon 2,p.(Arg75*),6460,Arg,*,arginine,-,-,Severe,-,-,<1,-,,,,,
3657,16072,c.223C>T,96,Point,Nonsense,No,-,-,-,Arg > *,223,-,75,29,Gla,Exon 2,p.(Arg75*),6460,Arg,*,arginine,-,-,Severe,-,-,<1,-,,,,,
3657,16073,c.223C>T,96,Point,Nonsense,Yes,-,-,-,Arg > *,223,-,75,29,Gla,Exon 2,p.(Arg75*),6460,Arg,*,arginine,-,-,Severe,-,-,<1,-,,,,,
3657,16074,c.223C>T,96,Point,Nonsense,No,-,-,-,Arg > *,223,-,75,29,Gla,Exon 2,p.(Arg75*),6460,Arg,*,arginine,-,-,Severe,-,-,<1,-,,,,,
3657,16075,c.223C>T,96,Point,Nonsense,No,-,-,-,Arg > *,223,-,75,29,Gla,Exon 2,p.(Arg75*),6460,Arg,*,arginine,-,-,Severe,-,-,<1,-,,,,,
3657,16076,c.223C>T,96,Point,Nonsense,No,-,-,-,Arg > *,223,-,75,29,Gla,Exon 2,p.(Arg75*),6460,Arg,*,arginine,-,-,Severe,-,-,<1,-,,,,,
3657,16077,c.223C>T,96,Point,Nonsense,No,-,-,-,Arg > *,223,-,75,29,Gla,Exon 2,p.(Arg75*),6460,Arg,*,arginine,-,-,Severe,-,-,<1,-,,,,,
3657,16078,c.223C>T,96,Point,Nonsense,No,-,-,-,Arg > *,223,-,75,29,Gla,Exon 2,p.(Arg75*),6460,Arg,*,arginine,-,-,Moderate,-,-,1%,-,,,,,
3657,16079,c.223C>T,96,Point,Nonsense,No,-,-,-,Arg > *,223,-,75,29,Gla,Exon 2,p.(Arg75*),6460,Arg,*,arginine,-,-,Severe,-,-,<1,-,,,,,
3657,16080,c.223C>T,96,Point,Nonsense,Yes,-,-,-,Arg > *,223,-,75,29,Gla,Exon 2,p.(Arg75*),6460,Arg,*,arginine,-,-,Severe,-,-,<1,-,,,,,
3657,16081,c.223C>T,96,Point,Nonsense,No,-,-,-,Arg > *,223,-,75,29,Gla,Exon 2,p.(Arg75*),6460,Arg,*,arginine,-,-,Severe,-,-,<1,-,,,,,
3657,16082,c.223C>T,96,Point,Nonsense,No,-,-,-,Arg > *,223,-,75,29,Gla,Exon 2,p.(Arg75*),6460,Arg,*,arginine,-,-,Severe,-,-,<1,-,,,,,
3657,16083,c.223C>T,96,Point,Nonsense,No,-,-,-,Arg > *,223,-,75,29,Gla,Exon 2,p.(Arg75*),6460,Arg,*,arginine,-,-,Severe,-,-,<1,-,,,,,
3657,16084,c.223C>T,96,Point,Nonsense,No,-,-,-,Arg > *,223,-,75,29,Gla,Exon 2,p.(Arg75*),6460,Arg,*,arginine,-,-,Severe,-,-,<1,-,,,,,
3657,16085,c.223C>T,96,Point,Nonsense,Yes,-,-,-,Arg > *,223,-,75,29,Gla,Exon 2,p.(Arg75*),6460,Arg,*,arginine,-,-,Severe,-,-,<1,-,,,,,
3657,16086,c.223C>T,96,Point,Nonsense,No,-,-,-,Arg > *,223,-,75,29,Gla,Exon 2,p.(Arg75*),6460,Arg,*,arginine,-,-,Severe,-,-,<1,-,,,,,
3657,16087,c.223C>T,96,Point,Nonsense,No,-,-,-,Arg > *,223,-,75,29,Gla,Exon 2,p.(Arg75*),6460,Arg,*,arginine,-,-,Severe,-,-,<1,-,,,,,
3658,12131,c.224G>A,30,Point,Missense,-,0.000005465,-,"Double (see 30,134) Donor splice (b) probably causes disease",Arg > Gln,224,-,75,29,Gla,Exon 2,p.Arg75Gln,6461,Arg,Gln,arginine,glutamine,-,Mild,-,-,37%,-,,,,,
3658,12132,c.224G>A,30,Point,Missense,-,0.000005465,-,"Double (see 30,134) Donor splice (b) probably causes disease",Arg > Gln,224,-,75,29,Gla,Exon 2,p.Arg75Gln,6461,Arg,Gln,arginine,glutamine,-,Mild,-,-,30%,-,,,,,
3658,12133,c.224G>A,30,Point,Missense,-,0.000005465,-,"Double (see 30,134) Donor splice (b) probably causes disease",Arg > Gln,224,-,75,29,Gla,Exon 2,p.Arg75Gln,6461,Arg,Gln,arginine,glutamine,-,Mild,-,-,20%,70%,,,,,
3658,12134,c.224G>A,30,Point,Missense,-,0.000005465,-,"Double (see 30,134) Donor splice (b) probably causes disease",Arg > Gln,224,-,75,29,Gla,Exon 2,p.Arg75Gln,6461,Arg,Gln,arginine,glutamine,-,Mild,-,-,19%,-,,,,,
3658,12135,c.224G>A,30,Point,Missense,-,0.000005465,-,"Double (see 30,134) Donor splice (b) probably causes disease",Arg > Gln,224,-,75,29,Gla,Exon 2,p.Arg75Gln,6461,Arg,Gln,arginine,glutamine,-,Mild,-,-,18%,-,,,,,
3658,12136,c.224G>A,30,Point,Missense,-,0.000005465,-,"Double (see 30,134) Donor splice (b) probably causes disease",Arg > Gln,224,-,75,29,Gla,Exon 2,p.Arg75Gln,6461,Arg,Gln,arginine,glutamine,-,Mild,-,-,10%,77%,,,,,
3658,12137,c.224G>A,30,Point,Missense,-,0.000005465,-,"Double (see 30,134) Donor splice (b) probably causes disease",Arg > Gln,224,-,75,29,Gla,Exon 2,p.Arg75Gln,6461,Arg,Gln,arginine,glutamine,-,-,-,-,-,-,,,,,
3658,12138,c.224G>A,30,Point,Missense,-,0.000005465,-,"Double (see 30,134) Donor splice (b) probably causes disease",Arg > Gln,224,-,75,29,Gla,Exon 2,p.Arg75Gln,6461,Arg,Gln,arginine,glutamine,-,Mild,-,-,18%,51%,,,,,
3658,12139,c.224G>A,30,Point,Missense,-,0.000005465,-,"Double (see 30,134) Donor splice (b) probably causes disease",Arg > Gln,224,-,75,29,Gla,Exon 2,p.Arg75Gln,6461,Arg,Gln,arginine,glutamine,-,-,-,-,-,-,,,,,
3658,12140,c.224G>A,30,Point,Missense,-,0.000005465,-,"Double (see 30,134) Donor splice (b) probably causes disease",Arg > Gln,224,-,75,29,Gla,Exon 2,p.Arg75Gln,6461,Arg,Gln,arginine,glutamine,-,Mild,-,-,25%,-,,,,,
3658,12141,c.224G>A,30,Point,Missense,-,0.000005465,-,"Double (see 30,134) Donor splice (b) probably causes disease",Arg > Gln,224,-,75,29,Gla,Exon 2,p.Arg75Gln,6461,Arg,Gln,arginine,glutamine,-,Mild,-,-,29%,-,,,,,
3658,12142,c.224G>A,30,Point,Missense,-,0.000005465,-,"Double (see 30,134) Donor splice (b) probably causes disease",Arg > Gln,224,-,75,29,Gla,Exon 2,p.Arg75Gln,6461,Arg,Gln,arginine,glutamine,-,Mild,-,-,35%,-,,,,,
3658,12143,c.224G>A,30,Point,Missense,-,0.000005465,-,"Double (see 30,134) Donor splice (b) probably causes disease",Arg > Gln,224,-,75,29,Gla,Exon 2,p.Arg75Gln,6461,Arg,Gln,arginine,glutamine,-,Mild,-,-,31%,-,,,,,
3658,12144,c.224G>A,30,Point,Missense,-,0.000005465,-,"Double (see 30,134) Donor splice (b) probably causes disease",Arg > Gln,224,-,75,29,Gla,Exon 2,p.Arg75Gln,6461,Arg,Gln,arginine,glutamine,-,Mild,-,-,47%,-,,,,,
3658,12145,c.224G>A,30,Point,Missense,-,0.000005465,-,"Double (see 30,134) Donor splice (b) probably causes disease",Arg > Gln,224,-,75,29,Gla,Exon 2,p.Arg75Gln,6461,Arg,Gln,arginine,glutamine,-,Mild,-,-,33%,-,,,,,
3658,12146,c.224G>A,30,Point,Missense,-,0.000005465,-,"Double (see 30,134) Donor splice (b) probably causes disease",Arg > Gln,224,-,75,29,Gla,Exon 2,p.Arg75Gln,6461,Arg,Gln,arginine,glutamine,-,Mild,-,-,20%,-,,,,,
3658,15176,c.224G>A,30,Point,Missense,No,0.000005465,-,"Double (see 30,134) Donor splice (b) probably causes disease",Arg > Gln,224,-,75,29,Gla,Exon 2,p.Arg75Gln,6461,Arg,Gln,arginine,glutamine,-,Mild,-,-,-,-,,,,,
3658,15403,c.224G>A,30,Point,Missense,No,0.000005465,-,"Double (see 30,134) Donor splice (b) probably causes disease",Arg > Gln,224,-,75,29,Gla,Exon 2,p.Arg75Gln,6461,Arg,Gln,arginine,glutamine,-,Mild,-,-,29%,-,,,,,
3658,15404,c.224G>A,30,Point,Missense,-,0.000005465,-,"Double (see 30,134) Donor splice (b) probably causes disease",Arg > Gln,224,-,75,29,Gla,Exon 2,p.Arg75Gln,6461,Arg,Gln,arginine,glutamine,-,Mild,-,-,16%,-,,,,,
3658,15405,c.224G>A,30,Point,Missense,No,0.000005465,-,"Double (see 30,134) Donor splice (b) probably causes disease",Arg > Gln,224,-,75,29,Gla,Exon 2,p.Arg75Gln,6461,Arg,Gln,arginine,glutamine,-,Mild,-,-,23%,-,,,,,
3658,15406,c.224G>A,30,Point,Missense,-,0.000005465,-,"Double (see 30,134) Donor splice (b) probably causes disease",Arg > Gln,224,-,75,29,Gla,Exon 2,p.Arg75Gln,6461,Arg,Gln,arginine,glutamine,-,Mild,-,-,20%,-,,,,,
3658,15407,c.224G>A,30,Point,Missense,No,0.000005465,-,"Double (see 30,134) Donor splice (b) probably causes disease",Arg > Gln,224,-,75,29,Gla,Exon 2,p.Arg75Gln,6461,Arg,Gln,arginine,glutamine,-,Mild,-,-,33%,-,,,,,
3658,15408,c.224G>A,30,Point,Missense,No,0.000005465,-,"Double (see 30,134) Donor splice (b) probably causes disease",Arg > Gln,224,-,75,29,Gla,Exon 2,p.Arg75Gln,6461,Arg,Gln,arginine,glutamine,-,Mild,-,-,20%,-,,,,,
3658,15409,c.224G>A,30,Point,Missense,No,0.000005465,-,"Double (see 30,134) Donor splice (b) probably causes disease",Arg > Gln,224,-,75,29,Gla,Exon 2,p.Arg75Gln,6461,Arg,Gln,arginine,glutamine,-,Mild,-,-,17%,-,,,,,
3658,15410,c.224G>A,30,Point,Missense,No,0.000005465,-,"Double (see 30,134) Donor splice (b) probably causes disease",Arg > Gln,224,-,75,29,Gla,Exon 2,p.Arg75Gln,6461,Arg,Gln,arginine,glutamine,-,Mild,-,-,24%,-,,,,,
3658,15411,c.224G>A,30,Point,Missense,No,0.000005465,-,"Double (see 30,134) Donor splice (b) probably causes disease",Arg > Gln,224,-,75,29,Gla,Exon 2,p.Arg75Gln,6461,Arg,Gln,arginine,glutamine,-,Mild,-,-,45%,-,,,,,
3658,15412,c.224G>A,30,Point,Missense,No,0.000005465,-,"Double (see 30,134) Donor splice (b) probably causes disease",Arg > Gln,224,-,75,29,Gla,Exon 2,p.Arg75Gln,6461,Arg,Gln,arginine,glutamine,-,Mild,-,-,46%,-,,,,,
3658,15413,c.224G>A,30,Point,Missense,No,0.000005465,-,"Double (see 30,134) Donor splice (b) probably causes disease",Arg > Gln,224,-,75,29,Gla,Exon 2,p.Arg75Gln,6461,Arg,Gln,arginine,glutamine,-,Mild,-,-,53%,-,,,,,
3658,15414,c.224G>A,30,Point,Missense,-,0.000005465,-,"Double (see 30,134) Donor splice (b) probably causes disease",Arg > Gln,224,-,75,29,Gla,Exon 2,p.Arg75Gln,6461,Arg,Gln,arginine,glutamine,-,Mild,-,-,21%,-,,,,,
3658,15415,c.224G>A,30,Point,Missense,No,0.000005465,-,"Double (see 30,134) Donor splice (b) probably causes disease",Arg > Gln,224,-,75,29,Gla,Exon 2,p.Arg75Gln,6461,Arg,Gln,arginine,glutamine,-,Mild,-,-,20%,-,,,,,
3659,12147,c.224G>C,1,Point,Missense,-,-,-,-,Arg > Pro,224,-,75,29,Gla,Exon 2,p.Arg75Pro,6461,Arg,Pro,arginine,proline,-,Moderate,-,-,1%,-,,,,,
3660,12148,c.226G>A,4,Point,Missense,-,-,-,Gla de novo MGM (38),Glu > Lys,226,-,76,30,Gla,Exon 2,p.Glu76Lys,6463,Glu,Lys,glutamic acid,lysine,-,Moderate,-,-,1%,-,,,,,
3660,12149,c.226G>A,4,Point,Missense,-,-,-,Gla de novo MGM (38),Glu > Lys,226,-,76,30,Gla,Exon 2,p.Glu76Lys,6463,Glu,Lys,glutamic acid,lysine,-,Severe,-,-,<1,-,,,,,
3660,12150,c.226G>A,4,Point,Missense,-,-,-,Gla de novo MGM (38),Glu > Lys,226,-,76,30,Gla,Exon 2,p.Glu76Lys,6463,Glu,Lys,glutamic acid,lysine,-,Moderate,-,-,-,-,,,,,
3660,15416,c.226G>A,4,Point,Missense,No,-,-,Gla de novo MGM (38),Glu > Lys,226,-,76,30,Gla,Exon 2,p.Glu76Lys,6463,Glu,Lys,glutamic acid,lysine,-,Severe,-,-,<1,-,,,,,
3661,12151,c.226G>T,1,Point,Nonsense,-,-,-,-,Glu > *,226,-,76,30,Gla,Exon 2,p.(Glu76*),6463,Glu,*,glutamic acid,-,-,Severe,-,-,<1,-,,,,,
3662,12152,c.228A>C,2,Point,Missense,-,-,-,-,Glu > Asp,228,-,76,30,Gla,Exon 2,p.Glu76Asp,6465,Glu,Asp,glutamic acid,aspartic acid,-,Severe,-,-,<1,-,,,,,
3662,15087,c.228A>C,2,Point,Missense,No,-,-,-,Glu > Asp,228,-,76,30,Gla,Exon 2,p.Glu76Asp,6465,Glu,Asp,glutamic acid,aspartic acid,-,Moderate,-,-,-,-,,,,,
3663,12153,c.229delG,1,Deletion,Frameshift,-,-,-,Frameshift,Val77fs,229,-,77,31,Gla,Exon 2,p.(Val77Phefs*27),6466,Val77fs,-,valine,-,-,Severe,-,-,<1,<1,,,,,
3664,12154,c.233T>C,1,Point,Missense,-,-,-,-,Phe > Ser,233,-,78,32,Gla,Exon 2,p.Phe78Ser,6470,Phe,Ser,phenylalanine,serine,-,Moderate,-,-,5%,-,,,,,
3665,12155,c.235G>A,4,Point,Missense,-,-,-,-,Glu > Lys,235,-,79,33,Gla,Exon 2,p.Glu79Lys,6472,Glu,Lys,glutamic acid,lysine,-,-,-,-,-,-,,,,,
3665,12156,c.235G>A,4,Point,Missense,-,-,-,-,Glu > Lys,235,-,79,33,Gla,Exon 2,p.Glu79Lys,6472,Glu,Lys,glutamic acid,lysine,-,Severe,-,-,<1,-,,,,,
3665,12157,c.235G>A,4,Point,Missense,-,-,-,-,Glu > Lys,235,-,79,33,Gla,Exon 2,p.Glu79Lys,6472,Glu,Lys,glutamic acid,lysine,-,Severe,-,-,-,-,,,,,
3665,12158,c.235G>A,4,Point,Missense,-,-,-,-,Glu > Lys,235,-,79,33,Gla,Exon 2,p.Glu79Lys,6472,Glu,Lys,glutamic acid,lysine,-,Severe,-,-,-,-,,,,,
3666,14970,c.235G>C,1,Point,Missense,No,-,-,Gla,Glu > Gln,235,-,79,33,Gla,Exon 2,p.Glu79Gln,6472,Glu,Gln,glutamic acid,glutamine,-,Severe,-,-,0%,-,,,,,
3668,12160,c.239del,1,Deletion,Frameshift,-,-,-,Frameshift,Glu > Thrfs,239,-,80,34,Gla,Exon 2,p.(Asn80Thrfs*24),6473,Glu,Thrfs,asparagine,-,-,Severe,-,-,0%,-,,,,,
3669,12161,c.236A>C,3,Point,Missense,-,-,-,Gla,Glu > Ala,236,-,79,33,Gla,Exon 2,p.Glu79Ala,6473,Glu,Ala,glutamic acid,alanine,-,Moderate,-,-,5.57%,-,,,,,
3669,15088,c.236A>C,3,Point,Missense,No,-,-,Gla,Glu > Ala,236,-,79,33,Gla,Exon 2,p.Glu79Ala,6473,Glu,Ala,glutamic acid,alanine,-,Moderate,-,-,-,-,,,,,
3669,15417,c.236A>C,3,Point,Missense,No,-,-,Gla,Glu > Ala,236,-,79,33,Gla,Exon 2,p.Glu79Ala,6473,Glu,Ala,glutamic acid,alanine,-,Severe,-,-,<1,-,,,,,
3670,12162,c.236A>G,1,Point,Missense,-,-,-,-,Glu > Gly,236,-,79,33,Gla,Exon 2,p.Glu79Gly,6473,Glu,Gly,glutamic acid,glycine,-,Moderate,-,-,1%,-,,,,,
3671,12163,c.237A>C,2,Point,Missense,-,-,-,Gla,Glu > Asp,237,-,79,33,Gla,Exon 2,p.Glu79Asp,6474,Glu,Asp,glutamic acid,aspartic acid,-,Moderate,-,-,4%,-,,,,,
3671,12164,c.237A>C,2,Point,Missense,-,-,-,Gla,Glu > Asp,237,-,79,33,Gla,Exon 2,p.Glu79Asp,6474,Glu,Asp,glutamic acid,aspartic acid,-,-,-,-,-,-,,,,,
3672,12165,c.250A>G,1,Point,Missense,-,0.000107591,-,-,Thr > Ala,250,-,84,38,Gla,Exon 2,p.Thr84Ala,6487,Thr,Ala,threonine,alanine,-,-,-,-,-,-,,,,,
3673,12166,c.251C>G,1,Point,Missense,-,-,-,-,Thr > Arg,251,-,84,38,Gla,Exon 2,p.Thr84Arg,6488,Thr,Arg,threonine,arginine,-,Severe,-,-,<1,-,,,,,
3674,12167,c.251C>T,4,Point,Missense,-,-,-,-,Thr > Ile,251,-,84,38,Gla,Exon 2,p.Thr84Ile,6488,Thr,Ile,threonine,isoleucine,-,Mild,-,-,7%,-,,,,,
3674,12168,c.251C>T,4,Point,Missense,-,-,-,-,Thr > Ile,251,-,84,38,Gla,Exon 2,p.Thr84Ile,6488,Thr,Ile,threonine,isoleucine,-,Mild,-,-,10%,-,,,,,
3674,12169,c.251C>T,4,Point,Missense,-,-,-,-,Thr > Ile,251,-,84,38,Gla,Exon 2,p.Thr84Ile,6488,Thr,Ile,threonine,isoleucine,-,Mild,-,-,16%,40%,,,,,
3674,14902,c.251C>T,4,Point,Missense,-,-,-,-,Thr > Ile,251,-,84,38,Gla,Exon 2,p.Thr84Ile,6488,Thr,Ile,threonine,isoleucine,-,Mild,-,-,7.90%,-,,,,,
3675,12170,c.262delT,1,Deletion,Frameshift,Yes,-,-,"Frameshift, Inhibitor",Trp88fs,262,-,88,42,Gla,Exon 3,p.(Trp88Glyfs*16),6684,Trp88fs,-,tryptophan,-,-,Severe,-,-,<1,-,,,,,
3676,12171,c.259T>G,1,Point,Missense,No,-,-,-,Phe > Val,259,-,87,41,Gla,Exon 3,p.Phe87Val,6684,Phe,Val,phenylalanine,valine,-,Mild,-,-,15%,34%,,,,,
3677,12177,c.262T>C,1,Point,Missense,-,-,-,-,Trp > Arg,262,-,88,42,Gla,Exon 3,p.Trp88Arg,6687,Trp,Arg,tryptophan,arginine,-,Severe,-,-,<1,-,,,,,
3678,12178,c.263G>A,3,Point,Nonsense,-,-,-,-,Trp > *,263,-,88,42,Gla,Exon 3,p.(Trp88*),6688,Trp,*,tryptophan,-,-,Severe,-,-,<1,<1,,,,,
3678,12179,c.263G>A,3,Point,Nonsense,-,-,-,-,Trp > *,263,-,88,42,Gla,Exon 3,p.(Trp88*),6688,Trp,*,tryptophan,-,-,Severe,-,-,<1,-,,,,,
3678,12180,c.263G>A,3,Point,Nonsense,-,-,-,-,Trp > *,263,-,88,42,Gla,Exon 3,p.(Trp88*),6688,Trp,*,tryptophan,-,-,Moderate,-,-,2%,-,,,,,
3679,12181,c.265A>G,1,Point,Missense,-,-,-,-,Lys > Glu,265,-,89,43,Gla,Exon 3,p.Lys89Glu,6690,Lys,Glu,lysine,glutamic acid,-,Mild,-,-,14%,96%,,,,,
3680,12182,c.265A>T,1,Point,Nonsense,-,-,-,-,Lys > *,265,-,89,43,Gla,Exon 3,p.(Lys89*),6690,Lys,*,lysine,-,-,-,-,-,-,-,,,,,
3681,12183,c.268C>T,4,Point,Nonsense,-,-,-,-,Gln > *,268,-,90,44,Gla,Exon 3,p.(Gln90*),6693,Gln,*,glutamine,-,-,Severe,-,-,<1,-,,,,,
3681,15089,c.268C>T,4,Point,Nonsense,No,-,-,-,Gln > *,268,-,90,44,Gla,Exon 3,p.(Gln90*),6693,Gln,*,glutamine,-,-,Moderate,-,-,-,-,,,,,
3681,16088,c.268C>T,4,Point,Nonsense,No,-,-,-,Gln > *,268,-,90,44,Gla,Exon 3,p.(Gln90*),6693,Gln,*,glutamine,-,-,Severe,-,-,<1,-,,,,,
3681,16089,c.268C>T,4,Point,Nonsense,No,-,-,-,Gln > *,268,-,90,44,Gla,Exon 3,p.(Gln90*),6693,Gln,*,glutamine,-,-,Severe,-,-,<1,-,,,,,
3682,12184,c.271T>A,3,Point,Missense,-,-,-,-,Tyr > Asn,271,-,91,45,Gla,Exon 3,p.Tyr91Asn,6696,Tyr,Asn,tyrosine,asparagine,-,Mild,-,-,9%,-,,,,,
3682,12185,c.271T>A,3,Point,Missense,-,-,-,-,Tyr > Asn,271,-,91,45,Gla,Exon 3,p.Tyr91Asn,6696,Tyr,Asn,tyrosine,asparagine,-,Severe,-,-,<1,-,,,,,
3682,15418,c.271T>A,3,Point,Missense,No,-,-,-,Tyr > Asn,271,-,91,45,Gla,Exon 3,p.Tyr91Asn,6696,Tyr,Asn,tyrosine,asparagine,-,Mild,-,-,18%,-,,,,,
3683,12186,c.271T>G,1,Point,Missense,-,-,-,-,Tyr > Asp,271,-,91,45,Gla,Exon 3,p.Tyr91Asp,6696,Tyr,Asp,tyrosine,aspartic acid,-,Mild,-,-,9%,59%,,,,,
3684,12187,c.272A>G,3,Point,Missense,-,-,-,-,Tyr > Cys,272,-,91,45,Gla,Exon 3,p.Tyr91Cys,6697,Tyr,Cys,tyrosine,cysteine,-,Moderate,-,-,-,-,,,,,
3684,12188,c.272A>G,3,Point,Missense,-,-,-,-,Tyr > Cys,272,-,91,45,Gla,Exon 3,p.Tyr91Cys,6697,Tyr,Cys,tyrosine,cysteine,-,-,-,-,-,-,,,,,
3684,12189,c.272A>G,3,Point,Missense,-,-,-,-,Tyr > Cys,272,-,91,45,Gla,Exon 3,p.Tyr91Cys,6697,Tyr,Cys,tyrosine,cysteine,-,Moderate,-,-,-,-,,,,,
3685,12190,c.275T>C,1,Point,Missense,-,-,-,-,Val > Ala,275,-,92,46,Gla,Exon 3,p.Val92Ala,6700,Val,Ala,valine,alanine,-,-,-,-,-,-,,,,,
3686,12191,c.277G>A,6,Point,Missense,-,-,-,Donor splice (c)?,Asp > Asn,277,-,93,47,EGF1,Exon 3,p.Asp93Asn,6702,Asp,Asn,aspartic acid,asparagine,-,Moderate,-,-,-,-,,,,,
3686,12192,c.277G>A,6,Point,Missense,-,-,-,Donor splice (c)?,Asp > Asn,277,-,93,47,EGF1,Exon 3,p.Asp93Asn,6702,Asp,Asn,aspartic acid,asparagine,-,Severe,-,-,<1,<1,,,,,
3686,12193,c.277G>A,6,Point,Missense,-,-,-,Donor splice (c)?,Asp > Asn,277,-,93,47,EGF1,Exon 3,p.Asp93Asn,6702,Asp,Asn,aspartic acid,asparagine,-,Severe,-,-,<1,<1,,,,,
3686,12194,c.277G>A,6,Point,Missense,-,-,-,Donor splice (c)?,Asp > Asn,277,-,93,47,EGF1,Exon 3,p.Asp93Asn,6702,Asp,Asn,aspartic acid,asparagine,-,Severe,-,-,<1,-,,,,,
3686,15177,c.277G>A,6,Point,Missense,No,-,-,Donor splice (c)?,Asp > Asn,277,-,93,47,EGF1,Exon 3,p.Asp93Asn,6702,Asp,Asn,aspartic acid,asparagine,-,Severe,-,-,-,-,,,,,
3686,15419,c.277G>A,6,Point,Missense,No,-,-,Donor splice (c)?,Asp > Asn,277,-,93,47,EGF1,Exon 3,p.Asp93Asn,6702,Asp,Asn,aspartic acid,asparagine,-,Severe,-,-,<1,-,,,,,
3687,12195,c.277G>C,1,Point,Missense,-,-,-,Donor splice,Asp > His,277,-,93,47,EGF1,Exon 3,p.Asp93His,6702,Asp,His,aspartic acid,histidine,-,Severe,-,-,<1,-,,,,,
3688,12196,c.278-3A>G,7,Point,-,-,-,-,"Royal Disease (Rogaev et al,2009)",-,278,-,,,-,Intron 3,N/A,10389,-,-,-,-,-,Severe,-,-,<1,-,,,,,
3688,14787,c.278-3A>G,7,Point,-,-,-,-,"Royal Disease (Rogaev et al,2009)",-,278,-,,,-,Intron 3,N/A,10389,-,-,-,-,-,Severe,-,-,<1,-,,,,,
3688,14788,c.278-3A>G,7,Point,-,-,-,-,"Royal Disease (Rogaev et al,2009)",-,278,-,,,-,Intron 3,N/A,10389,-,-,-,-,-,Severe,-,-,<1,-,,,,,
3688,14789,c.278-3A>G,7,Point,-,-,-,-,"Royal Disease (Rogaev et al,2009)",-,278,-,,,-,Intron 3,N/A,10389,-,-,-,-,-,Severe,-,-,<1,27%,,,,,
3688,14951,c.278-3A>G,7,Point,-,-,-,-,"Royal Disease (Rogaev et al,2009)",-,278,-,,,-,Intron 3,N/A,10389,-,-,-,-,-,Severe,-,-,-,-,<1% of functional F9 transcripts produced experimentally,,,,
3688,15222,c.278-3A>G,7,Point,-,No,-,-,"Royal Disease (Rogaev et al,2009)",-,278,-,,,-,Intron 3,N/A,10389,-,-,-,-,-,Severe,-,-,-,-,,,,,
3688,16168,c.278-3A>G,7,Point,-,-,-,-,"Royal Disease (Rogaev et al,2009)",-,278,-,,,-,Intron 3,N/A,10389,-,-,-,-,-,Severe,-,-,<1,-,,,,,
3689,12197,c.278A>G,2,Point,Missense,-,-,-,-,Asp > Gly,278,-,93,47,EGF1,Exon 4,p.Asp93Gly,10392,Asp,Gly,aspartic acid,glycine,-,Mild,-,-,24%,-,,,,,
3689,12198,c.278A>G,2,Point,Missense,-,-,-,-,Asp > Gly,278,-,93,47,EGF1,Exon 4,p.Asp93Gly,10392,Asp,Gly,aspartic acid,glycine,-,Mild,-,-,10%,100%,,,,,
3690,12199,c.279T>A,2,Point,Missense,-,-,-,-,Asp > Glu,279,-,93,47,EGF1,Exon 4,p.Asp93Glu,10393,Asp,Glu,aspartic acid,glutamic acid,-,Moderate,-,-,1%,90%,,,,,
3690,12200,c.279T>A,2,Point,Missense,-,-,-,-,Asp > Glu,279,-,93,47,EGF1,Exon 4,p.Asp93Glu,10393,Asp,Glu,aspartic acid,glutamic acid,-,Mild,-,-,14%,80%,,,,,
3691,12201,c.280G>A,4,Point,Missense,No,-,-,-,Gly > Arg,280,-,94,48,EGF1,Exon 4,p.Gly94Arg,10394,Gly,Arg,glycine,arginine,-,Mild,-,-,25%,89%,,,,,
3691,12202,c.280G>A,4,Point,Missense,No,-,-,-,Gly > Arg,280,-,94,48,EGF1,Exon 4,p.Gly94Arg,10394,Gly,Arg,glycine,arginine,-,Mild,-,-,28%,70%,,,,,
3691,12203,c.280G>A,4,Point,Missense,-,-,-,-,Gly > Arg,280,-,94,48,EGF1,Exon 4,p.Gly94Arg,10394,Gly,Arg,glycine,arginine,-,Mild,-,-,28%,101%,,,,,
3691,15420,c.280G>A,4,Point,Missense,No,-,-,-,Gly > Arg,280,-,94,48,EGF1,Exon 4,p.Gly94Arg,10394,Gly,Arg,glycine,arginine,-,Mild,-,-,32%,-,,,,,
3692,12204,c.281G>T,2,Point,Missense,-,-,-,de novo in mother,Gly > Val,281,-,94,48,EGF1,Exon 4,p.Gly94Val,10395,Gly,Val,glycine,valine,-,Mild,-,-,19%,108%,,,,,
3692,12205,c.281G>T,2,Point,Missense,-,-,-,de novo in mother,Gly > Val,281,-,94,48,EGF1,Exon 4,p.Gly94Val,10395,Gly,Val,glycine,valine,-,-,-,-,-,-,,,,,
3693,12207,c.284delA,1,Deletion,Frameshift,No,-,-,Frameshift,Asp95fs,284,-,95,49,EGF1,Exon 4,p.(Asp95Valfs*9),10398,Asp95fs,-,aspartic acid,-,-,Moderate,-,-,2%,2%,,,,,
3694,12208,c.284A>G,1,Point,Missense,-,-,-,-,Asp > Gly,284,-,95,49,EGF1,Exon 4,p.Asp95Gly,10398,Asp,Gly,aspartic acid,glycine,-,Moderate,-,-,4%,-,,,,,
3695,12209,c.284A>T,1,Point,Missense,-,-,-,-,Asp > Val,284,-,95,49,EGF1,Exon 4,p.Asp95Val,10398,Asp,Val,aspartic acid,valine,-,-,-,-,-,-,,,,,
3696,12210,c.286C>T,3,Point,Nonsense,-,-,-,-,Gln > *,286,-,96,50,EGF1,Exon 4,p.(Gln96*),10400,Gln,*,glutamine,-,-,Severe,-,-,<1,-,,,,,
3696,12211,c.286C>T,3,Point,Nonsense,-,-,-,-,Gln > *,286,-,96,50,EGF1,Exon 4,p.(Gln96*),10400,Gln,*,glutamine,-,-,Severe,-,-,<1,-,,,,,
3696,12212,c.286C>T,3,Point,Nonsense,-,-,-,-,Gln > *,286,-,96,50,EGF1,Exon 4,p.(Gln96*),10400,Gln,*,glutamine,-,-,Severe,-,-,-,-,,,,,
3697,12213,c.286C>G,1,Point,Missense,-,-,-,Type I,Gln > Glu,286,-,96,50,EGF1,Exon 4,p.Gln96Glu,10400,Gln,Glu,glutamine,glutamic acid,-,Severe,-,-,<1,<1,,,,,
3698,12214,c.287A>C,1,Point,Missense,-,-,-,Decreased XIa activation,Gln > Pro,287,-,96,50,EGF1,Exon 4,p.Gln96Pro,10401,Gln,Pro,glutamine,proline,-,Severe,-,-,<1,114%,,,,,
3699,12215,c.288G>C,2,Point,Missense,-,-,-,-,Gln > His,288,-,96,50,EGF1,Exon 4,p.Gln96His,10402,Gln,His,glutamine,histidine,-,-,-,-,-,-,,,,,
3699,12217,c.288G>C,2,Point,Missense,-,-,-,-,Gln > His,288,-,96,50,EGF1,Exon 4,p.Gln96His,10402,Gln,His,glutamine,histidine,-,Mild,-,-,24%,-,,,,,
3700,12216,c.288G>T,1,Point,Missense,-,-,-,-,Gln > His,288,-,96,50,EGF1,Exon 4,p.Gln96His,10402,Gln,His,glutamine,histidine,-,Mild,-,-,15%,-,,,,,
3701,12218,c.289T>C,2,Point,Missense,-,-,-,-,Cys > Arg,289,-,97,51,EGF1,Exon 4,p.Cys97Arg,10403,Cys,Arg,cysteine,arginine,-,Severe,-,-,<1,2%,,,,,
3701,12219,c.289T>C,2,Point,Missense,-,-,-,-,Cys > Arg,289,-,97,51,EGF1,Exon 4,p.Cys97Arg,10403,Cys,Arg,cysteine,arginine,-,Mild,-,-,42%,-,,,,,
3702,12220,c.289T>A,1,Point,Missense,-,-,-,-,Cys > Ser,289,-,97,51,EGF1,Exon 4,p.Cys97Ser,10403,Cys,Ser,cysteine,serine,-,-,-,-,-,-,,,,,
3703,12221,c.290G>A,1,Point,Missense,-,-,-,#ERROR!,Cys > Tyr,290,-,97,51,EGF1,Exon 4,p.Cys97Tyr,10404,Cys,Tyr,cysteine,tyrosine,-,Severe,-,-,<1,-,,,,,
3704,12222,c.291T>G,6,Point,Missense,-,-,-,-,Cys > Trp,291,-,97,51,EGF1,Exon 4,p.Cys97Trp,10405,Cys,Trp,cysteine,tryptophan,-,Severe,-,-,<1,<1,,,,,
3704,12223,c.291T>G,6,Point,Missense,No,-,-,-,Cys > Trp,291,-,97,51,EGF1,Exon 4,p.Cys97Trp,10405,Cys,Trp,cysteine,tryptophan,-,Severe,-,-,<1,5%,,,,,
3704,12224,c.291T>G,6,Point,Missense,No,-,-,-,Cys > Trp,291,-,97,51,EGF1,Exon 4,p.Cys97Trp,10405,Cys,Trp,cysteine,tryptophan,-,Severe,-,-,<1,<10,,,,,
3704,12225,c.291T>G,6,Point,Missense,No,-,-,-,Cys > Trp,291,-,97,51,EGF1,Exon 4,p.Cys97Trp,10405,Cys,Trp,cysteine,tryptophan,-,Moderate,-,-,1%,5%,,,,,
3704,12226,c.291T>G,6,Point,Missense,-,-,-,-,Cys > Trp,291,-,97,51,EGF1,Exon 4,p.Cys97Trp,10405,Cys,Trp,cysteine,tryptophan,-,-,-,-,-,-,,,,,
3704,12227,c.291T>G,6,Point,Missense,-,-,-,-,Cys > Trp,291,-,97,51,EGF1,Exon 4,p.Cys97Trp,10405,Cys,Trp,cysteine,tryptophan,-,Mild,-,-,30%,-,,,,,
3705,12228,c.292G>T,3,Point,Nonsense,-,-,-,de novo in mother (23),Glu > *,292,-,98,52,EGF1,Exon 4,p.(Glu98*),10406,Glu,*,glutamic acid,-,-,Severe,-,-,<1,-,,,,,
3705,12229,c.292G>T,3,Point,Nonsense,-,-,-,de novo in mother (23),Glu > *,292,-,98,52,EGF1,Exon 4,p.(Glu98*),10406,Glu,*,glutamic acid,-,-,-,-,-,-,-,,,,,
3705,12230,c.292G>T,3,Point,Nonsense,-,-,-,de novo in mother (23),Glu > *,292,-,98,52,EGF1,Exon 4,p.(Glu98*),10406,Glu,*,glutamic acid,-,-,Severe,-,-,<1,20%,,,,,
3706,12231,c.301C>A,2,Point,Missense,-,-,-,-,Pro > Thr,301,-,101,55,EGF1,Exon 4,p.Pro101Thr,10415,Pro,Thr,proline,threonine,-,Mild,-,-,13%,95%,,,,,
3706,15178,c.301C>A,2,Point,Missense,No,-,-,-,Pro > Thr,301,-,101,55,EGF1,Exon 4,p.Pro101Thr,10415,Pro,Thr,proline,threonine,-,Mild,-,-,-,-,,,,,
3707,12232,c.301C>G,25,Point,Missense,-,0.000045606,-,-,Pro > Ala,301,-,101,55,EGF1,Exon 4,p.Pro101Ala,10415,Pro,Ala,proline,alanine,-,Mild,-,-,10 to 12,49%,,,,,
3707,12233,c.301C>G,25,Point,Missense,-,0.000045606,-,-,Pro > Ala,301,-,101,55,EGF1,Exon 4,p.Pro101Ala,10415,Pro,Ala,proline,alanine,-,Mild,-,-,10%,<30,,,,,
3707,12234,c.301C>G,25,Point,Missense,-,0.000045606,-,-,Pro > Ala,301,-,101,55,EGF1,Exon 4,p.Pro101Ala,10415,Pro,Ala,proline,alanine,-,Mild,-,-,8%,53%,,,,,
3707,12235,c.301C>G,25,Point,Missense,-,0.000045606,-,-,Pro > Ala,301,-,101,55,EGF1,Exon 4,p.Pro101Ala,10415,Pro,Ala,proline,alanine,-,Mild,-,-,6%,-,,,,,
3707,12236,c.301C>G,25,Point,Missense,-,0.000045606,-,-,Pro > Ala,301,-,101,55,EGF1,Exon 4,p.Pro101Ala,10415,Pro,Ala,proline,alanine,-,Mild,-,-,6%,-,,,,,
3707,12237,c.301C>G,25,Point,Missense,-,0.000045606,-,-,Pro > Ala,301,-,101,55,EGF1,Exon 4,p.Pro101Ala,10415,Pro,Ala,proline,alanine,-,Severe,-,-,-,-,,,,,
3707,12238,c.301C>G,25,Point,Missense,-,0.000045606,-,-,Pro > Ala,301,-,101,55,EGF1,Exon 4,p.Pro101Ala,10415,Pro,Ala,proline,alanine,-,Mild,-,-,11%,58%,,,,,
3707,15179,c.301C>G,25,Point,Missense,No,0.000045606,-,-,Pro > Ala,301,-,101,55,EGF1,Exon 4,p.Pro101Ala,10415,Pro,Ala,proline,alanine,-,Mild,-,-,-,-,,,,,
3707,15421,c.301C>G,25,Point,Missense,-,0.000045606,-,-,Pro > Ala,301,-,101,55,EGF1,Exon 4,p.Pro101Ala,10415,Pro,Ala,proline,alanine,-,Mild,-,-,5.10%,-,,,,,
3707,15422,c.301C>G,25,Point,Missense,-,0.000045606,-,-,Pro > Ala,301,-,101,55,EGF1,Exon 4,p.Pro101Ala,10415,Pro,Ala,proline,alanine,-,Mild,-,-,5.10%,-,,,,,
3707,15423,c.301C>G,25,Point,Missense,No,0.000045606,-,-,Pro > Ala,301,-,101,55,EGF1,Exon 4,p.Pro101Ala,10415,Pro,Ala,proline,alanine,-,Mild,-,-,7%,-,,,,,
3707,15424,c.301C>G,25,Point,Missense,No,0.000045606,-,-,Pro > Ala,301,-,101,55,EGF1,Exon 4,p.Pro101Ala,10415,Pro,Ala,proline,alanine,-,Mild,-,-,8%,-,,,,,
3707,15425,c.301C>G,25,Point,Missense,-,0.000045606,-,-,Pro > Ala,301,-,101,55,EGF1,Exon 4,p.Pro101Ala,10415,Pro,Ala,proline,alanine,-,Mild,-,-,11%,-,,,,,
3707,15426,c.301C>G,25,Point,Missense,No,0.000045606,-,-,Pro > Ala,301,-,101,55,EGF1,Exon 4,p.Pro101Ala,10415,Pro,Ala,proline,alanine,-,Mild,-,-,10%,-,,,,,
3707,15427,c.301C>G,25,Point,Missense,-,0.000045606,-,-,Pro > Ala,301,-,101,55,EGF1,Exon 4,p.Pro101Ala,10415,Pro,Ala,proline,alanine,-,Mild,-,-,11%,-,,,,,
3707,15428,c.301C>G,25,Point,Missense,No,0.000045606,-,-,Pro > Ala,301,-,101,55,EGF1,Exon 4,p.Pro101Ala,10415,Pro,Ala,proline,alanine,-,Moderate,-,-,2%,-,,,,,
3707,15429,c.301C>G,25,Point,Missense,No,0.000045606,-,-,Pro > Ala,301,-,101,55,EGF1,Exon 4,p.Pro101Ala,10415,Pro,Ala,proline,alanine,-,Mild,-,-,9%,-,,,,,
3707,15430,c.301C>G,25,Point,Missense,-,0.000045606,-,-,Pro > Ala,301,-,101,55,EGF1,Exon 4,p.Pro101Ala,10415,Pro,Ala,proline,alanine,-,Mild,-,-,11%,-,,,,,
3707,15431,c.301C>G,25,Point,Missense,-,0.000045606,-,-,Pro > Ala,301,-,101,55,EGF1,Exon 4,p.Pro101Ala,10415,Pro,Ala,proline,alanine,-,Mild,-,-,9%,-,,,,,
3707,15432,c.301C>G,25,Point,Missense,No,0.000045606,-,-,Pro > Ala,301,-,101,55,EGF1,Exon 4,p.Pro101Ala,10415,Pro,Ala,proline,alanine,-,Mild,-,-,9%,-,,,,,
3707,15433,c.301C>G,25,Point,Missense,No,0.000045606,-,-,Pro > Ala,301,-,101,55,EGF1,Exon 4,p.Pro101Ala,10415,Pro,Ala,proline,alanine,-,Moderate,-,-,5%,-,,,,,
3707,15434,c.301C>G,25,Point,Missense,No,0.000045606,-,-,Pro > Ala,301,-,101,55,EGF1,Exon 4,p.Pro101Ala,10415,Pro,Ala,proline,alanine,-,Mild,-,-,8%,-,,,,,
3707,15435,c.301C>G,25,Point,Missense,No,0.000045606,-,-,Pro > Ala,301,-,101,55,EGF1,Exon 4,p.Pro101Ala,10415,Pro,Ala,proline,alanine,-,Mild,-,-,6%,-,,,,,
3707,15436,c.301C>G,25,Point,Missense,No,0.000045606,-,-,Pro > Ala,301,-,101,55,EGF1,Exon 4,p.Pro101Ala,10415,Pro,Ala,proline,alanine,-,Mild,-,-,6%,-,,,,,
3707,15437,c.301C>G,25,Point,Missense,No,0.000045606,-,-,Pro > Ala,301,-,101,55,EGF1,Exon 4,p.Pro101Ala,10415,Pro,Ala,proline,alanine,-,Mild,-,-,8%,-,,,,,
3708,12239,c.301C>T,1,Point,Missense,-,-,-,-,Pro > Ser,301,-,101,55,EGF1,Exon 4,p.Pro101Ser,10415,Pro,Ser,proline,serine,-,Mild,-,-,12%,52%,,,,,
3709,12240,c.302C>A,1,Point,Missense,-,-,-,de novo MGF (38),Pro > Gln,302,-,101,55,EGF1,Exon 4,p.Pro101Gln,10416,Pro,Gln,proline,glutamine,-,Mild,-,-,6%,34%,,,,,
3710,12241,c.302C>G,1,Point,Missense,-,-,-,-,Pro > Arg,302,-,101,55,EGF1,Exon 4,p.Pro101Arg,10416,Pro,Arg,proline,arginine,-,Mild,-,-,22%,-,,,,,
3711,12242,c.302C>T,1,Point,Missense,-,-,-,-,Pro > Leu,302,-,101,55,EGF1,Exon 4,p.Pro101Leu,10416,Pro,Leu,proline,leucine,-,Mild,-,-,26%,-,,,,,
3712,12243,c.304T>A,2,Point,Missense,-,-,-,-,Cys > Ser,304,-,102,56,EGF1,Exon 4,p.Cys102Ser,10418,Cys,Ser,cysteine,serine,-,Moderate,-,-,1%,2%,,,,,
3712,12244,c.304T>A,2,Point,Missense,-,-,-,-,Cys > Ser,304,-,102,56,EGF1,Exon 4,p.Cys102Ser,10418,Cys,Ser,cysteine,serine,-,-,-,-,-,-,,,,,
3713,12245,c.304T>C,8,Point,Missense,-,-,-,-,Cys > Arg,304,-,102,56,EGF1,Exon 4,p.Cys102Arg,10418,Cys,Arg,cysteine,arginine,-,Severe,-,-,<1,-,,,,,
3713,12246,c.304T>C,8,Point,Missense,-,-,-,-,Cys > Arg,304,-,102,56,EGF1,Exon 4,p.Cys102Arg,10418,Cys,Arg,cysteine,arginine,-,Severe,-,-,<1,-,,,,,
3713,12247,c.304T>C,8,Point,Missense,-,-,-,-,Cys > Arg,304,-,102,56,EGF1,Exon 4,p.Cys102Arg,10418,Cys,Arg,cysteine,arginine,-,Severe,-,-,<1,-,,,,,
3713,12248,c.304T>C,8,Point,Missense,-,-,-,-,Cys > Arg,304,-,102,56,EGF1,Exon 4,p.Cys102Arg,10418,Cys,Arg,cysteine,arginine,-,Severe,-,-,<1,-,,,,,
3713,12249,c.304T>C,8,Point,Missense,-,-,-,-,Cys > Arg,304,-,102,56,EGF1,Exon 4,p.Cys102Arg,10418,Cys,Arg,cysteine,arginine,-,Moderate,-,-,1.30%,-,,,,,
3713,12250,c.304T>C,8,Point,Missense,-,-,-,-,Cys > Arg,304,-,102,56,EGF1,Exon 4,p.Cys102Arg,10418,Cys,Arg,cysteine,arginine,-,Severe,-,-,<1,-,,,,,
3713,12251,c.304T>C,8,Point,Missense,-,-,-,-,Cys > Arg,304,-,102,56,EGF1,Exon 4,p.Cys102Arg,10418,Cys,Arg,cysteine,arginine,-,Severe,-,-,<1,-,,,,,
3713,15180,c.304T>C,8,Point,Missense,No,-,-,-,Cys > Arg,304,-,102,56,EGF1,Exon 4,p.Cys102Arg,10418,Cys,Arg,cysteine,arginine,-,Severe,-,-,-,-,,,,,
3714,12252,c.305G>A,6,Point,Missense,-,-,-,-,Cys > Tyr,305,-,102,56,EGF1,Exon 4,p.Cys102Tyr,10419,Cys,Tyr,cysteine,tyrosine,-,Moderate,-,-,1%,2%,,,,,
3714,12253,c.305G>A,6,Point,Missense,-,-,-,-,Cys > Tyr,305,-,102,56,EGF1,Exon 4,p.Cys102Tyr,10419,Cys,Tyr,cysteine,tyrosine,-,Severe,-,-,<1,<1,,,,,
3714,12254,c.305G>A,6,Point,Missense,-,-,-,-,Cys > Tyr,305,-,102,56,EGF1,Exon 4,p.Cys102Tyr,10419,Cys,Tyr,cysteine,tyrosine,-,Severe,-,-,-,-,,,,,
3714,12255,c.305G>A,6,Point,Missense,-,-,-,-,Cys > Tyr,305,-,102,56,EGF1,Exon 4,p.Cys102Tyr,10419,Cys,Tyr,cysteine,tyrosine,-,Severe,-,-,-,-,,,,,
3714,15091,c.305G>A,6,Point,Missense,No,-,-,-,Cys > Tyr,305,-,102,56,EGF1,Exon 4,p.Cys102Tyr,10419,Cys,Tyr,cysteine,tyrosine,-,Moderate,-,-,-,-,,,,,
3714,15152,c.305G>A,6,Point,Missense,No,-,-,-,Cys > Tyr,305,-,102,56,EGF1,Exon 4,p.Cys102Tyr,10419,Cys,Tyr,cysteine,tyrosine,-,Moderate,-,-,-,-,,,,,
3715,12256,c.305G>C,1,Point,Missense,-,-,-,-,Cys > Ser,305,-,102,56,EGF1,Exon 4,p.Cys102Ser,10419,Cys,Ser,cysteine,serine,-,Severe,-,-,<1,<1,,,,,
3716,12257,c.308T>A,1,Point,Nonsense,-,-,-,-,Leu > *,308,-,103,57,EGF1,Exon 4,p.(Leu103*),10422,Leu,*,leucine,-,-,Severe,-,-,-,-,,,,,
3717,12258,c.312T>G,2,Point,Missense,-,-,-,-,Asn > Lys,312,-,104,58,EGF1,Exon 4,p.Asn104Lys,10426,Asn,Lys,asparagine,lysine,-,Mild,-,-,10%,-,,,,,
3717,15438,c.312T>G,2,Point,Missense,-,-,-,-,Asn > Lys,312,-,104,58,EGF1,Exon 4,p.Asn104Lys,10426,Asn,Lys,asparagine,lysine,-,Moderate,-,-,5%,-,,,,,
3718,12259,c.313G>A,1,Point,Missense,-,-,-,-,Gly > Ser,313,-,105,59,EGF1,Exon 4,p.Gly105Ser,10427,Gly,Ser,glycine,serine,-,Mild,-,-,18%,-,,,,,
3719,12261,c.314G>T,2,Point,Missense,-,-,-,De novo in mother(40),Gly > Val,314,-,105,59,EGF1,Exon 4,p.Gly105Val,10428,Gly,Val,glycine,valine,-,Moderate,-,-,2%,-,,,,,
3719,15439,c.314G>T,2,Point,Missense,No,-,-,De novo in mother(40),Gly > Val,314,-,105,59,EGF1,Exon 4,p.Gly105Val,10428,Gly,Val,glycine,valine,-,Moderate,-,-,2%,-,,,,,
3720,12262,c.316G>A,150,Point,Missense,-,0.000024406,-,-,Gly > Ser,316,-,106,60,EGF1,Exon 4,p.Gly106Ser,10430,Gly,Ser,glycine,serine,-,Mild,-,-,14%,-,,,,,
3720,12263,c.316G>A,150,Point,Missense,-,0.000024406,-,-,Gly > Ser,316,-,106,60,EGF1,Exon 4,p.Gly106Ser,10430,Gly,Ser,glycine,serine,-,Mild,-,-,10%,11%,,,,,
3720,12264,c.316G>A,150,Point,Missense,-,0.000024406,-,-,Gly > Ser,316,-,106,60,EGF1,Exon 4,p.Gly106Ser,10430,Gly,Ser,glycine,serine,-,Mild,-,-,13%,34%,,,,,
3720,12265,c.316G>A,150,Point,Missense,-,0.000024406,-,-,Gly > Ser,316,-,106,60,EGF1,Exon 4,p.Gly106Ser,10430,Gly,Ser,glycine,serine,-,Mild,-,-,12%,31%,,,,,
3720,12266,c.316G>A,150,Point,Missense,-,0.000024406,-,-,Gly > Ser,316,-,106,60,EGF1,Exon 4,p.Gly106Ser,10430,Gly,Ser,glycine,serine,-,Mild,-,-,17%,22%,,,,,
3720,12267,c.316G>A,150,Point,Missense,-,0.000024406,-,-,Gly > Ser,316,-,106,60,EGF1,Exon 4,p.Gly106Ser,10430,Gly,Ser,glycine,serine,-,Mild,-,-,10%,-,,,,,
3720,12268,c.316G>A,150,Point,Missense,-,0.000024406,-,-,Gly > Ser,316,-,106,60,EGF1,Exon 4,p.Gly106Ser,10430,Gly,Ser,glycine,serine,-,Mild,-,-,11%,19%,,,,,
3720,12269,c.316G>A,150,Point,Missense,-,0.000024406,-,-,Gly > Ser,316,-,106,60,EGF1,Exon 4,p.Gly106Ser,10430,Gly,Ser,glycine,serine,-,Mild,-,-,10%,18%,,,,,
3720,12270,c.316G>A,150,Point,Missense,-,0.000024406,-,-,Gly > Ser,316,-,106,60,EGF1,Exon 4,p.Gly106Ser,10430,Gly,Ser,glycine,serine,-,Mild,-,-,17%,30%,,,,,
3720,12271,c.316G>A,150,Point,Missense,-,0.000024406,-,-,Gly > Ser,316,-,106,60,EGF1,Exon 4,p.Gly106Ser,10430,Gly,Ser,glycine,serine,-,Mild,-,-,15%,54%,,,,,
3720,12272,c.316G>A,150,Point,Missense,-,0.000024406,-,-,Gly > Ser,316,-,106,60,EGF1,Exon 4,p.Gly106Ser,10430,Gly,Ser,glycine,serine,-,Mild,-,-,10%,28%,,,,,
3720,12273,c.316G>A,150,Point,Missense,-,0.000024406,-,-,Gly > Ser,316,-,106,60,EGF1,Exon 4,p.Gly106Ser,10430,Gly,Ser,glycine,serine,-,Mild,-,-,14%,35%,,,,,
3720,12274,c.316G>A,150,Point,Missense,-,0.000024406,-,-,Gly > Ser,316,-,106,60,EGF1,Exon 4,p.Gly106Ser,10430,Gly,Ser,glycine,serine,-,Mild,-,-,16%,41%,,,,,
3720,12275,c.316G>A,150,Point,Missense,-,0.000024406,-,-,Gly > Ser,316,-,106,60,EGF1,Exon 4,p.Gly106Ser,10430,Gly,Ser,glycine,serine,-,Mild,-,-,13%,30%,,,,,
3720,12276,c.316G>A,150,Point,Missense,-,0.000024406,-,-,Gly > Ser,316,-,106,60,EGF1,Exon 4,p.Gly106Ser,10430,Gly,Ser,glycine,serine,-,Mild,-,-,17%,-,,,,,
3720,12277,c.316G>A,150,Point,Missense,-,0.000024406,-,-,Gly > Ser,316,-,106,60,EGF1,Exon 4,p.Gly106Ser,10430,Gly,Ser,glycine,serine,-,Mild,-,-,12%,32%,,,,,
3720,12278,c.316G>A,150,Point,Missense,-,0.000024406,-,-,Gly > Ser,316,-,106,60,EGF1,Exon 4,p.Gly106Ser,10430,Gly,Ser,glycine,serine,-,Moderate,-,-,5%,-,,,,,
3720,12279,c.316G>A,150,Point,Missense,-,0.000024406,-,-,Gly > Ser,316,-,106,60,EGF1,Exon 4,p.Gly106Ser,10430,Gly,Ser,glycine,serine,-,Mild,-,-,10%,-,,,,,
3720,12280,c.316G>A,150,Point,Missense,-,0.000024406,-,-,Gly > Ser,316,-,106,60,EGF1,Exon 4,p.Gly106Ser,10430,Gly,Ser,glycine,serine,-,Mild,-,-,15%,-,,,,,
3720,12281,c.316G>A,150,Point,Missense,-,0.000024406,-,-,Gly > Ser,316,-,106,60,EGF1,Exon 4,p.Gly106Ser,10430,Gly,Ser,glycine,serine,-,Mild,-,-,22%,23%,,,,,
3720,12282,c.316G>A,150,Point,Missense,-,0.000024406,-,-,Gly > Ser,316,-,106,60,EGF1,Exon 4,p.Gly106Ser,10430,Gly,Ser,glycine,serine,-,Mild,-,-,9%,20%,,,,,
3720,12283,c.316G>A,150,Point,Missense,-,0.000024406,-,-,Gly > Ser,316,-,106,60,EGF1,Exon 4,p.Gly106Ser,10430,Gly,Ser,glycine,serine,-,Mild,-,-,15%,20%,,,,,
3720,12284,c.316G>A,150,Point,Missense,-,0.000024406,-,-,Gly > Ser,316,-,106,60,EGF1,Exon 4,p.Gly106Ser,10430,Gly,Ser,glycine,serine,-,Mild,-,-,16%,-,,,,,
3720,12285,c.316G>A,150,Point,Missense,-,0.000024406,-,-,Gly > Ser,316,-,106,60,EGF1,Exon 4,p.Gly106Ser,10430,Gly,Ser,glycine,serine,-,Mild,-,-,9%,-,,,,,
3720,12286,c.316G>A,150,Point,Missense,-,0.000024406,-,-,Gly > Ser,316,-,106,60,EGF1,Exon 4,p.Gly106Ser,10430,Gly,Ser,glycine,serine,-,Mild,-,-,11%,31%,,,,,
3720,12287,c.316G>A,150,Point,Missense,-,0.000024406,-,-,Gly > Ser,316,-,106,60,EGF1,Exon 4,p.Gly106Ser,10430,Gly,Ser,glycine,serine,-,Mild,-,-,15%,30%,,,,,
3720,12288,c.316G>A,150,Point,Missense,-,0.000024406,-,-,Gly > Ser,316,-,106,60,EGF1,Exon 4,p.Gly106Ser,10430,Gly,Ser,glycine,serine,-,Mild,-,-,9%,31%,,,,,
3720,12289,c.316G>A,150,Point,Missense,-,0.000024406,-,-,Gly > Ser,316,-,106,60,EGF1,Exon 4,p.Gly106Ser,10430,Gly,Ser,glycine,serine,-,Mild,-,-,13%,30%,,,,,
3720,12290,c.316G>A,150,Point,Missense,-,0.000024406,-,-,Gly > Ser,316,-,106,60,EGF1,Exon 4,p.Gly106Ser,10430,Gly,Ser,glycine,serine,-,Mild,-,-,17%,21%,,,,,
3720,12291,c.316G>A,150,Point,Missense,-,0.000024406,-,-,Gly > Ser,316,-,106,60,EGF1,Exon 4,p.Gly106Ser,10430,Gly,Ser,glycine,serine,-,Mild,-,-,25%,32%,,,,,
3720,12292,c.316G>A,150,Point,Missense,-,0.000024406,-,-,Gly > Ser,316,-,106,60,EGF1,Exon 4,p.Gly106Ser,10430,Gly,Ser,glycine,serine,-,Mild,-,-,7%,33%,,,,,
3720,12293,c.316G>A,150,Point,Missense,-,0.000024406,-,-,Gly > Ser,316,-,106,60,EGF1,Exon 4,p.Gly106Ser,10430,Gly,Ser,glycine,serine,-,Mild,-,-,7%,23.50%,,,,,
3720,12294,c.316G>A,150,Point,Missense,-,0.000024406,-,-,Gly > Ser,316,-,106,60,EGF1,Exon 4,p.Gly106Ser,10430,Gly,Ser,glycine,serine,-,Mild,-,-,8%,26%,,,,,
3720,12295,c.316G>A,150,Point,Missense,-,0.000024406,-,-,Gly > Ser,316,-,106,60,EGF1,Exon 4,p.Gly106Ser,10430,Gly,Ser,glycine,serine,-,Mild,-,-,6%,-,,,,,
3720,12296,c.316G>A,150,Point,Missense,-,0.000024406,-,-,Gly > Ser,316,-,106,60,EGF1,Exon 4,p.Gly106Ser,10430,Gly,Ser,glycine,serine,-,Mild,-,-,9%,-,,,,,
3720,12297,c.316G>A,150,Point,Missense,-,0.000024406,-,-,Gly > Ser,316,-,106,60,EGF1,Exon 4,p.Gly106Ser,10430,Gly,Ser,glycine,serine,-,Mild,-,-,17%,-,,,,,
3720,12298,c.316G>A,150,Point,Missense,-,0.000024406,-,-,Gly > Ser,316,-,106,60,EGF1,Exon 4,p.Gly106Ser,10430,Gly,Ser,glycine,serine,-,Mild,-,-,13%,-,,,,,
3720,12300,c.316G>A,150,Point,Missense,-,0.000024406,-,-,Gly > Ser,316,-,106,60,EGF1,Exon 4,p.Gly106Ser,10430,Gly,Ser,glycine,serine,-,Mild,-,-,31%,-,,,,,
3720,12301,c.316G>A,150,Point,Missense,-,0.000024406,-,-,Gly > Ser,316,-,106,60,EGF1,Exon 4,p.Gly106Ser,10430,Gly,Ser,glycine,serine,-,-,-,-,-,-,,,,,
3720,12302,c.316G>A,150,Point,Missense,-,0.000024406,-,-,Gly > Ser,316,-,106,60,EGF1,Exon 4,p.Gly106Ser,10430,Gly,Ser,glycine,serine,-,Mild,-,-,76%,72%,,,,,
3720,12303,c.316G>A,150,Point,Missense,-,0.000024406,-,-,Gly > Ser,316,-,106,60,EGF1,Exon 4,p.Gly106Ser,10430,Gly,Ser,glycine,serine,-,Mild,-,-,36%,-,,,,,
3720,12304,c.316G>A,150,Point,Missense,-,0.000024406,-,-,Gly > Ser,316,-,106,60,EGF1,Exon 4,p.Gly106Ser,10430,Gly,Ser,glycine,serine,-,Mild,-,-,8%,-,,,,,
3720,12305,c.316G>A,150,Point,Missense,-,0.000024406,-,-,Gly > Ser,316,-,106,60,EGF1,Exon 4,p.Gly106Ser,10430,Gly,Ser,glycine,serine,-,Mild,-,-,14%,-,,,,,
3720,12306,c.316G>A,150,Point,Missense,-,0.000024406,-,-,Gly > Ser,316,-,106,60,EGF1,Exon 4,p.Gly106Ser,10430,Gly,Ser,glycine,serine,-,Mild,-,-,20%,-,,,,,
3720,12307,c.316G>A,150,Point,Missense,-,0.000024406,-,-,Gly > Ser,316,-,106,60,EGF1,Exon 4,p.Gly106Ser,10430,Gly,Ser,glycine,serine,-,-,-,-,-,-,,,,,
3720,12308,c.316G>A,150,Point,Missense,-,0.000024406,-,-,Gly > Ser,316,-,106,60,EGF1,Exon 4,p.Gly106Ser,10430,Gly,Ser,glycine,serine,-,Mild,-,-,8%,-,,,,,
3720,12309,c.316G>A,150,Point,Missense,-,0.000024406,-,-,Gly > Ser,316,-,106,60,EGF1,Exon 4,p.Gly106Ser,10430,Gly,Ser,glycine,serine,-,Mild,-,-,7%,-,,,,,
3720,12310,c.316G>A,150,Point,Missense,-,0.000024406,-,-,Gly > Ser,316,-,106,60,EGF1,Exon 4,p.Gly106Ser,10430,Gly,Ser,glycine,serine,-,Mild,-,-,21%,-,,,,,
3720,12311,c.316G>A,150,Point,Missense,-,0.000024406,-,-,Gly > Ser,316,-,106,60,EGF1,Exon 4,p.Gly106Ser,10430,Gly,Ser,glycine,serine,-,-,-,-,-,-,,,,,
3720,12312,c.316G>A,150,Point,Missense,-,0.000024406,-,-,Gly > Ser,316,-,106,60,EGF1,Exon 4,p.Gly106Ser,10430,Gly,Ser,glycine,serine,-,-,-,-,-,-,,,,,
3720,12313,c.316G>A,150,Point,Missense,-,0.000024406,-,-,Gly > Ser,316,-,106,60,EGF1,Exon 4,p.Gly106Ser,10430,Gly,Ser,glycine,serine,-,Mild,-,-,17%,21%,,,,,
3720,12314,c.316G>A,150,Point,Missense,-,0.000024406,-,-,Gly > Ser,316,-,106,60,EGF1,Exon 4,p.Gly106Ser,10430,Gly,Ser,glycine,serine,-,Mild,-,-,6%,-,,,,,
3720,12315,c.316G>A,150,Point,Missense,-,0.000024406,-,-,Gly > Ser,316,-,106,60,EGF1,Exon 4,p.Gly106Ser,10430,Gly,Ser,glycine,serine,-,Mild,-,-,12%,-,,,,,
3720,12316,c.316G>A,150,Point,Missense,-,0.000024406,-,-,Gly > Ser,316,-,106,60,EGF1,Exon 4,p.Gly106Ser,10430,Gly,Ser,glycine,serine,-,Mild,-,-,11%,-,,,,,
3720,12317,c.316G>A,150,Point,Missense,-,0.000024406,-,-,Gly > Ser,316,-,106,60,EGF1,Exon 4,p.Gly106Ser,10430,Gly,Ser,glycine,serine,-,-,-,-,-,-,,,,,
3720,12318,c.316G>A,150,Point,Missense,-,0.000024406,-,-,Gly > Ser,316,-,106,60,EGF1,Exon 4,p.Gly106Ser,10430,Gly,Ser,glycine,serine,-,Mild,-,-,10%,27%,,,,,
3720,12319,c.316G>A,150,Point,Missense,-,0.000024406,-,-,Gly > Ser,316,-,106,60,EGF1,Exon 4,p.Gly106Ser,10430,Gly,Ser,glycine,serine,-,Mild,-,-,6%,28%,,,,,
3720,12320,c.316G>A,150,Point,Missense,-,0.000024406,-,-,Gly > Ser,316,-,106,60,EGF1,Exon 4,p.Gly106Ser,10430,Gly,Ser,glycine,serine,-,Mild,-,-,10%,10%,,,,,
3720,12321,c.316G>A,150,Point,Missense,-,0.000024406,-,-,Gly > Ser,316,-,106,60,EGF1,Exon 4,p.Gly106Ser,10430,Gly,Ser,glycine,serine,-,Mild,-,-,20%,-,,,,,
3720,12322,c.316G>A,150,Point,Missense,-,0.000024406,-,-,Gly > Ser,316,-,106,60,EGF1,Exon 4,p.Gly106Ser,10430,Gly,Ser,glycine,serine,-,Severe,-,-,<1,-,,,,,
3720,12323,c.316G>A,150,Point,Missense,-,0.000024406,-,-,Gly > Ser,316,-,106,60,EGF1,Exon 4,p.Gly106Ser,10430,Gly,Ser,glycine,serine,-,-,-,-,-,-,,,,,
3720,12324,c.316G>A,150,Point,Missense,-,0.000024406,-,-,Gly > Ser,316,-,106,60,EGF1,Exon 4,p.Gly106Ser,10430,Gly,Ser,glycine,serine,-,Mild,-,-,11%,4%,,,,,
3720,12325,c.316G>A,150,Point,Missense,-,0.000024406,-,-,Gly > Ser,316,-,106,60,EGF1,Exon 4,p.Gly106Ser,10430,Gly,Ser,glycine,serine,-,-,-,-,-,-,,,,,
3720,12326,c.316G>A,150,Point,Missense,-,0.000024406,-,-,Gly > Ser,316,-,106,60,EGF1,Exon 4,p.Gly106Ser,10430,Gly,Ser,glycine,serine,-,Mild,-,-,15%,-,,,,,
3720,12327,c.316G>A,150,Point,Missense,-,0.000024406,-,-,Gly > Ser,316,-,106,60,EGF1,Exon 4,p.Gly106Ser,10430,Gly,Ser,glycine,serine,-,Mild,-,-,7%,-,,,,,
3720,12328,c.316G>A,150,Point,Missense,-,0.000024406,-,-,Gly > Ser,316,-,106,60,EGF1,Exon 4,p.Gly106Ser,10430,Gly,Ser,glycine,serine,-,Mild,-,-,-,-,,,,,
3720,12329,c.316G>A,150,Point,Missense,-,0.000024406,-,-,Gly > Ser,316,-,106,60,EGF1,Exon 4,p.Gly106Ser,10430,Gly,Ser,glycine,serine,-,Mild,-,-,20%,-,,,,,
3720,14975,c.316G>A,150,Point,Missense,-,0.000024406,-,-,Gly > Ser,316,-,106,60,EGF1,Exon 4,p.Gly106Ser,10430,Gly,Ser,glycine,serine,-,-,-,-,-,-,,,,,
3720,15006,c.316G>A,150,Point,Missense,No,0.000024406,-,-,Gly > Ser,316,-,106,60,EGF1,Exon 4,p.Gly106Ser,10430,Gly,Ser,glycine,serine,-,Mild,-,-,11%,-,,,,,
3720,15181,c.316G>A,150,Point,Missense,No,0.000024406,-,-,Gly > Ser,316,-,106,60,EGF1,Exon 4,p.Gly106Ser,10430,Gly,Ser,glycine,serine,-,Moderate,-,-,-,-,,,,,
3720,15182,c.316G>A,150,Point,Missense,No,0.000024406,-,-,Gly > Ser,316,-,106,60,EGF1,Exon 4,p.Gly106Ser,10430,Gly,Ser,glycine,serine,-,Mild,-,-,-,-,,,,,
3720,15250,c.316G>A,150,Point,Missense,-,0.000024406,-,-,Gly > Ser,316,-,106,60,EGF1,Exon 4,p.Gly106Ser,10430,Gly,Ser,glycine,serine,-,-,-,-,-,-,,,,,
3720,15279,c.316G>A,150,Point,Missense,-,0.000024406,-,-,Gly > Ser,316,-,106,60,EGF1,Exon 4,p.Gly106Ser,10430,Gly,Ser,glycine,serine,-,Mild,-,-,12%,-,5 cases in 4 families (FIX:C range 10-16),,,,
3720,15440,c.316G>A,150,Point,Missense,No,0.000024406,-,-,Gly > Ser,316,-,106,60,EGF1,Exon 4,p.Gly106Ser,10430,Gly,Ser,glycine,serine,-,Mild,-,-,15%,-,,,,,
3720,15441,c.316G>A,150,Point,Missense,No,0.000024406,-,-,Gly > Ser,316,-,106,60,EGF1,Exon 4,p.Gly106Ser,10430,Gly,Ser,glycine,serine,-,Mild,-,-,18%,-,,,,,
3720,15442,c.316G>A,150,Point,Missense,No,0.000024406,-,-,Gly > Ser,316,-,106,60,EGF1,Exon 4,p.Gly106Ser,10430,Gly,Ser,glycine,serine,-,Moderate,-,-,3%,-,,,,,
3720,15443,c.316G>A,150,Point,Missense,-,0.000024406,-,-,Gly > Ser,316,-,106,60,EGF1,Exon 4,p.Gly106Ser,10430,Gly,Ser,glycine,serine,-,Mild,-,-,5.10%,-,,,,,
3720,15444,c.316G>A,150,Point,Missense,No,0.000024406,-,-,Gly > Ser,316,-,106,60,EGF1,Exon 4,p.Gly106Ser,10430,Gly,Ser,glycine,serine,-,Mild,-,-,6%,-,,,,,
3720,15445,c.316G>A,150,Point,Missense,No,0.000024406,-,-,Gly > Ser,316,-,106,60,EGF1,Exon 4,p.Gly106Ser,10430,Gly,Ser,glycine,serine,-,Mild,-,-,14.77%,-,,,,,
3720,15446,c.316G>A,150,Point,Missense,-,0.000024406,-,-,Gly > Ser,316,-,106,60,EGF1,Exon 4,p.Gly106Ser,10430,Gly,Ser,glycine,serine,-,Mild,-,-,12%,-,,,,,
3720,15447,c.316G>A,150,Point,Missense,No,0.000024406,-,-,Gly > Ser,316,-,106,60,EGF1,Exon 4,p.Gly106Ser,10430,Gly,Ser,glycine,serine,-,Mild,-,-,18%,-,,,,,
3720,15448,c.316G>A,150,Point,Missense,-,0.000024406,-,-,Gly > Ser,316,-,106,60,EGF1,Exon 4,p.Gly106Ser,10430,Gly,Ser,glycine,serine,-,Mild,-,-,10%,-,,,,,
3720,15449,c.316G>A,150,Point,Missense,No,0.000024406,-,-,Gly > Ser,316,-,106,60,EGF1,Exon 4,p.Gly106Ser,10430,Gly,Ser,glycine,serine,-,Mild,-,-,18%,-,,,,,
3720,15450,c.316G>A,150,Point,Missense,No,0.000024406,-,-,Gly > Ser,316,-,106,60,EGF1,Exon 4,p.Gly106Ser,10430,Gly,Ser,glycine,serine,-,Mild,-,-,21%,-,,,,,
3720,15451,c.316G>A,150,Point,Missense,No,0.000024406,-,-,Gly > Ser,316,-,106,60,EGF1,Exon 4,p.Gly106Ser,10430,Gly,Ser,glycine,serine,-,Mild,-,-,10%,-,,,,,
3720,15452,c.316G>A,150,Point,Missense,No,0.000024406,-,-,Gly > Ser,316,-,106,60,EGF1,Exon 4,p.Gly106Ser,10430,Gly,Ser,glycine,serine,-,Mild,-,-,15%,-,,,,,
3720,15453,c.316G>A,150,Point,Missense,No,0.000024406,-,-,Gly > Ser,316,-,106,60,EGF1,Exon 4,p.Gly106Ser,10430,Gly,Ser,glycine,serine,-,Mild,-,-,13%,-,,,,,
3720,15454,c.316G>A,150,Point,Missense,No,0.000024406,-,-,Gly > Ser,316,-,106,60,EGF1,Exon 4,p.Gly106Ser,10430,Gly,Ser,glycine,serine,-,Mild,-,-,10%,-,,,,,
3720,15455,c.316G>A,150,Point,Missense,No,0.000024406,-,-,Gly > Ser,316,-,106,60,EGF1,Exon 4,p.Gly106Ser,10430,Gly,Ser,glycine,serine,-,Mild,-,-,7%,-,,,,,
3720,15456,c.316G>A,150,Point,Missense,No,0.000024406,-,-,Gly > Ser,316,-,106,60,EGF1,Exon 4,p.Gly106Ser,10430,Gly,Ser,glycine,serine,-,Mild,-,-,10%,-,,,,,
3720,15457,c.316G>A,150,Point,Missense,No,0.000024406,-,-,Gly > Ser,316,-,106,60,EGF1,Exon 4,p.Gly106Ser,10430,Gly,Ser,glycine,serine,-,Mild,-,-,8%,-,,,,,
3720,15458,c.316G>A,150,Point,Missense,No,0.000024406,-,-,Gly > Ser,316,-,106,60,EGF1,Exon 4,p.Gly106Ser,10430,Gly,Ser,glycine,serine,-,Mild,-,-,11%,-,,,,,
3720,15459,c.316G>A,150,Point,Missense,No,0.000024406,-,-,Gly > Ser,316,-,106,60,EGF1,Exon 4,p.Gly106Ser,10430,Gly,Ser,glycine,serine,-,Mild,-,-,12%,-,,,,,
3720,15460,c.316G>A,150,Point,Missense,No,0.000024406,-,-,Gly > Ser,316,-,106,60,EGF1,Exon 4,p.Gly106Ser,10430,Gly,Ser,glycine,serine,-,Mild,-,-,15%,-,,,,,
3720,15461,c.316G>A,150,Point,Missense,No,0.000024406,-,-,Gly > Ser,316,-,106,60,EGF1,Exon 4,p.Gly106Ser,10430,Gly,Ser,glycine,serine,-,Mild,-,-,15%,-,,,,,
3720,15462,c.316G>A,150,Point,Missense,No,0.000024406,-,-,Gly > Ser,316,-,106,60,EGF1,Exon 4,p.Gly106Ser,10430,Gly,Ser,glycine,serine,-,Mild,-,-,9%,-,,,,,
3720,15463,c.316G>A,150,Point,Missense,No,0.000024406,-,-,Gly > Ser,316,-,106,60,EGF1,Exon 4,p.Gly106Ser,10430,Gly,Ser,glycine,serine,-,Mild,-,-,11.50%,-,,,,,
3720,15464,c.316G>A,150,Point,Missense,-,0.000024406,-,-,Gly > Ser,316,-,106,60,EGF1,Exon 4,p.Gly106Ser,10430,Gly,Ser,glycine,serine,-,Mild,-,-,8%,-,,,,,
3720,15465,c.316G>A,150,Point,Missense,No,0.000024406,-,-,Gly > Ser,316,-,106,60,EGF1,Exon 4,p.Gly106Ser,10430,Gly,Ser,glycine,serine,-,Mild,-,-,15%,-,,,,,
3720,15466,c.316G>A,150,Point,Missense,No,0.000024406,-,-,Gly > Ser,316,-,106,60,EGF1,Exon 4,p.Gly106Ser,10430,Gly,Ser,glycine,serine,-,Mild,-,-,13%,-,,,,,
3720,15467,c.316G>A,150,Point,Missense,-,0.000024406,-,-,Gly > Ser,316,-,106,60,EGF1,Exon 4,p.Gly106Ser,10430,Gly,Ser,glycine,serine,-,Mild,-,-,10%,-,,,,,
3720,15468,c.316G>A,150,Point,Missense,No,0.000024406,-,-,Gly > Ser,316,-,106,60,EGF1,Exon 4,p.Gly106Ser,10430,Gly,Ser,glycine,serine,-,Mild,-,-,20%,-,,,,,
3720,15469,c.316G>A,150,Point,Missense,No,0.000024406,-,-,Gly > Ser,316,-,106,60,EGF1,Exon 4,p.Gly106Ser,10430,Gly,Ser,glycine,serine,-,Mild,-,-,8%,-,,,,,
3720,15470,c.316G>A,150,Point,Missense,No,0.000024406,-,-,Gly > Ser,316,-,106,60,EGF1,Exon 4,p.Gly106Ser,10430,Gly,Ser,glycine,serine,-,Mild,-,-,11%,-,,,,,
3720,15471,c.316G>A,150,Point,Missense,No,0.000024406,-,-,Gly > Ser,316,-,106,60,EGF1,Exon 4,p.Gly106Ser,10430,Gly,Ser,glycine,serine,-,Mild,-,-,25%,-,,,,,
3720,15472,c.316G>A,150,Point,Missense,No,0.000024406,-,-,Gly > Ser,316,-,106,60,EGF1,Exon 4,p.Gly106Ser,10430,Gly,Ser,glycine,serine,-,Mild,-,-,15%,-,,,,,
3720,15473,c.316G>A,150,Point,Missense,No,0.000024406,-,-,Gly > Ser,316,-,106,60,EGF1,Exon 4,p.Gly106Ser,10430,Gly,Ser,glycine,serine,-,Moderate,-,-,4%,-,,,,,
3720,15474,c.316G>A,150,Point,Missense,No,0.000024406,-,-,Gly > Ser,316,-,106,60,EGF1,Exon 4,p.Gly106Ser,10430,Gly,Ser,glycine,serine,-,Mild,-,-,8%,-,,,,,
3720,15475,c.316G>A,150,Point,Missense,No,0.000024406,-,-,Gly > Ser,316,-,106,60,EGF1,Exon 4,p.Gly106Ser,10430,Gly,Ser,glycine,serine,-,Mild,-,-,8%,-,,,,,
3720,15476,c.316G>A,150,Point,Missense,No,0.000024406,-,-,Gly > Ser,316,-,106,60,EGF1,Exon 4,p.Gly106Ser,10430,Gly,Ser,glycine,serine,-,Mild,-,-,8%,-,,,,,
3720,15477,c.316G>A,150,Point,Missense,No,0.000024406,-,-,Gly > Ser,316,-,106,60,EGF1,Exon 4,p.Gly106Ser,10430,Gly,Ser,glycine,serine,-,Mild,-,-,17%,-,,,,,
3720,15478,c.316G>A,150,Point,Missense,No,0.000024406,-,-,Gly > Ser,316,-,106,60,EGF1,Exon 4,p.Gly106Ser,10430,Gly,Ser,glycine,serine,-,Mild,-,-,15%,-,,,,,
3720,15479,c.316G>A,150,Point,Missense,No,0.000024406,-,-,Gly > Ser,316,-,106,60,EGF1,Exon 4,p.Gly106Ser,10430,Gly,Ser,glycine,serine,-,Mild,-,-,8%,-,,,,,
3720,15480,c.316G>A,150,Point,Missense,No,0.000024406,-,-,Gly > Ser,316,-,106,60,EGF1,Exon 4,p.Gly106Ser,10430,Gly,Ser,glycine,serine,-,Mild,-,-,15%,-,,,,,
3720,15481,c.316G>A,150,Point,Missense,No,0.000024406,-,-,Gly > Ser,316,-,106,60,EGF1,Exon 4,p.Gly106Ser,10430,Gly,Ser,glycine,serine,-,Mild,-,-,30%,-,,,,,
3720,15482,c.316G>A,150,Point,Missense,-,0.000024406,-,-,Gly > Ser,316,-,106,60,EGF1,Exon 4,p.Gly106Ser,10430,Gly,Ser,glycine,serine,-,Mild,-,-,16%,-,,,,,
3720,15483,c.316G>A,150,Point,Missense,No,0.000024406,-,-,Gly > Ser,316,-,106,60,EGF1,Exon 4,p.Gly106Ser,10430,Gly,Ser,glycine,serine,-,Mild,-,-,11%,-,,,,,
3720,15484,c.316G>A,150,Point,Missense,No,0.000024406,-,-,Gly > Ser,316,-,106,60,EGF1,Exon 4,p.Gly106Ser,10430,Gly,Ser,glycine,serine,-,Mild,-,-,25%,-,,,,,
3720,15485,c.316G>A,150,Point,Missense,-,0.000024406,-,-,Gly > Ser,316,-,106,60,EGF1,Exon 4,p.Gly106Ser,10430,Gly,Ser,glycine,serine,-,Moderate,-,-,3%,-,,,,,
3720,15486,c.316G>A,150,Point,Missense,No,0.000024406,-,-,Gly > Ser,316,-,106,60,EGF1,Exon 4,p.Gly106Ser,10430,Gly,Ser,glycine,serine,-,Mild,-,-,19%,-,,,,,
3720,15487,c.316G>A,150,Point,Missense,No,0.000024406,-,-,Gly > Ser,316,-,106,60,EGF1,Exon 4,p.Gly106Ser,10430,Gly,Ser,glycine,serine,-,Mild,-,-,7%,-,,,,,
3720,15488,c.316G>A,150,Point,Missense,-,0.000024406,-,-,Gly > Ser,316,-,106,60,EGF1,Exon 4,p.Gly106Ser,10430,Gly,Ser,glycine,serine,-,Mild,-,-,13%,-,,,,,
3720,15489,c.316G>A,150,Point,Missense,No,0.000024406,-,-,Gly > Ser,316,-,106,60,EGF1,Exon 4,p.Gly106Ser,10430,Gly,Ser,glycine,serine,-,Mild,-,-,12%,-,,,,,
3720,15490,c.316G>A,150,Point,Missense,No,0.000024406,-,-,Gly > Ser,316,-,106,60,EGF1,Exon 4,p.Gly106Ser,10430,Gly,Ser,glycine,serine,-,Mild,-,-,13%,-,,,,,
3720,15491,c.316G>A,150,Point,Missense,No,0.000024406,-,-,Gly > Ser,316,-,106,60,EGF1,Exon 4,p.Gly106Ser,10430,Gly,Ser,glycine,serine,-,Mild,-,-,8%,-,,,,,
3720,15492,c.316G>A,150,Point,Missense,No,0.000024406,-,-,Gly > Ser,316,-,106,60,EGF1,Exon 4,p.Gly106Ser,10430,Gly,Ser,glycine,serine,-,Mild,-,-,7%,-,,,,,
3720,15493,c.316G>A,150,Point,Missense,-,0.000024406,-,-,Gly > Ser,316,-,106,60,EGF1,Exon 4,p.Gly106Ser,10430,Gly,Ser,glycine,serine,-,Mild,-,-,14%,-,,,,,
3720,15494,c.316G>A,150,Point,Missense,No,0.000024406,-,-,Gly > Ser,316,-,106,60,EGF1,Exon 4,p.Gly106Ser,10430,Gly,Ser,glycine,serine,-,Mild,-,-,8%,-,,,,,
3720,15495,c.316G>A,150,Point,Missense,No,0.000024406,-,-,Gly > Ser,316,-,106,60,EGF1,Exon 4,p.Gly106Ser,10430,Gly,Ser,glycine,serine,-,Mild,-,-,13%,-,,,,,
3720,15496,c.316G>A,150,Point,Missense,No,0.000024406,-,-,Gly > Ser,316,-,106,60,EGF1,Exon 4,p.Gly106Ser,10430,Gly,Ser,glycine,serine,-,Mild,-,-,13%,-,,,,,
3720,15497,c.316G>A,150,Point,Missense,No,0.000024406,-,-,Gly > Ser,316,-,106,60,EGF1,Exon 4,p.Gly106Ser,10430,Gly,Ser,glycine,serine,-,Mild,-,-,15%,-,,,,,
3720,15498,c.316G>A,150,Point,Missense,No,0.000024406,-,-,Gly > Ser,316,-,106,60,EGF1,Exon 4,p.Gly106Ser,10430,Gly,Ser,glycine,serine,-,Mild,-,-,8%,-,,,,,
3720,15499,c.316G>A,150,Point,Missense,No,0.000024406,-,-,Gly > Ser,316,-,106,60,EGF1,Exon 4,p.Gly106Ser,10430,Gly,Ser,glycine,serine,-,Mild,-,-,13%,-,,,,,
3720,15500,c.316G>A,150,Point,Missense,No,0.000024406,-,-,Gly > Ser,316,-,106,60,EGF1,Exon 4,p.Gly106Ser,10430,Gly,Ser,glycine,serine,-,Mild,-,-,13%,-,,,,,
3720,15501,c.316G>A,150,Point,Missense,No,0.000024406,-,-,Gly > Ser,316,-,106,60,EGF1,Exon 4,p.Gly106Ser,10430,Gly,Ser,glycine,serine,-,Mild,-,-,7%,-,,,,,
3720,15502,c.316G>A,150,Point,Missense,No,0.000024406,-,-,Gly > Ser,316,-,106,60,EGF1,Exon 4,p.Gly106Ser,10430,Gly,Ser,glycine,serine,-,Mild,-,-,11%,-,,,,,
3720,15503,c.316G>A,150,Point,Missense,-,0.000024406,-,-,Gly > Ser,316,-,106,60,EGF1,Exon 4,p.Gly106Ser,10430,Gly,Ser,glycine,serine,-,Mild,-,-,17%,-,,,,,
3720,15504,c.316G>A,150,Point,Missense,No,0.000024406,-,-,Gly > Ser,316,-,106,60,EGF1,Exon 4,p.Gly106Ser,10430,Gly,Ser,glycine,serine,-,Mild,-,-,14%,-,,,,,
3720,15505,c.316G>A,150,Point,Missense,No,0.000024406,-,-,Gly > Ser,316,-,106,60,EGF1,Exon 4,p.Gly106Ser,10430,Gly,Ser,glycine,serine,-,Mild,-,-,8%,-,,,,,
3720,15506,c.316G>A,150,Point,Missense,No,0.000024406,-,-,Gly > Ser,316,-,106,60,EGF1,Exon 4,p.Gly106Ser,10430,Gly,Ser,glycine,serine,-,Mild,-,-,14%,-,,,,,
3720,15507,c.316G>A,150,Point,Missense,No,0.000024406,-,-,Gly > Ser,316,-,106,60,EGF1,Exon 4,p.Gly106Ser,10430,Gly,Ser,glycine,serine,-,Mild,-,-,10%,-,,,,,
3720,15508,c.316G>A,150,Point,Missense,No,0.000024406,-,-,Gly > Ser,316,-,106,60,EGF1,Exon 4,p.Gly106Ser,10430,Gly,Ser,glycine,serine,-,Mild,-,-,17%,-,,,,,
3720,15509,c.316G>A,150,Point,Missense,No,0.000024406,-,-,Gly > Ser,316,-,106,60,EGF1,Exon 4,p.Gly106Ser,10430,Gly,Ser,glycine,serine,-,Mild,-,-,6%,-,,,,,
3720,15510,c.316G>A,150,Point,Missense,No,0.000024406,-,-,Gly > Ser,316,-,106,60,EGF1,Exon 4,p.Gly106Ser,10430,Gly,Ser,glycine,serine,-,Mild,-,-,9%,-,,,,,
3720,15511,c.316G>A,150,Point,Missense,No,0.000024406,-,-,Gly > Ser,316,-,106,60,EGF1,Exon 4,p.Gly106Ser,10430,Gly,Ser,glycine,serine,-,Mild,-,-,10%,-,,,,,
3720,15512,c.316G>A,150,Point,Missense,No,0.000024406,-,-,Gly > Ser,316,-,106,60,EGF1,Exon 4,p.Gly106Ser,10430,Gly,Ser,glycine,serine,-,Mild,-,-,7%,-,,,,,
3720,15513,c.316G>A,150,Point,Missense,-,0.000024406,-,-,Gly > Ser,316,-,106,60,EGF1,Exon 4,p.Gly106Ser,10430,Gly,Ser,glycine,serine,-,Mild,-,-,10%,-,,,,,
3720,15514,c.316G>A,150,Point,Missense,No,0.000024406,-,-,Gly > Ser,316,-,106,60,EGF1,Exon 4,p.Gly106Ser,10430,Gly,Ser,glycine,serine,-,Mild,-,-,11%,-,,,,,
3720,15515,c.316G>A,150,Point,Missense,No,0.000024406,-,-,Gly > Ser,316,-,106,60,EGF1,Exon 4,p.Gly106Ser,10430,Gly,Ser,glycine,serine,-,Mild,-,-,12%,-,,,,,
3720,15516,c.316G>A,150,Point,Missense,No,0.000024406,-,-,Gly > Ser,316,-,106,60,EGF1,Exon 4,p.Gly106Ser,10430,Gly,Ser,glycine,serine,-,Mild,-,-,13%,-,,,,,
3721,12330,c.316G>C,2,Point,Missense,-,-,-,-,Gly > Arg,316,-,106,60,EGF1,Exon 4,p.Gly106Arg,10430,Gly,Arg,glycine,arginine,-,Severe,-,-,<1,6%,,,,,
3721,15183,c.316G>C,2,Point,Missense,No,-,-,-,Gly > Arg,316,-,106,60,EGF1,Exon 4,p.Gly106Arg,10430,Gly,Arg,glycine,arginine,-,Severe,-,-,-,-,,,,,
3722,12331,c.316G>T,2,Point,Missense,-,-,-,-,Gly > Cys,316,-,106,60,EGF1,Exon 4,p.Gly106Cys,10430,Gly,Cys,glycine,cysteine,-,Severe,-,-,<1,-,,,,,
3722,12332,c.316G>T,2,Point,Missense,-,-,-,-,Gly > Cys,316,-,106,60,EGF1,Exon 4,p.Gly106Cys,10430,Gly,Cys,glycine,cysteine,-,Severe,-,-,<1,-,,,,,
3723,12333,c.317G>A,4,Point,Missense,-,-,-,-,Gly > Asp,317,-,106,60,EGF1,Exon 4,p.Gly106Asp,10431,Gly,Asp,glycine,aspartic acid,-,Moderate,-,-,1%,2%,,,,,
3723,12334,c.317G>A,4,Point,Missense,-,-,-,-,Gly > Asp,317,-,106,60,EGF1,Exon 4,p.Gly106Asp,10431,Gly,Asp,glycine,aspartic acid,-,Moderate,-,-,3%,-,,,,,
3723,15184,c.317G>A,4,Point,Missense,No,-,-,-,Gly > Asp,317,-,106,60,EGF1,Exon 4,p.Gly106Asp,10431,Gly,Asp,glycine,aspartic acid,-,Severe,-,-,-,-,,,,,
3723,15517,c.317G>A,4,Point,Missense,No,-,-,-,Gly > Asp,317,-,106,60,EGF1,Exon 4,p.Gly106Asp,10431,Gly,Asp,glycine,aspartic acid,-,Severe,-,-,<1,-,,,,,
3724,12335,c.322delT,2,Deletion,Frameshift,-,-,-,polymorphism- 31078 A>G,Cys108fs,322,-,108,62,EGF1,Exon 4,p.(Cys108Alafs*23),10436,Cys108fs,-,cysteine,-,-,Severe,-,-,-,-,,,,,
3724,12336,c.322delT,2,Deletion,Frameshift,-,-,-,polymorphism- 31078 A>G,Cys108fs,322,-,108,62,EGF1,Exon 4,p.(Cys108Alafs*23),10436,Cys108fs,-,cysteine,-,-,Severe,-,-,-,-,,,,,
3725,12337,c.323G>A,3,Point,Missense,-,-,-,-,Cys > Tyr,323,-,108,62,EGF1,Exon 4,p.Cys108Tyr,10437,Cys,Tyr,cysteine,tyrosine,-,-,-,-,-,-,,,,,
3725,12338,c.323G>A,3,Point,Missense,-,-,-,-,Cys > Tyr,323,-,108,62,EGF1,Exon 4,p.Cys108Tyr,10437,Cys,Tyr,cysteine,tyrosine,-,Moderate,-,-,1%,-,,,,,
3725,12339,c.323G>A,3,Point,Missense,-,-,-,-,Cys > Tyr,323,-,108,62,EGF1,Exon 4,p.Cys108Tyr,10437,Cys,Tyr,cysteine,tyrosine,-,-,-,-,-,-,,,,,
3726,12340,c.323G>C,1,Point,Missense,-,-,-,-,Cys > Ser,323,-,108,62,EGF1,Exon 4,p.Cys108Ser,10437,Cys,Ser,cysteine,serine,-,Severe,-,-,<1,-,,,,,
3727,12341,c.323G>T,1,Point,Missense,-,-,-,double with 30802+A,Cys > Phe,323,-,108,62,EGF1,Exon 4,p.Cys108Phe,10437,Cys,Phe,cysteine,phenylalanine,-,Severe,-,-,-,-,,,,,
3728,12342,c.324C>A,2,Point,Nonsense,-,-,-,-,Cys > *,324,-,108,62,EGF1,Exon 4,p.(Cys108*),10438,Cys,*,cysteine,-,-,-,-,-,-,-,,,,,
3728,16090,c.324C>A,2,Point,Nonsense,No,-,-,-,Cys > *,324,-,108,62,EGF1,Exon 4,p.(Cys108*),10438,Cys,*,cysteine,-,-,Severe,-,-,<1,-,,,,,
3729,12343,c.324C>G,1,Point,Missense,-,-,-,-,Cys > Trp,324,-,108,62,EGF1,Exon 4,p.Cys108Trp,10438,Cys,Trp,cysteine,tryptophan,-,Severe,-,-,0%,-,,,,,
3730,12344,c.328G>A,1,Point,Missense,-,-,-,-,Asp > Asn,328,-,110,64,EGF1,Exon 4,p.Asp110Asn,10442,Asp,Asn,aspartic acid,asparagine,-,Moderate,-,-,3%,117%,,,,,
3731,12345,c.328G>T,2,Point,Missense,-,-,-,-,Asp > Tyr,328,-,110,64,EGF1,Exon 4,p.Asp110Tyr,10442,Asp,Tyr,aspartic acid,tyrosine,-,-,-,-,-,-,,,,,
3731,15518,c.328G>T,2,Point,Missense,No,-,-,-,Asp > Tyr,328,-,110,64,EGF1,Exon 4,p.Asp110Tyr,10442,Asp,Tyr,aspartic acid,tyrosine,-,Mild,-,-,6%,-,,,,,
3732,12346,c.329A>G,1,Point,Missense,-,-,-,-,Asp > Gly,329,-,110,64,EGF1,Exon 4,p.Asp110Gly,10443,Asp,Gly,aspartic acid,glycine,-,Mild,-,-,8%,87%,,,,,
3733,12347,c.330T>G,1,Point,Missense,-,-,-,-,Asp > Glu,330,-,110,64,EGF1,Exon 4,p.Asp110Glu,10444,Asp,Glu,aspartic acid,glutamic acid,-,Mild,-,-,12%,46%,,,,,
3734,12348,c.335T>A,1,Point,Missense,-,-,-,-,Ile > Asn,335,-,112,66,EGF1,Exon 4,p.Ile112Asn,10449,Ile,Asn,isoleucine,asparagine,-,Mild,-,-,26%,-,,,,,
3735,12349,c.335T>C,3,Point,Missense,-,-,-,-,Ile > Thr,335,-,112,66,EGF1,Exon 4,p.Ile112Thr,10449,Ile,Thr,isoleucine,threonine,-,Moderate,-,-,5%,-,,,,,
3735,12350,c.335T>C,3,Point,Missense,-,-,-,-,Ile > Thr,335,-,112,66,EGF1,Exon 4,p.Ile112Thr,10449,Ile,Thr,isoleucine,threonine,-,Mild,-,-,30%,-,,,,,
3735,12351,c.335T>C,3,Point,Missense,-,-,-,-,Ile > Thr,335,-,112,66,EGF1,Exon 4,p.Ile112Thr,10449,Ile,Thr,isoleucine,threonine,-,Mild,-,-,20%,91%,,,,,
3736,12352,c.335T>G,1,Point,Missense,-,-,-,-,Ile > Ser,335,-,112,66,EGF1,Exon 4,p.Ile112Ser,10449,Ile,Ser,isoleucine,serine,-,-,-,-,-,-,,,,,
3737,12353,c.339T>A,1,Point,Missense,-,-,-,Antalya,Asn > Lys,339,-,113,67,EGF1,Exon 4,p.Asn113Lys,10453,Asn,Lys,asparagine,lysine,-,Mild,-,-,12%,-,,,,,
3738,12355,c.344A>G,10,Point,Missense,-,-,-,Haplotype differs from 630,Tyr > Cys,344,-,115,69,EGF1,Exon 4,p.Tyr115Cys,10458,Tyr,Cys,tyrosine,cysteine,-,Severe,-,-,<1,-,,,,,
3738,12356,c.344A>G,10,Point,Missense,-,-,-,Haplotype differs from 630,Tyr > Cys,344,-,115,69,EGF1,Exon 4,p.Tyr115Cys,10458,Tyr,Cys,tyrosine,cysteine,-,Severe,-,-,<1,-,,,,,
3738,12357,c.344A>G,10,Point,Missense,-,-,-,Haplotype differs from 630,Tyr > Cys,344,-,115,69,EGF1,Exon 4,p.Tyr115Cys,10458,Tyr,Cys,tyrosine,cysteine,-,Severe,-,-,<1,-,,,,,
3738,12358,c.344A>G,10,Point,Missense,-,-,-,Haplotype differs from 630,Tyr > Cys,344,-,115,69,EGF1,Exon 4,p.Tyr115Cys,10458,Tyr,Cys,tyrosine,cysteine,-,-,-,-,-,-,,,,,
3738,12359,c.344A>G,10,Point,Missense,-,-,-,Haplotype differs from 630,Tyr > Cys,344,-,115,69,EGF1,Exon 4,p.Tyr115Cys,10458,Tyr,Cys,tyrosine,cysteine,-,Severe,-,-,-,-,,,,,
3738,12360,c.344A>G,10,Point,Missense,-,-,-,Haplotype differs from 630,Tyr > Cys,344,-,115,69,EGF1,Exon 4,p.Tyr115Cys,10458,Tyr,Cys,tyrosine,cysteine,-,-,-,-,-,-,,,,,
3738,12361,c.344A>G,10,Point,Missense,-,-,-,Haplotype differs from 630,Tyr > Cys,344,-,115,69,EGF1,Exon 4,p.Tyr115Cys,10458,Tyr,Cys,tyrosine,cysteine,-,Severe,-,-,<1,-,,,,,
3738,15007,c.344A>G,10,Point,Missense,No,-,-,Haplotype differs from 630,Tyr > Cys,344,-,115,69,EGF1,Exon 4,p.Tyr115Cys,10458,Tyr,Cys,tyrosine,cysteine,-,Severe,-,-,<1,-,,,,,
3738,15092,c.344A>G,10,Point,Missense,No,-,-,Haplotype differs from 630,Tyr > Cys,344,-,115,69,EGF1,Exon 4,p.Tyr115Cys,10458,Tyr,Cys,tyrosine,cysteine,-,Severe,-,-,-,-,,,,,
3738,15287,c.344A>G,10,Point,Missense,-,-,-,Haplotype differs from 630,Tyr > Cys,344,-,115,69,EGF1,Exon 4,p.Tyr115Cys,10458,Tyr,Cys,tyrosine,cysteine,-,-,-,-,-,-,,,,,
3739,12362,c.349T>A,2,Point,Missense,-,-,-,-,Cys > Ser,349,-,117,71,EGF1,Exon 4,p.Cys117Ser,10463,Cys,Ser,cysteine,serine,-,-,-,-,-,-,,,,,
3739,12363,c.349T>A,2,Point,Missense,-,-,-,-,Cys > Ser,349,-,117,71,EGF1,Exon 4,p.Cys117Ser,10463,Cys,Ser,cysteine,serine,-,Severe,-,-,<1,-,,,,,
3740,12364,c.349T>C,1,Point,Missense,-,-,-,-,Cys > Arg,349,-,117,71,EGF1,Exon 4,p.Cys117Arg,10463,Cys,Arg,cysteine,arginine,-,Severe,-,-,<1,-,,,,,
3741,12365,c.350G>A,2,Point,Missense,-,-,-,-,Cys > Tyr,350,-,117,71,EGF1,Exon 4,p.Cys117Tyr,10464,Cys,Tyr,cysteine,tyrosine,-,Severe,-,-,-,-,,,,,
3741,12366,c.350G>A,2,Point,Missense,No,-,-,-,Cys > Tyr,350,-,117,71,EGF1,Exon 4,p.Cys117Tyr,10464,Cys,Tyr,cysteine,tyrosine,-,Severe,-,-,<1,<1,,,,,
3742,12367,c.350G>C,1,Point,Missense,-,-,-,-,Cys > Ser,350,-,117,71,EGF1,Exon 4,p.Cys117Ser,10464,Cys,Ser,cysteine,serine,-,-,-,-,-,-,,,,,
3743,12368,c.350G>T,2,Point,Missense,-,-,-,-,Cys > Phe,350,-,117,71,EGF1,Exon 4,p.Cys117Phe,10464,Cys,Phe,cysteine,phenylalanine,-,Severe,-,-,<1,-,,,,,
3743,12369,c.350G>T,2,Point,Missense,-,-,-,-,Cys > Phe,350,-,117,71,EGF1,Exon 4,p.Cys117Phe,10464,Cys,Phe,cysteine,phenylalanine,-,Severe,-,-,<1,-,,,,,
3744,12370,c.352T>A,1,Point,Nonsense,-,-,-,-,Trp > Arg,352,-,118,72,EGF1,Exon 4,p.(Trp118Arg),10465,Trp,Arg,tryptophan,arginine,-,Mild,-,-,6%,-,,,,,
3745,12371,c.351T>G,1,Point,Missense,-,-,-,-,Cys > Trp,351,-,117,71,EGF1,Exon 4,p.Cys117Trp,10465,Cys,Trp,cysteine,tryptophan,-,Severe,-,-,<1,-,,,,,
3746,12372,c.352T>A,1,Point,Missense,-,-,-,-,Trp > Arg,352,-,118,72,EGF1,Exon 4,p.Trp118Arg,10466,Trp,Arg,tryptophan,arginine,-,-,-,-,-,-,,,,,
3747,12373,c.353G>A,8,Point,Nonsense,-,-,-,-,Trp > *,353,-,118,72,EGF1,Exon 4,p.(Trp118*),10467,Trp,*,tryptophan,-,-,Severe,-,-,<1,-,,,,,
3747,12374,c.353G>A,8,Point,Nonsense,-,-,-,-,Trp > *,353,-,118,72,EGF1,Exon 4,p.(Trp118*),10467,Trp,*,tryptophan,-,-,Moderate,-,-,1%,-,,,,,
3747,12375,c.353G>A,8,Point,Nonsense,-,-,-,-,Trp > *,353,-,118,72,EGF1,Exon 4,p.(Trp118*),10467,Trp,*,tryptophan,-,-,-,-,-,-,-,,,,,
3747,12376,c.353G>A,8,Point,Nonsense,-,-,-,-,Trp > *,353,-,118,72,EGF1,Exon 4,p.(Trp118*),10467,Trp,*,tryptophan,-,-,Severe,-,-,<1,-,,,,,
3747,12377,c.353G>A,8,Point,Nonsense,-,-,-,-,Trp > *,353,-,118,72,EGF1,Exon 4,p.(Trp118*),10467,Trp,*,tryptophan,-,-,Severe,-,-,<1,-,,,,,
3747,12378,c.353G>A,8,Point,Nonsense,-,-,-,-,Trp > *,353,-,118,72,EGF1,Exon 4,p.(Trp118*),10467,Trp,*,tryptophan,-,-,Severe,-,-,<1,-,,,,,
3747,16091,c.353G>A,8,Point,Nonsense,No,-,-,-,Trp > *,353,-,118,72,EGF1,Exon 4,p.(Trp118*),10467,Trp,*,tryptophan,-,-,Severe,-,-,<1,-,,,,,
3747,16092,c.353G>A,8,Point,Nonsense,No,-,-,-,Trp > *,353,-,118,72,EGF1,Exon 4,p.(Trp118*),10467,Trp,*,tryptophan,-,-,Severe,-,-,<1,-,,,,,
3748,12379,c.355T>C,1,Point,Missense,-,-,-,-,Cys > Arg,355,-,119,73,EGF1,Exon 4,p.Cys119Arg,10469,Cys,Arg,cysteine,arginine,-,Moderate,-,-,1%,1%,,,,,
3749,12380,c.356G>A,4,Point,Missense,-,-,-,-,Cys > Tyr,356,-,119,73,EGF1,Exon 4,p.Cys119Tyr,10470,Cys,Tyr,cysteine,tyrosine,-,Severe,-,-,<1,2%,,,,,
3749,12382,c.356G>A,4,Point,Missense,-,-,-,-,Cys > Tyr,356,-,119,73,EGF1,Exon 4,p.Cys119Tyr,10470,Cys,Tyr,cysteine,tyrosine,-,Severe,-,-,<1,1%,,,,,
3749,15520,c.356G>A,4,Point,Missense,No,-,-,-,Cys > Tyr,356,-,119,73,EGF1,Exon 4,p.Cys119Tyr,10470,Cys,Tyr,cysteine,tyrosine,-,Severe,-,-,<1,-,,,,,
3749,15521,c.356G>A,4,Point,Missense,No,-,-,-,Cys > Tyr,356,-,119,73,EGF1,Exon 4,p.Cys119Tyr,10470,Cys,Tyr,cysteine,tyrosine,-,Severe,-,-,<1,-,,,,,
3750,12381,c.356G>T,1,Point,Missense,-,-,-,-,Cys > Phe,356,-,119,73,EGF1,Exon 4,p.Cys119Phe,10470,Cys,Phe,cysteine,phenylalanine,-,Severe,-,-,<1,-,,,,,
3751,12383,c.357T>A,2,Point,Nonsense,-,-,-,-,Cys > *,357,-,119,73,EGF1,Exon 4,p.(Cys119*),10471,Cys,*,cysteine,-,-,Severe,-,-,<1,-,,,,,
3751,16093,c.357T>A,2,Point,Nonsense,No,-,-,-,Cys > *,357,-,119,73,EGF1,Exon 4,p.(Cys119*),10471,Cys,*,cysteine,-,-,Severe,-,-,<1,-,,,,,
3752,12384,c.364G>A,1,Point,Missense,-,-,-,-,Gly > Arg,364,-,122,76,EGF1,Exon 4,p.Gly122Arg,10478,Gly,Arg,glycine,arginine,-,Mild,-,-,14%,-,,,,,
3753,12385,c.365G>T,2,Point,Missense,-,-,-,-,Gly > Val,365,-,122,76,EGF1,Exon 4,p.Gly122Val,10479,Gly,Val,glycine,valine,-,Mild,-,-,6%,12%,,,,,
3753,15280,c.365G>T,2,Point,Missense,-,-,-,-,Gly > Val,365,-,122,76,EGF1,Exon 4,p.Gly122Val,10479,Gly,Val,glycine,valine,-,Moderate,-,-,4%,-,,,,,
3754,12386,c.368T>C,6,Point,Missense,-,-,-,-,Phe > Ser,368,-,123,77,EGF1,Exon 4,p.Phe123Ser,10482,Phe,Ser,phenylalanine,serine,-,Mild,-,-,10%,-,,,,,
3754,12387,c.368T>C,6,Point,Missense,-,-,-,-,Phe > Ser,368,-,123,77,EGF1,Exon 4,p.Phe123Ser,10482,Phe,Ser,phenylalanine,serine,-,Mild,-,-,14%,54%,,,,,
3754,12391,c.368T>C,6,Point,Missense,-,-,-,-,Phe > Ser,368,-,123,77,EGF1,Exon 4,p.Phe123Ser,10482,Phe,Ser,phenylalanine,serine,-,Mild,-,-,12%,66%,,,,,
3754,15522,c.368T>C,6,Point,Missense,No,-,-,-,Phe > Ser,368,-,123,77,EGF1,Exon 4,p.Phe123Ser,10482,Phe,Ser,phenylalanine,serine,-,Mild,-,-,8%,-,,,,,
3754,15523,c.368T>C,6,Point,Missense,No,-,-,-,Phe > Ser,368,-,123,77,EGF1,Exon 4,p.Phe123Ser,10482,Phe,Ser,phenylalanine,serine,-,Mild,-,-,13.50%,-,,,,,
3754,15524,c.368T>C,6,Point,Missense,No,-,-,-,Phe > Ser,368,-,123,77,EGF1,Exon 4,p.Phe123Ser,10482,Phe,Ser,phenylalanine,serine,-,Mild,-,-,10%,-,,,,,
3755,12388,c.368T>G,4,Point,Missense,-,-,-,-,Phe > Cys,368,-,123,77,EGF1,Exon 4,p.Phe123Cys,10482,Phe,Cys,phenylalanine,cysteine,-,-,-,-,-,-,,,,,
3755,12389,c.368T>G,4,Point,Missense,-,-,-,-,Phe > Cys,368,-,123,77,EGF1,Exon 4,p.Phe123Cys,10482,Phe,Cys,phenylalanine,cysteine,-,Severe,-,-,<1,-,,,,,
3755,12390,c.368T>G,4,Point,Missense,-,-,-,-,Phe > Cys,368,-,123,77,EGF1,Exon 4,p.Phe123Cys,10482,Phe,Cys,phenylalanine,cysteine,-,Severe,-,-,<1,-,,,,,
3755,12392,c.368T>G,4,Point,Missense,-,-,-,-,Phe > Cys,368,-,123,77,EGF1,Exon 4,p.Phe123Cys,10482,Phe,Cys,phenylalanine,cysteine,-,Mild,-,-,19%,83%,,,,,
3757,12393,c.370G>A,3,Point,Missense,-,-,-,-,Glu > Lys,370,-,124,78,EGF1,Exon 4,p.Glu124Lys,10484,Glu,Lys,glutamic acid,lysine,-,Severe,-,-,<1,84%,,,,,
3757,12394,c.370G>A,3,Point,Missense,-,-,-,-,Glu > Lys,370,-,124,78,EGF1,Exon 4,p.Glu124Lys,10484,Glu,Lys,glutamic acid,lysine,-,Severe,-,-,0.10%,-,,,,,
3757,15525,c.370G>A,3,Point,Missense,No,-,-,-,Glu > Lys,370,-,124,78,EGF1,Exon 4,p.Glu124Lys,10484,Glu,Lys,glutamic acid,lysine,-,Moderate,-,-,4%,-,,,,,
3758,12398,c.374G>T,1,Point,Missense,-,-,-,-,Gly > Val,374,-,125,79,EGF1,Exon 4,p.Gly125Val,10488,Gly,Val,glycine,valine,-,-,-,-,-,-,,,,,
3759,12399,c.382T>C,1,Point,Missense,-,-,-,-,Cys > Arg,382,-,128,82,EGF1,Exon 4,p.Cys128Arg,10496,Cys,Arg,cysteine,arginine,-,-,-,-,-,-,,,,,
3760,14956,c.383G>C,1,Point,Missense,-,-,-,-,Cys > Ser,383,-,128,82,EGF1,Exon 4,p.Cys128Ser,10497,Cys,Ser,cysteine,serine,-,Severe,-,-,-,-,,,,,
3761,12400,c.383G>A,2,Point,Missense,-,-,-,-,Cys > Tyr,383,-,128,82,EGF1,Exon 4,p.Cys128Tyr,10497,Cys,Tyr,cysteine,tyrosine,-,Moderate,-,-,2%,-,,,,,
3761,12401,c.383G>A,2,Point,Missense,-,-,-,-,Cys > Tyr,383,-,128,82,EGF1,Exon 4,p.Cys128Tyr,10497,Cys,Tyr,cysteine,tyrosine,-,Severe,-,-,<1,-,,,,,
3762,12403,c.385G>A,1,Point,Missense,-,-,-,-,Glu > Lys,385,-,129,83,EGF1,Exon 4,p.Glu129Lys,10499,Glu,Lys,glutamic acid,lysine,-,Severe,-,-,<1,<10,,,,,
3763,12404,c.389delT,1,Deletion,Frameshift,-,-,-,Frameshift,Leu130fs*,389,-,130,84,EGF2,Exon 4,p.(Leu130*),10502,Leu130fs*,-,leucine,-,-,Moderate,-,-,1.50%,-,,,,,
3764,12402,c.391+1G>T,3,Point,Splice,No,-,-,Frameshift,-,391,-,,,-,Intron 4,N/A,10506,-,-,-,-,-,Severe,-,-,<1,-,,,,,
3764,12405,c.391+1G>T,3,Point,Splice,-,-,-,Frameshift,-,391,-,,,-,Intron 4,N/A,10506,-,-,-,-,-,Severe,-,-,<1,-,,,,,
3764,12915,c.391+1G>T,3,Point,Splice,No,-,-,Frameshift,-,391,-,,,-,Intron 4,N/A,10506,-,-,-,-,-,Severe,-,-,<1,-,,,,,
3765,12406,c.392delA,1,Deletion,Frameshift,-,-,-,Frameshift,Asp > Valfs*,392,-,131,85,EGF2,Exon 5,p.(Asp131Valfs*2),17669,Asp,Valfs*,aspartic acid,-,-,Severe,-,-,<1,<1,,,,,
3766,12412,c.400T>C,4,Point,Missense,-,-,-,-,Cys > Arg,400,-,134,88,EGF2,Exon 5,p.Cys134Arg,17677,Cys,Arg,cysteine,arginine,-,Severe,-,-,<1,24%,,,,,
3766,12413,c.400T>C,4,Point,Missense,-,-,-,-,Cys > Arg,400,-,134,88,EGF2,Exon 5,p.Cys134Arg,17677,Cys,Arg,cysteine,arginine,-,-,-,-,-,-,,,,,
3766,12414,c.400T>C,4,Point,Missense,-,-,-,-,Cys > Arg,400,-,134,88,EGF2,Exon 5,p.Cys134Arg,17677,Cys,Arg,cysteine,arginine,-,Severe,-,-,<1,-,,,,,
3766,12419,c.400T>C,4,Point,Missense,No,-,-,-,Cys > Arg,400,-,134,88,EGF2,Exon 5,p.Cys134Arg,17677,Cys,Arg,cysteine,arginine,-,Severe,-,-,<1,-,,,,,
3767,12420,c.401G>T,1,Point,Missense,-,-,-,-,Cys > Phe,401,-,134,88,EGF2,Exon 5,p.Cys134Phe,17678,Cys,Phe,cysteine,phenylalanine,-,-,-,-,-,-,,,,,
3768,12422,c.406delA,1,Deletion,Frameshift,-,-,-,Frameshift,Ile136fs,406,-,136,90,EGF2,Exon 5,p.(Ile136Leufs*67),17683,Ile136fs,-,isoleucine,-,-,Severe,-,-,<1,-,,,,,
3769,12423,c.407T>C,3,Point,Missense,-,-,-,-,Ile > Thr,407,-,136,90,EGF2,Exon 5,p.Ile136Thr,17684,Ile,Thr,isoleucine,threonine,-,Mild,-,-,15%,-,,,,,
3769,12424,c.407T>C,3,Point,Missense,-,-,-,-,Ile > Thr,407,-,136,90,EGF2,Exon 5,p.Ile136Thr,17684,Ile,Thr,isoleucine,threonine,-,Mild,-,-,-,-,,,,,
3769,12425,c.407T>C,3,Point,Missense,-,-,-,-,Ile > Thr,407,-,136,90,EGF2,Exon 5,p.Ile136Thr,17684,Ile,Thr,isoleucine,threonine,-,-,-,-,-,-,,,,,
3770,12426,c.412A>C,9,Point,Missense,-,-,-,-,Asn > His,412,-,138,92,EGF2,Exon 5,p.Asn138His,17689,Asn,His,asparagine,histidine,-,-,-,-,-,-,,,,,
3770,12427,c.412A>C,9,Point,Missense,No,-,-,-,Asn > His,412,-,138,92,EGF2,Exon 5,p.Asn138His,17689,Asn,His,asparagine,histidine,-,Moderate,-,-,5%,57%,,,,,
3770,12428,c.412A>C,9,Point,Missense,-,-,-,-,Asn > His,412,-,138,92,EGF2,Exon 5,p.Asn138His,17689,Asn,His,asparagine,histidine,-,Severe,-,-,<1,-,,,,,
3770,12429,c.412A>C,9,Point,Missense,-,-,-,-,Asn > His,412,-,138,92,EGF2,Exon 5,p.Asn138His,17689,Asn,His,asparagine,histidine,-,Severe,-,-,<1,-,,,,,
3770,12430,c.412A>C,9,Point,Missense,-,-,-,-,Asn > His,412,-,138,92,EGF2,Exon 5,p.Asn138His,17689,Asn,His,asparagine,histidine,-,Mild,-,-,7%,-,,,,,
3770,12431,c.412A>C,9,Point,Missense,-,-,-,-,Asn > His,412,-,138,92,EGF2,Exon 5,p.Asn138His,17689,Asn,His,asparagine,histidine,-,Mild,-,-,12%,-,,,,,
3770,12432,c.412A>C,9,Point,Missense,-,-,-,-,Asn > His,412,-,138,92,EGF2,Exon 5,p.Asn138His,17689,Asn,His,asparagine,histidine,-,Moderate,-,-,5%,-,,,,,
3770,12433,c.412A>C,9,Point,Missense,-,-,-,-,Asn > His,412,-,138,92,EGF2,Exon 5,p.Asn138His,17689,Asn,His,asparagine,histidine,-,Moderate,-,-,2%,-,,,,,
3770,12438,c.412A>C,9,Point,Missense,-,-,-,-,Asn > His,412,-,138,92,EGF2,Exon 5,p.Asn138His,17689,Asn,His,asparagine,histidine,-,Moderate,-,-,2%,66%,,,,,
3771,12437,c.413del,2,Deletion,Frameshift,-,-,-,Frameshift,Asn138fs,413,-,138,92,EGF2,Exon 5,p.(Asn138Metfs*65),17689,Asn138fs,-,asparagine,-,-,Severe,-,-,<1,-,,,,,
3771,16235,c.413del,2,Deletion,Frameshift,No,-,-,Frameshift,Asn138fs,413,-,138,92,EGF2,Exon 5,p.(Asn138Metfs*65),17689,Asn138fs,-,asparagine,-,-,Severe,-,-,<1,-,,,,,
3772,12439,c.413A>G,3,Point,Missense,-,-,-,-,Asn > Ser,413,-,138,92,EGF2,Exon 5,p.Asn138Ser,17690,Asn,Ser,asparagine,serine,-,Moderate,-,-,-,-,,,,,
3772,15093,c.413A>G,3,Point,Missense,No,-,-,-,Asn > Ser,413,-,138,92,EGF2,Exon 5,p.Asn138Ser,17690,Asn,Ser,asparagine,serine,-,Severe,-,-,-,-,,,,,
3772,15528,c.413A>G,3,Point,Missense,No,-,-,-,Asn > Ser,413,-,138,92,EGF2,Exon 5,p.Asn138Ser,17690,Asn,Ser,asparagine,serine,-,Moderate,-,-,2%,-,,,,,
3773,12440,c.414T>A,4,Point,Missense,-,-,-,-,Asn > Lys,414,-,138,92,EGF2,Exon 5,p.Asn138Lys,17691,Asn,Lys,asparagine,lysine,-,Moderate,-,-,2%,-,,,,,
3773,12441,c.414T>A,4,Point,Missense,-,-,-,-,Asn > Lys,414,-,138,92,EGF2,Exon 5,p.Asn138Lys,17691,Asn,Lys,asparagine,lysine,-,Severe,-,-,<1,86%,,,,,
3773,12442,c.414T>A,4,Point,Missense,No,-,-,-,Asn > Lys,414,-,138,92,EGF2,Exon 5,p.Asn138Lys,17691,Asn,Lys,asparagine,lysine,-,Severe,-,-,<1,-,,,,,
3773,12443,c.414T>A,4,Point,Missense,-,-,-,-,Asn > Lys,414,-,138,92,EGF2,Exon 5,p.Asn138Lys,17691,Asn,Lys,asparagine,lysine,-,Severe,-,-,<1,-,,,,,
3774,12444,c.415G>A,9,Point,Missense,-,-,-,-,Gly > Ser,415,-,139,93,EGF2,Exon 5,p.Gly139Ser,17692,Gly,Ser,glycine,serine,-,Moderate,-,-,1%,37%,,,,,
3774,12445,c.415G>A,9,Point,Missense,-,-,-,-,Gly > Ser,415,-,139,93,EGF2,Exon 5,p.Gly139Ser,17692,Gly,Ser,glycine,serine,-,Mild,-,-,6%,-,,,,,
3774,12446,c.415G>A,9,Point,Missense,-,-,-,-,Gly > Ser,415,-,139,93,EGF2,Exon 5,p.Gly139Ser,17692,Gly,Ser,glycine,serine,-,Moderate,-,-,2%,30%,,,,,
3774,12447,c.415G>A,9,Point,Missense,-,-,-,-,Gly > Ser,415,-,139,93,EGF2,Exon 5,p.Gly139Ser,17692,Gly,Ser,glycine,serine,-,Severe,-,-,<1,-,,,,,
3774,12448,c.415G>A,9,Point,Missense,-,-,-,-,Gly > Ser,415,-,139,93,EGF2,Exon 5,p.Gly139Ser,17692,Gly,Ser,glycine,serine,-,Severe,-,-,<1,-,,,,,
3774,12449,c.415G>A,9,Point,Missense,-,-,-,-,Gly > Ser,415,-,139,93,EGF2,Exon 5,p.Gly139Ser,17692,Gly,Ser,glycine,serine,-,Moderate,-,-,3%,22%,,,,,
3774,14991,c.415G>A,9,Point,Missense,No,-,-,-,Gly > Ser,415,-,139,93,EGF2,Exon 5,p.Gly139Ser,17692,Gly,Ser,glycine,serine,-,Severe,-,-,<1,-,,,,,
3774,14992,c.415G>A,9,Point,Missense,No,-,-,-,Gly > Ser,415,-,139,93,EGF2,Exon 5,p.Gly139Ser,17692,Gly,Ser,glycine,serine,-,Severe,-,-,<1,-,,,,,
3774,14993,c.415G>A,9,Point,Missense,No,-,-,-,Gly > Ser,415,-,139,93,EGF2,Exon 5,p.Gly139Ser,17692,Gly,Ser,glycine,serine,-,Moderate,-,-,1.50%,-,,,,,
3775,12450,c.416G>A,5,Point,Missense,-,-,-,-,Gly > Asp,416,-,139,93,EGF2,Exon 5,p.Gly139Asp,17693,Gly,Asp,glycine,aspartic acid,-,Moderate,-,-,2%,30%,,,,,
3775,12451,c.416G>A,5,Point,Missense,-,-,-,-,Gly > Asp,416,-,139,93,EGF2,Exon 5,p.Gly139Asp,17693,Gly,Asp,glycine,aspartic acid,-,Severe,-,-,-,-,,,,,
3775,12452,c.416G>A,5,Point,Missense,-,-,-,-,Gly > Asp,416,-,139,93,EGF2,Exon 5,p.Gly139Asp,17693,Gly,Asp,glycine,aspartic acid,-,-,-,-,-,-,,,,,
3775,15094,c.416G>A,5,Point,Missense,No,-,-,-,Gly > Asp,416,-,139,93,EGF2,Exon 5,p.Gly139Asp,17693,Gly,Asp,glycine,aspartic acid,-,Severe,-,-,-,-,,,,,
3775,15529,c.416G>A,5,Point,Missense,-,-,-,-,Gly > Asp,416,-,139,93,EGF2,Exon 5,p.Gly139Asp,17693,Gly,Asp,glycine,aspartic acid,-,Severe,-,-,<1,-,,,,,
3776,12453,c.420A>T,2,Point,Missense,-,-,-,-,Arg > Ser,420,-,140,94,EGF2,Exon 5,p.Arg140Ser,17697,Arg,Ser,arginine,serine,-,Moderate,-,-,1%,84%,,,,,
3776,15185,c.420A>T,2,Point,Missense,No,-,-,-,Arg > Ser,420,-,140,94,EGF2,Exon 5,p.Arg140Ser,17697,Arg,Ser,arginine,serine,-,Moderate,-,-,-,-,,,,,
3777,12454,c.421T>C,3,Point,Missense,-,-,-,-,Cys > Arg,421,-,141,95,EGF2,Exon 5,p.Cys141Arg,17698,Cys,Arg,cysteine,arginine,-,Severe,-,-,0.90%,-,,,,,
3777,12455,c.421T>C,3,Point,Missense,No,-,-,-,Cys > Arg,421,-,141,95,EGF2,Exon 5,p.Cys141Arg,17698,Cys,Arg,cysteine,arginine,-,Severe,-,-,<1,-,,,,,
3777,12456,c.421T>C,3,Point,Missense,-,-,-,-,Cys > Arg,421,-,141,95,EGF2,Exon 5,p.Cys141Arg,17698,Cys,Arg,cysteine,arginine,-,-,-,-,-,-,,,,,
3778,12457,c.421T>A,1,Point,Missense,-,-,-,-,Cys > Ser,421,-,141,95,EGF2,Exon 5,p.Cys141Ser,17698,Cys,Ser,cysteine,serine,-,Severe,-,-,<1,-,,,,,
3779,12458,c.422G>A,8,Point,Missense,-,-,-,-,Cys > Tyr,422,-,141,95,EGF2,Exon 5,p.Cys141Tyr,17699,Cys,Tyr,cysteine,tyrosine,-,Moderate,-,-,5%,-,,,,,
3779,12459,c.422G>A,8,Point,Missense,-,-,-,-,Cys > Tyr,422,-,141,95,EGF2,Exon 5,p.Cys141Tyr,17699,Cys,Tyr,cysteine,tyrosine,-,Severe,-,-,<1,6%,,,,,
3779,12460,c.422G>A,8,Point,Missense,-,-,-,-,Cys > Tyr,422,-,141,95,EGF2,Exon 5,p.Cys141Tyr,17699,Cys,Tyr,cysteine,tyrosine,-,Severe,-,-,<1,-,,,,,
3779,12461,c.422G>A,8,Point,Missense,-,-,-,-,Cys > Tyr,422,-,141,95,EGF2,Exon 5,p.Cys141Tyr,17699,Cys,Tyr,cysteine,tyrosine,-,Severe,-,-,<1,-,,,,,
3779,12462,c.422G>A,8,Point,Missense,-,-,-,-,Cys > Tyr,422,-,141,95,EGF2,Exon 5,p.Cys141Tyr,17699,Cys,Tyr,cysteine,tyrosine,-,-,-,-,-,-,,,,,
3779,12463,c.422G>A,8,Point,Missense,-,-,-,-,Cys > Tyr,422,-,141,95,EGF2,Exon 5,p.Cys141Tyr,17699,Cys,Tyr,cysteine,tyrosine,-,Severe,-,-,<1,-,,,,,
3779,15008,c.422G>A,8,Point,Missense,No,-,-,-,Cys > Tyr,422,-,141,95,EGF2,Exon 5,p.Cys141Tyr,17699,Cys,Tyr,cysteine,tyrosine,-,Severe,-,-,<1,-,,,,,
3779,15530,c.422G>A,8,Point,Missense,No,-,-,-,Cys > Tyr,422,-,141,95,EGF2,Exon 5,p.Cys141Tyr,17699,Cys,Tyr,cysteine,tyrosine,-,Severe,-,-,<1,-,,,,,
3780,12464,c.422G>C,1,Point,Missense,-,-,-,-,Cys > Ser,422,-,141,95,EGF2,Exon 5,p.Cys141Ser,17699,Cys,Ser,cysteine,serine,-,Severe,-,-,<1,-,,,,,
3781,12465,c.422G>T,1,Point,Missense,-,-,-,-,Cys > Phe,422,-,141,95,EGF2,Exon 5,p.Cys141Phe,17699,Cys,Phe,cysteine,phenylalanine,-,-,-,-,-,-,,,,,
3782,12466,c.423C>A,7,Point,Nonsense,-,-,-,-,Cys > *,423,-,141,95,EGF2,Exon 5,p.(Cys141*),17700,Cys,*,cysteine,-,-,Severe,-,-,<1,-,,,,,
3782,12467,c.423C>A,7,Point,Nonsense,-,-,-,-,Cys > *,423,-,141,95,EGF2,Exon 5,p.(Cys141*),17700,Cys,*,cysteine,-,-,Moderate,-,-,3%,-,,,,,
3782,12468,c.423C>A,7,Point,Nonsense,-,-,-,-,Cys > *,423,-,141,95,EGF2,Exon 5,p.(Cys141*),17700,Cys,*,cysteine,-,-,-,-,-,-,-,,,,,
3782,12469,c.423C>A,7,Point,Nonsense,-,-,-,-,Cys > *,423,-,141,95,EGF2,Exon 5,p.(Cys141*),17700,Cys,*,cysteine,-,-,Severe,-,-,0.90%,-,,,,,
3782,12470,c.423C>A,7,Point,Nonsense,-,-,-,-,Cys > *,423,-,141,95,EGF2,Exon 5,p.(Cys141*),17700,Cys,*,cysteine,-,-,Moderate,-,-,3.50%,-,,,,,
3782,12471,c.423C>A,7,Point,Nonsense,-,-,-,-,Cys > *,423,-,141,95,EGF2,Exon 5,p.(Cys141*),17700,Cys,*,cysteine,-,-,-,-,-,-,-,,,,,
3782,12472,c.423C>A,7,Point,Nonsense,-,-,-,-,Cys > *,423,-,141,95,EGF2,Exon 5,p.(Cys141*),17700,Cys,*,cysteine,-,-,Severe,-,-,<1,<10,,,,,
3783,12473,c.423C>G,5,Point,Missense,-,-,-,-,Cys > Trp,423,-,141,95,EGF2,Exon 5,p.Cys141Trp,17700,Cys,Trp,cysteine,tryptophan,-,Severe,-,-,<1,-,,,,,
3783,12474,c.423C>G,5,Point,Missense,-,-,-,-,Cys > Trp,423,-,141,95,EGF2,Exon 5,p.Cys141Trp,17700,Cys,Trp,cysteine,tryptophan,-,Severe,-,-,<1,2%,,,,,
3783,12475,c.423C>G,5,Point,Missense,-,-,-,-,Cys > Trp,423,-,141,95,EGF2,Exon 5,p.Cys141Trp,17700,Cys,Trp,cysteine,tryptophan,-,Moderate,-,-,2%,-,,,,,
3783,12476,c.423C>G,5,Point,Missense,No,-,-,-,Cys > Trp,423,-,141,95,EGF2,Exon 5,p.Cys141Trp,17700,Cys,Trp,cysteine,tryptophan,-,Severe,-,-,<1,<5,,,,,
3783,12477,c.423C>G,5,Point,Missense,-,-,-,-,Cys > Trp,423,-,141,95,EGF2,Exon 5,p.Cys141Trp,17700,Cys,Trp,cysteine,tryptophan,-,Severe,-,-,-,-,,,,,
3784,12478,c.424G>A,1,Point,Missense,-,0.000005458,-,-,Glu > Lys,424,-,142,96,EGF2,Exon 5,p.Glu142Lys,17701,Glu,Lys,glutamic acid,lysine,-,Severe,-,-,<1,-,,,,,
3785,12479,c.424G>T,1,Point,Nonsense,-,-,-,-,Glu > *,424,-,142,96,EGF2,Exon 5,p.(Glu142*),17701,Glu,*,glutamic acid,-,-,Severe,-,-,-,-,,,,,
3786,12483,c.427C>G,3,Point,Missense,-,-,-,-,Gln > Glu,427,-,143,97,EGF2,Exon 5,p.Gln143Glu,17704,Gln,Glu,glutamine,glutamic acid,-,Severe,-,-,<1,<1,,,,,
3786,12484,c.427C>G,3,Point,Missense,-,-,-,-,Gln > Glu,427,-,143,97,EGF2,Exon 5,p.Gln143Glu,17704,Gln,Glu,glutamine,glutamic acid,-,Moderate,-,-,2%,-,,,,,
3786,15095,c.427C>G,3,Point,Missense,No,-,-,-,Gln > Glu,427,-,143,97,EGF2,Exon 5,p.Gln143Glu,17704,Gln,Glu,glutamine,glutamic acid,-,Severe,-,-,-,-,,,,,
3787,12480,c.427C>T,2,Point,Nonsense,-,-,-,-,Gln > *,427,-,143,97,EGF2,Exon 5,p.(Gln143*),17704,Gln,*,glutamine,-,-,Severe,-,-,-,-,,,,,
3787,16094,c.427C>T,2,Point,Nonsense,No,-,-,-,Gln > *,427,-,143,97,EGF2,Exon 5,p.(Gln143*),17704,Gln,*,glutamine,-,-,Moderate,-,-,4%,-,,,,,
3788,12481,c.427C>A,2,Point,Missense,-,-,-,-,Gln > Lys,427,-,143,97,EGF2,Exon 5,p.Gln143Lys,17704,Gln,Lys,glutamine,lysine,-,Severe,-,-,<1,-,,,,,
3788,12482,c.427C>A,2,Point,Missense,-,-,-,-,Gln > Lys,427,-,143,97,EGF2,Exon 5,p.Gln143Lys,17704,Gln,Lys,glutamine,lysine,-,Severe,-,-,-,-,,,,,
3789,12485,c.428A>C,1,Point,Missense,-,-,-,-,Gln > Pro,428,-,143,97,EGF2,Exon 5,p.Gln143Pro,17705,Gln,Pro,glutamine,proline,-,-,-,-,-,-,,,,,
3790,12486,c.428A>G,2,Point,Missense,-,-,-,Type I,Gln > Arg,428,-,143,97,EGF2,Exon 5,p.Gln143Arg,17705,Gln,Arg,glutamine,arginine,-,Severe,-,-,<1,<1,,,,,
3790,12487,c.428A>G,2,Point,Missense,-,-,-,Type I,Gln > Arg,428,-,143,97,EGF2,Exon 5,p.Gln143Arg,17705,Gln,Arg,glutamine,arginine,-,Severe,-,-,<1,-,,,,,
3791,12488,c.429delG,1,Deletion,Frameshift,-,-,-,Frameshift,Gln143fs,429,-,143,97,EGF2,Exon 5,p.(Gln143Hisfs*60),17706,Gln143fs,-,glutamine,-,-,Severe,-,-,<1,<1,,,,,
3792,12489,c.433T>C,1,Point,Missense,-,-,-,-,Cys > Arg,433,-,145,99,EGF2,Exon 5,p.Cys145Arg,17710,Cys,Arg,cysteine,arginine,-,Severe,-,-,<1,-,,,,,
3793,12490,c.434G>A,6,Point,Missense,-,-,-,-,Cys > Tyr,434,-,145,99,EGF2,Exon 5,p.Cys145Tyr,17711,Cys,Tyr,cysteine,tyrosine,-,Moderate,-,-,1%,-,,,,,
3793,12491,c.434G>A,6,Point,Missense,-,-,-,-,Cys > Tyr,434,-,145,99,EGF2,Exon 5,p.Cys145Tyr,17711,Cys,Tyr,cysteine,tyrosine,-,-,-,-,-,-,,,,,
3793,12492,c.434G>A,6,Point,Missense,-,-,-,-,Cys > Tyr,434,-,145,99,EGF2,Exon 5,p.Cys145Tyr,17711,Cys,Tyr,cysteine,tyrosine,-,-,-,-,-,-,,,,,
3793,12493,c.434G>A,6,Point,Missense,-,-,-,-,Cys > Tyr,434,-,145,99,EGF2,Exon 5,p.Cys145Tyr,17711,Cys,Tyr,cysteine,tyrosine,-,Severe,-,-,<1,-,,,,,
3793,15096,c.434G>A,6,Point,Missense,No,-,-,-,Cys > Tyr,434,-,145,99,EGF2,Exon 5,p.Cys145Tyr,17711,Cys,Tyr,cysteine,tyrosine,-,Severe,-,-,-,-,,,,,
3793,15531,c.434G>A,6,Point,Missense,No,-,-,-,Cys > Tyr,434,-,145,99,EGF2,Exon 5,p.Cys145Tyr,17711,Cys,Tyr,cysteine,tyrosine,-,Moderate,-,-,2%,-,,,,,
3794,12494,c.449delA,1,Deletion,Frameshift,-,-,-,polymorphism- 10365 A>G; 17899 del TT,Asp150fs,449,-,150,104,EGF2,Exon 5,p.(Asp150Valfs*53),17726,Asp150fs,-,aspartic acid,-,-,Severe,-,-,<1,-,,,,,
3795,12495,c.454A>T,1,Point,Nonsense,-,-,-,-,Lys > *,454,-,152,106,EGF2,Exon 5,p.(Lys152*),17731,Lys,*,lysine,-,-,Severe,-,-,<1,-,,,,,
3796,12496,c.459G>A,9,Point,Silent,-,0.000005461,-,cryptic splice?,Val153Val,459,-,153,107,EGF2,Exon 5,p.(Val153Val),17736,Val153Val,-,valine,valine,-,Mild,-,-,20%,24%,,,,,
3796,12497,c.459G>A,9,Point,Silent,-,0.000005461,-,cryptic splice?,Val153Val,459,-,153,107,EGF2,Exon 5,p.(Val153Val),17736,Val153Val,-,valine,valine,-,Mild,-,-,15%,24%,,,,,
3796,12498,c.459G>A,9,Point,Silent,-,0.000005461,-,cryptic splice?,Val153Val,459,-,153,107,EGF2,Exon 5,p.(Val153Val),17736,Val153Val,-,valine,valine,-,Mild,-,-,18%,-,,,,,
3796,12499,c.459G>A,9,Point,Silent,-,0.000005461,-,cryptic splice?,Val153Val,459,-,153,107,EGF2,Exon 5,p.(Val153Val),17736,Val153Val,-,valine,valine,-,Mild,-,-,17%,-,,,,,
3796,12500,c.459G>A,9,Point,Silent,-,0.000005461,-,cryptic splice?,Val153Val,459,-,153,107,EGF2,Exon 5,p.(Val153Val),17736,Val153Val,-,valine,valine,-,Mild,-,-,12%,20%,,,,,
3796,12501,c.459G>A,9,Point,Silent,-,0.000005461,-,cryptic splice?,Val153Val,459,-,153,107,EGF2,Exon 5,p.(Val153Val),17736,Val153Val,-,valine,valine,-,Mild,-,-,21%,14%,,,,,
3796,16182,c.459G>A,9,Point,Silent,No,0.000005461,-,cryptic splice?,Val153Val,459,-,153,107,EGF2,Exon 5,p.(Val153Val),17736,Val153Val,-,valine,valine,-,Mild,-,-,35%,-,,,,,
3796,16183,c.459G>A,9,Point,Silent,No,0.000005461,-,cryptic splice?,Val153Val,459,-,153,107,EGF2,Exon 5,p.(Val153Val),17736,Val153Val,-,valine,valine,-,Mild,-,-,10%,-,,,,,
3796,16184,c.459G>A,9,Point,Silent,No,0.000005461,-,cryptic splice?,Val153Val,459,-,153,107,EGF2,Exon 5,p.(Val153Val),17736,Val153Val,-,valine,valine,-,Mild,-,-,18%,-,,,,,
3797,12502,c.458T>C,1,Point,Missense,-,-,-,-,Val > Ala,458,-,153,107,EGF2,Exon 5,p.Val153Ala,17738,Val,Ala,valine,alanine,-,Mild,-,-,20%,120%,,,,,
3798,12503,c.464G>A,2,Point,Missense,No,-,-,-,Cys > Tyr,464,-,155,109,EGF2,Exon 5,p.Cys155Tyr,17741,Cys,Tyr,cysteine,tyrosine,-,Severe,-,-,<1,<1,,,,,
3798,12504,c.464G>A,2,Point,Missense,-,-,-,-,Cys > Tyr,464,-,155,109,EGF2,Exon 5,p.Cys155Tyr,17741,Cys,Tyr,cysteine,tyrosine,-,-,-,-,-,-,,,,,
3799,12505,c.464G>C,4,Point,Missense,-,-,-,-,Cys > Ser,464,-,155,109,EGF2,Exon 5,p.Cys155Ser,17741,Cys,Ser,cysteine,serine,-,Severe,-,-,<1,-,,,,,
3799,12506,c.464G>C,4,Point,Missense,-,-,-,-,Cys > Ser,464,-,155,109,EGF2,Exon 5,p.Cys155Ser,17741,Cys,Ser,cysteine,serine,-,Severe,-,-,<1,-,,,,,
3799,15533,c.464G>C,4,Point,Missense,No,-,-,-,Cys > Ser,464,-,155,109,EGF2,Exon 5,p.Cys155Ser,17741,Cys,Ser,cysteine,serine,-,Severe,-,-,<1,-,,,,,
3799,15534,c.464G>C,4,Point,Missense,No,-,-,-,Cys > Ser,464,-,155,109,EGF2,Exon 5,p.Cys155Ser,17741,Cys,Ser,cysteine,serine,-,Severe,-,-,<1,-,,,,,
3800,12507,c.464G>T,7,Point,Missense,-,-,-,-,Cys > Phe,464,-,155,109,EGF2,Exon 5,p.Cys155Phe,17741,Cys,Phe,cysteine,phenylalanine,-,Severe,-,-,<1,-,,,,,
3800,12508,c.464G>T,7,Point,Missense,-,-,-,-,Cys > Phe,464,-,155,109,EGF2,Exon 5,p.Cys155Phe,17741,Cys,Phe,cysteine,phenylalanine,-,Severe,-,-,<1,4%,,,,,
3800,12509,c.464G>T,7,Point,Missense,-,-,-,-,Cys > Phe,464,-,155,109,EGF2,Exon 5,p.Cys155Phe,17741,Cys,Phe,cysteine,phenylalanine,-,Severe,-,-,<1,-,,,,,
3800,12510,c.464G>T,7,Point,Missense,-,-,-,-,Cys > Phe,464,-,155,109,EGF2,Exon 5,p.Cys155Phe,17741,Cys,Phe,cysteine,phenylalanine,-,Severe,-,-,<1,-,,,,,
3800,12511,c.464G>T,7,Point,Missense,-,-,-,-,Cys > Phe,464,-,155,109,EGF2,Exon 5,p.Cys155Phe,17741,Cys,Phe,cysteine,phenylalanine,-,Moderate,-,-,2%,-,,,,,
3800,12512,c.464G>T,7,Point,Missense,-,-,-,-,Cys > Phe,464,-,155,109,EGF2,Exon 5,p.Cys155Phe,17741,Cys,Phe,cysteine,phenylalanine,-,-,-,-,-,-,,,,,
3800,15532,c.464G>T,7,Point,Missense,-,-,-,-,Cys > Phe,464,-,155,109,EGF2,Exon 5,p.Cys155Phe,17741,Cys,Phe,cysteine,phenylalanine,-,Severe,-,-,<1,-,,,,,
3801,12513,c.466T>C,6,Point,Missense,-,-,-,-,Ser > Pro,466,-,156,110,EGF2,Exon 5,p.Ser156Pro,17743,Ser,Pro,serine,proline,-,Severe,-,-,<1,-,,,,,
3801,12514,c.466T>C,6,Point,Missense,-,-,-,-,Ser > Pro,466,-,156,110,EGF2,Exon 5,p.Ser156Pro,17743,Ser,Pro,serine,proline,-,Mild,-,-,7%,<1,,,,,
3801,12515,c.466T>C,6,Point,Missense,-,-,-,-,Ser > Pro,466,-,156,110,EGF2,Exon 5,p.Ser156Pro,17743,Ser,Pro,serine,proline,-,Severe,-,-,<1,<1,,,,,
3801,12516,c.466T>C,6,Point,Missense,-,-,-,-,Ser > Pro,466,-,156,110,EGF2,Exon 5,p.Ser156Pro,17743,Ser,Pro,serine,proline,-,-,-,-,-,-,,,,,
3801,15331,c.466T>C,6,Point,Missense,-,-,-,-,Ser > Pro,466,-,156,110,EGF2,Exon 5,p.Ser156Pro,17743,Ser,Pro,serine,proline,-,-,-,-,-,-,,,,,
3801,15535,c.466T>C,6,Point,Missense,-,-,-,-,Ser > Pro,466,-,156,110,EGF2,Exon 5,p.Ser156Pro,17743,Ser,Pro,serine,proline,-,Severe,-,-,<1,-,,,,,
3802,12521,c.470G>A,8,Point,Missense,-,-,-,de novo in mother,Cys > Tyr,470,-,157,111,EGF2,Exon 5,p.Cys157Tyr,17747,Cys,Tyr,cysteine,tyrosine,-,Moderate,-,-,1.80%,-,,,,,
3802,12522,c.470G>A,8,Point,Missense,-,-,-,de novo in mother,Cys > Tyr,470,-,157,111,EGF2,Exon 5,p.Cys157Tyr,17747,Cys,Tyr,cysteine,tyrosine,-,Severe,-,-,<1,-,,,,,
3802,12523,c.470G>A,8,Point,Missense,-,-,-,de novo in mother,Cys > Tyr,470,-,157,111,EGF2,Exon 5,p.Cys157Tyr,17747,Cys,Tyr,cysteine,tyrosine,-,Severe,-,-,<1,-,,,,,
3802,12524,c.470G>A,8,Point,Missense,-,-,-,de novo in mother,Cys > Tyr,470,-,157,111,EGF2,Exon 5,p.Cys157Tyr,17747,Cys,Tyr,cysteine,tyrosine,-,Severe,-,-,<1,-,,,,,
3802,12525,c.470G>A,8,Point,Missense,-,-,-,de novo in mother,Cys > Tyr,470,-,157,111,EGF2,Exon 5,p.Cys157Tyr,17747,Cys,Tyr,cysteine,tyrosine,-,Severe,-,-,<1,-,,,,,
3802,12526,c.470G>A,8,Point,Missense,-,-,-,de novo in mother,Cys > Tyr,470,-,157,111,EGF2,Exon 5,p.Cys157Tyr,17747,Cys,Tyr,cysteine,tyrosine,-,Severe,-,-,<1,-,,,,,
3802,15536,c.470G>A,8,Point,Missense,No,-,-,de novo in mother,Cys > Tyr,470,-,157,111,EGF2,Exon 5,p.Cys157Tyr,17747,Cys,Tyr,cysteine,tyrosine,-,Severe,-,-,<1,-,,,,,
3802,15537,c.470G>A,8,Point,Missense,No,-,-,de novo in mother,Cys > Tyr,470,-,157,111,EGF2,Exon 5,p.Cys157Tyr,17747,Cys,Tyr,cysteine,tyrosine,-,Severe,-,-,<1,-,,,,,
3803,12527,c.470G>C,2,Point,Missense,-,-,-,-,Cys > Ser,470,-,157,111,EGF2,Exon 5,p.Cys157Ser,17747,Cys,Ser,cysteine,serine,-,Severe,-,-,<1,-,,,,,
3803,12528,c.470G>C,2,Point,Missense,-,-,-,-,Cys > Ser,470,-,157,111,EGF2,Exon 5,p.Cys157Ser,17747,Cys,Ser,cysteine,serine,-,-,-,-,<6,-,,,,,
3804,12529,c.471T>A,1,Point,Nonsense,-,-,-,-,Cys > *,471,-,157,111,EGF2,Exon 5,p.(Cys157*),17748,Cys,*,cysteine,-,-,Severe,-,-,-,-,,,,,
3805,12530,c.478G>A,4,Point,Missense,-,-,-,-,Gly > Arg,478,-,160,114,EGF2,Exon 5,p.Gly160Arg,17755,Gly,Arg,glycine,arginine,-,-,-,-,-,-,,,,,
3805,12531,c.478G>A,4,Point,Missense,-,-,-,-,Gly > Arg,478,-,160,114,EGF2,Exon 5,p.Gly160Arg,17755,Gly,Arg,glycine,arginine,-,-,-,-,-,-,,,,,
3805,12532,c.478G>A,4,Point,Missense,-,-,-,-,Gly > Arg,478,-,160,114,EGF2,Exon 5,p.Gly160Arg,17755,Gly,Arg,glycine,arginine,-,Severe,-,-,<1,-,,,,,
3805,15538,c.478G>A,4,Point,Missense,-,-,-,-,Gly > Arg,478,-,160,114,EGF2,Exon 5,p.Gly160Arg,17755,Gly,Arg,glycine,arginine,-,Severe,-,-,<1,-,,,,,
3806,12534,c.478G>T,1,Point,Nonsense,-,-,-,-,Gly > *,478,-,160,114,EGF2,Exon 5,p.(Gly160*),17755,Gly,*,glycine,-,-,Severe,-,-,<1,-,,,,,
3807,12535,c.479delG,1,Deletion,Frameshift,-,-,-,Frameshift,GlyfsAsp,479,-,160,114,EGF2,Exon 5,p.(Gly160Aspfs*43),17756,GlyfsAsp,-,glycine,-,-,Severe,-,-,<1,-,,,,,
3808,12536,c.479G>A,7,Point,Missense,-,-,-,-,Gly > Glu,479,-,160,114,EGF2,Exon 5,p.Gly160Glu,17756,Gly,Glu,glycine,glutamic acid,-,Mild,-,-,-,-,,,,,
3808,12537,c.479G>A,7,Point,Missense,-,-,-,-,Gly > Glu,479,-,160,114,EGF2,Exon 5,p.Gly160Glu,17756,Gly,Glu,glycine,glutamic acid,-,Mild,-,-,-,-,,,,,
3808,12538,c.479G>A,7,Point,Missense,-,-,-,-,Gly > Glu,479,-,160,114,EGF2,Exon 5,p.Gly160Glu,17756,Gly,Glu,glycine,glutamic acid,-,Moderate,-,-,4%,-,,,,,
3808,12539,c.479G>A,7,Point,Missense,-,-,-,-,Gly > Glu,479,-,160,114,EGF2,Exon 5,p.Gly160Glu,17756,Gly,Glu,glycine,glutamic acid,-,Moderate,-,-,4%,-,,,,,
3808,12540,c.479G>A,7,Point,Missense,-,-,-,-,Gly > Glu,479,-,160,114,EGF2,Exon 5,p.Gly160Glu,17756,Gly,Glu,glycine,glutamic acid,-,Mild,-,-,7%,8%,,,,,
3808,12541,c.479G>A,7,Point,Missense,-,-,-,-,Gly > Glu,479,-,160,114,EGF2,Exon 5,p.Gly160Glu,17756,Gly,Glu,glycine,glutamic acid,-,-,-,-,-,-,,,,,
3808,12542,c.479G>A,7,Point,Missense,-,-,-,-,Gly > Glu,479,-,160,114,EGF2,Exon 5,p.Gly160Glu,17756,Gly,Glu,glycine,glutamic acid,-,-,-,-,-,-,,,,,
3809,12543,c.479G>C,4,Point,Missense,-,-,-,-,Gly > Ala,479,-,160,114,EGF2,Exon 5,p.Gly160Ala,17756,Gly,Ala,glycine,alanine,-,Mild,-,-,13%,5%,,,,,
3809,12544,c.479G>C,4,Point,Missense,-,-,-,-,Gly > Ala,479,-,160,114,EGF2,Exon 5,p.Gly160Ala,17756,Gly,Ala,glycine,alanine,-,Moderate,-,-,5%,4%,,,,,
3809,15543,c.479G>C,4,Point,Missense,No,-,-,-,Gly > Ala,479,-,160,114,EGF2,Exon 5,p.Gly160Ala,17756,Gly,Ala,glycine,alanine,-,Moderate,-,-,3%,-,,,,,
3809,15544,c.479G>C,4,Point,Missense,No,-,-,-,Gly > Ala,479,-,160,114,EGF2,Exon 5,p.Gly160Ala,17756,Gly,Ala,glycine,alanine,-,Moderate,-,-,4.30%,-,,,,,
3810,12545,c.479G>T,3,Point,Missense,-,-,-,-,Gly > Val,479,-,160,114,EGF2,Exon 5,p.Gly160Val,17756,Gly,Val,glycine,valine,-,Severe,-,-,<1,2%,,,,,
3810,12546,c.479G>T,3,Point,Missense,-,-,-,-,Gly > Val,479,-,160,114,EGF2,Exon 5,p.Gly160Val,17756,Gly,Val,glycine,valine,-,Moderate,-,-,1%,-,,,,,
3810,15545,c.479G>T,3,Point,Missense,No,-,-,-,Gly > Val,479,-,160,114,EGF2,Exon 5,p.Gly160Val,17756,Gly,Val,glycine,valine,-,Severe,-,-,<1,-,,,,,
3811,12547,c.481delT,1,Deletion,Frameshift,-,-,-,Frameshift,TyrfsIle,481,-,161,115,EGF2,Exon 5,p.(Tyr161Ilefs*42),17758,TyrfsIle,-,tyrosine,-,-,-,-,-,-,-,,,,,
3812,12548,c.482A>G,6,Point,Missense,-,-,-,-,Tyr > Cys,482,-,161,115,EGF2,Exon 5,p.Tyr161Cys,17759,Tyr,Cys,tyrosine,cysteine,-,Severe,-,-,<1,-,,,,,
3812,12549,c.482A>G,6,Point,Missense,-,-,-,-,Tyr > Cys,482,-,161,115,EGF2,Exon 5,p.Tyr161Cys,17759,Tyr,Cys,tyrosine,cysteine,-,Moderate,-,-,2%,1%,,,,,
3812,12550,c.482A>G,6,Point,Missense,-,-,-,-,Tyr > Cys,482,-,161,115,EGF2,Exon 5,p.Tyr161Cys,17759,Tyr,Cys,tyrosine,cysteine,-,-,-,-,-,-,,,,,
3812,12551,c.482A>G,6,Point,Missense,-,-,-,-,Tyr > Cys,482,-,161,115,EGF2,Exon 5,p.Tyr161Cys,17759,Tyr,Cys,tyrosine,cysteine,-,Moderate,-,-,3.80%,-,,,,,
3812,12552,c.482A>G,6,Point,Missense,-,-,-,-,Tyr > Cys,482,-,161,115,EGF2,Exon 5,p.Tyr161Cys,17759,Tyr,Cys,tyrosine,cysteine,-,-,-,-,-,-,,,,,
3812,15546,c.482A>G,6,Point,Missense,No,-,-,-,Tyr > Cys,482,-,161,115,EGF2,Exon 5,p.Tyr161Cys,17759,Tyr,Cys,tyrosine,cysteine,-,Severe,-,-,<1,-,,,,,
3813,12553,c.483T>A,2,Point,Nonsense,-,-,-,-,Tyr > *,483,-,161,115,EGF2,Exon 5,p.(Tyr161*),17760,Tyr,*,tyrosine,-,-,Severe,-,-,<1,-,,,,,
3813,16095,c.483T>A,2,Point,Nonsense,No,-,-,-,Tyr > *,483,-,161,115,EGF2,Exon 5,p.(Tyr161*),17760,Tyr,*,tyrosine,-,-,Severe,-,-,<1,-,,,,,
3814,12554,c.483delT,1,Deletion,Frameshift,-,-,-,-,Tyr > fs,483,-,161,115,EGF2,Exon 5,p.(Tyr161Tyrfs*42),17760,Tyr,fs,tyrosine,-,-,Severe,-,-,-,-,,,,,
3815,12555,c.484C>A,7,Point,Silent,-,-,-,cryptic splice?,Arg162Arg,484,-,162,116,EGF2,Exon 5,p.(Arg162Arg),17761,Arg162Arg,-,arginine,arginine,-,Moderate,-,-,5%,5%,,,,,
3815,12556,c.484C>A,7,Point,Silent,-,-,-,cryptic splice?,Arg162Arg,484,-,162,116,EGF2,Exon 5,p.(Arg162Arg),17761,Arg162Arg,-,arginine,arginine,-,Moderate,-,-,4%,5%,,,,,
3815,12557,c.484C>A,7,Point,Silent,-,-,-,cryptic splice?,Arg162Arg,484,-,162,116,EGF2,Exon 5,p.(Arg162Arg),17761,Arg162Arg,-,arginine,arginine,-,Mild,-,-,6%,7%,,,,,
3815,12558,c.484C>A,7,Point,Silent,-,-,-,cryptic splice?,Arg162Arg,484,-,162,116,EGF2,Exon 5,p.(Arg162Arg),17761,Arg162Arg,-,arginine,arginine,-,Moderate,-,-,3%,-,,,,,
3815,15220,c.484C>A,7,Point,Silent,No,-,-,cryptic splice?,Arg162Arg,484,-,162,116,EGF2,Exon 5,p.(Arg162Arg),17761,Arg162Arg,-,arginine,arginine,-,Mild,-,-,-,-,,,,,
3815,16185,c.484C>A,7,Point,Silent,-,-,-,cryptic splice?,Arg162Arg,484,-,162,116,EGF2,Exon 5,p.(Arg162Arg),17761,Arg162Arg,-,arginine,arginine,-,Mild,-,-,6%,-,,,,,
3815,16186,c.484C>A,7,Point,Silent,No,-,-,cryptic splice?,Arg162Arg,484,-,162,116,EGF2,Exon 5,p.(Arg162Arg),17761,Arg162Arg,-,arginine,arginine,-,Mild,-,-,16.45%,-,,,,,
3816,12559,c.484C>T,28,Point,Nonsense,-,-,-,Also p.His303Tyr Neutral,Arg > *,484,-,162,116,EGF2,Exon 5,p.(Arg162*),17761,Arg,*,arginine,-,-,Severe,-,-,<1,<0.1,Also has p.His303Tyr Neutral,,,,
3816,12560,c.484C>T,28,Point,Nonsense,-,-,-,Also p.His303Tyr Neutral,Arg > *,484,-,162,116,EGF2,Exon 5,p.(Arg162*),17761,Arg,*,arginine,-,-,Severe,-,-,<1,3%,,,,,
3816,12561,c.484C>T,28,Point,Nonsense,-,-,-,Also p.His303Tyr Neutral,Arg > *,484,-,162,116,EGF2,Exon 5,p.(Arg162*),17761,Arg,*,arginine,-,-,Severe,-,-,<1,<1,,,,,
3816,12562,c.484C>T,28,Point,Nonsense,-,-,-,Also p.His303Tyr Neutral,Arg > *,484,-,162,116,EGF2,Exon 5,p.(Arg162*),17761,Arg,*,arginine,-,-,Severe,-,-,<1,-,,,,,
3816,12563,c.484C>T,28,Point,Nonsense,-,-,-,Also p.His303Tyr Neutral,Arg > *,484,-,162,116,EGF2,Exon 5,p.(Arg162*),17761,Arg,*,arginine,-,-,Severe,-,-,<1,0.40%,,,,,
3816,12564,c.484C>T,28,Point,Nonsense,-,-,-,Also p.His303Tyr Neutral,Arg > *,484,-,162,116,EGF2,Exon 5,p.(Arg162*),17761,Arg,*,arginine,-,-,Moderate,-,-,1%,-,,,,,
3816,12565,c.484C>T,28,Point,Nonsense,-,-,-,Also p.His303Tyr Neutral,Arg > *,484,-,162,116,EGF2,Exon 5,p.(Arg162*),17761,Arg,*,arginine,-,-,Severe,-,-,<1,<1,,,,,
3816,12566,c.484C>T,28,Point,Nonsense,-,-,-,Also p.His303Tyr Neutral,Arg > *,484,-,162,116,EGF2,Exon 5,p.(Arg162*),17761,Arg,*,arginine,-,-,Moderate,-,-,1%,-,,,,,
3816,12567,c.484C>T,28,Point,Nonsense,-,-,-,Also p.His303Tyr Neutral,Arg > *,484,-,162,116,EGF2,Exon 5,p.(Arg162*),17761,Arg,*,arginine,-,-,Severe,-,-,<1,<1,,,,,
3816,12568,c.484C>T,28,Point,Nonsense,-,-,-,Also p.His303Tyr Neutral,Arg > *,484,-,162,116,EGF2,Exon 5,p.(Arg162*),17761,Arg,*,arginine,-,-,-,-,-,-,-,,,,,
3816,12569,c.484C>T,28,Point,Nonsense,-,-,-,Also p.His303Tyr Neutral,Arg > *,484,-,162,116,EGF2,Exon 5,p.(Arg162*),17761,Arg,*,arginine,-,-,Severe,-,-,<1,-,,,,,
3816,12570,c.484C>T,28,Point,Nonsense,-,-,-,Also p.His303Tyr Neutral,Arg > *,484,-,162,116,EGF2,Exon 5,p.(Arg162*),17761,Arg,*,arginine,-,-,Severe,-,-,<1,<1,,,,,
3816,12571,c.484C>T,28,Point,Nonsense,-,-,-,Also p.His303Tyr Neutral,Arg > *,484,-,162,116,EGF2,Exon 5,p.(Arg162*),17761,Arg,*,arginine,-,-,Severe,-,-,<1,<1,,,,,
3816,12572,c.484C>T,28,Point,Nonsense,-,-,-,Also p.His303Tyr Neutral,Arg > *,484,-,162,116,EGF2,Exon 5,p.(Arg162*),17761,Arg,*,arginine,-,-,Severe,-,-,<1,-,,,,,
3816,12573,c.484C>T,28,Point,Nonsense,-,-,-,Also p.His303Tyr Neutral,Arg > *,484,-,162,116,EGF2,Exon 5,p.(Arg162*),17761,Arg,*,arginine,-,-,Severe,-,-,<1,-,,,,,
3816,12574,c.484C>T,28,Point,Nonsense,-,-,-,Also p.His303Tyr Neutral,Arg > *,484,-,162,116,EGF2,Exon 5,p.(Arg162*),17761,Arg,*,arginine,-,-,Severe,-,-,<1,-,,,,,
3816,12575,c.484C>T,28,Point,Nonsense,-,-,-,Also p.His303Tyr Neutral,Arg > *,484,-,162,116,EGF2,Exon 5,p.(Arg162*),17761,Arg,*,arginine,-,-,-,-,-,-,-,,,,,
3816,12576,c.484C>T,28,Point,Nonsense,-,-,-,Also p.His303Tyr Neutral,Arg > *,484,-,162,116,EGF2,Exon 5,p.(Arg162*),17761,Arg,*,arginine,-,-,Severe,-,-,-,-,,,,,
3816,12577,c.484C>T,28,Point,Nonsense,-,-,-,Also p.His303Tyr Neutral,Arg > *,484,-,162,116,EGF2,Exon 5,p.(Arg162*),17761,Arg,*,arginine,-,-,Severe,-,-,<1,-,,,,,
3816,15097,c.484C>T,28,Point,Nonsense,No,-,-,Also p.His303Tyr Neutral,Arg > *,484,-,162,116,EGF2,Exon 5,p.(Arg162*),17761,Arg,*,arginine,-,-,Severe,-,-,-,-,,,,,
3816,15212,c.484C>T,28,Point,Nonsense,No,-,-,Also p.His303Tyr Neutral,Arg > *,484,-,162,116,EGF2,Exon 5,p.(Arg162*),17761,Arg,*,arginine,-,-,Severe,-,-,-,-,,,,,
3816,16096,c.484C>T,28,Point,Nonsense,No,-,-,Also p.His303Tyr Neutral,Arg > *,484,-,162,116,EGF2,Exon 5,p.(Arg162*),17761,Arg,*,arginine,-,-,Severe,-,-,<1,-,,,,,
3816,16097,c.484C>T,28,Point,Nonsense,No,-,-,Also p.His303Tyr Neutral,Arg > *,484,-,162,116,EGF2,Exon 5,p.(Arg162*),17761,Arg,*,arginine,-,-,Severe,-,-,<1,-,,,,,
3816,16098,c.484C>T,28,Point,Nonsense,No,-,-,Also p.His303Tyr Neutral,Arg > *,484,-,162,116,EGF2,Exon 5,p.(Arg162*),17761,Arg,*,arginine,-,-,Severe,-,-,<1,-,,,,,
3816,16099,c.484C>T,28,Point,Nonsense,No,-,-,Also p.His303Tyr Neutral,Arg > *,484,-,162,116,EGF2,Exon 5,p.(Arg162*),17761,Arg,*,arginine,-,-,Severe,-,-,<1,-,,,,,
3816,16100,c.484C>T,28,Point,Nonsense,No,-,-,Also p.His303Tyr Neutral,Arg > *,484,-,162,116,EGF2,Exon 5,p.(Arg162*),17761,Arg,*,arginine,-,-,Severe,-,-,<1,-,,,,,
3816,16101,c.484C>T,28,Point,Nonsense,Yes,-,-,Also p.His303Tyr Neutral,Arg > *,484,-,162,116,EGF2,Exon 5,p.(Arg162*),17761,Arg,*,arginine,-,-,Severe,-,-,<1,-,,,,,
3816,16102,c.484C>T,28,Point,Nonsense,No,-,-,Also p.His303Tyr Neutral,Arg > *,484,-,162,116,EGF2,Exon 5,p.(Arg162*),17761,Arg,*,arginine,-,-,Severe,-,-,<1,-,,,,,
3817,12578,c.487C>T,1,Point,Missense,-,-,-,-,Leu > Phe,487,-,163,117,EGF2,Exon 5,p.Leu163Phe,17764,Leu,Phe,leucine,phenylalanine,-,Severe,-,-,<1,-,,,,,
3818,12579,c.491C>T,1,Point,Missense,-,-,-,-,Ala > Val,491,-,164,118,EGF2,Exon 5,p.Ala164Val,17768,Ala,Val,alanine,valine,-,Mild,-,-,25%,-,,,,,
3819,12580,c.496A>T,1,Point,Missense,-,-,-,-,Asn > Tyr,496,-,166,120,EGF2,Exon 5,p.Asn166Tyr,17773,Asn,Tyr,asparagine,tyrosine,-,Severe,-,-,<1,0.40%,,,,,
3820,12581,c.497delA,1,Deletion,Frameshift,-,-,-,Frameshift,Asn166fs,497,-,166,120,EGF2,Exon 5,p.(Asn166Thrfs*37),17773,Asn166fs,-,asparagine,-,-,-,-,-,-,-,,,,,
3821,12582,c.499C>T,2,Point,Nonsense,-,-,-,-,Gln > *,499,-,167,121,EGF2,Exon 5,p.(Gln167*),17776,Gln,*,glutamine,-,-,Severe,-,-,<1,<1,,,,,
3821,16103,c.499C>T,2,Point,Nonsense,No,-,-,-,Gln > *,499,-,167,121,EGF2,Exon 5,p.(Gln167*),17776,Gln,*,glutamine,-,-,Severe,-,-,<1,-,,,,,
3822,12583,c.501G>T,4,Point,Missense,-,-,-,-,Gln > His,501,-,167,121,EGF2,Exon 5,p.Gln167His,17778,Gln,His,glutamine,histidine,-,Mild,-,-,-,-,,,,,
3822,12584,c.501G>T,4,Point,Missense,-,-,-,-,Gln > His,501,-,167,121,EGF2,Exon 5,p.Gln167His,17778,Gln,His,glutamine,histidine,-,Mild,-,-,18%,-,,,,,
3822,12585,c.501G>T,4,Point,Missense,-,-,-,-,Gln > His,501,-,167,121,EGF2,Exon 5,p.Gln167His,17778,Gln,His,glutamine,histidine,-,Mild,-,-,-,-,,,,,
3822,12586,c.501G>T,4,Point,Missense,-,-,-,-,Gln > His,501,-,167,121,EGF2,Exon 5,p.Gln167His,17778,Gln,His,glutamine,histidine,-,-,-,-,-,-,,,,,
3823,12587,c.502_517del,1,Deletion,Frameshift,-,-,-,-,Lysfs,502,-,168,122,EGF2,Exon 5,p.(Lys168Glnfs*30),17779,Lysfs,-,lysine,-,-,Severe,-,-,<1,-,,,,,
3824,12588,c.505T>C,4,Point,Missense,-,-,-,-,Ser > Pro,505,-,169,123,EGF2,Exon 5,p.Ser169Pro,17782,Ser,Pro,serine,proline,-,Severe,-,-,<1,-,,,,,
3824,12589,c.505T>C,4,Point,Missense,-,-,-,-,Ser > Pro,505,-,169,123,EGF2,Exon 5,p.Ser169Pro,17782,Ser,Pro,serine,proline,-,Severe,-,-,<1,-,,,,,
3824,15547,c.505T>C,4,Point,Missense,No,-,-,-,Ser > Pro,505,-,169,123,EGF2,Exon 5,p.Ser169Pro,17782,Ser,Pro,serine,proline,-,Severe,-,-,<1,-,,,,,
3824,15548,c.505T>C,4,Point,Missense,No,-,-,-,Ser > Pro,505,-,169,123,EGF2,Exon 5,p.Ser169Pro,17782,Ser,Pro,serine,proline,-,Severe,-,-,<1,-,,,,,
3825,12590,c.506C>G,1,Point,Missense,-,-,-,-,Ser > C,506,-,169,123,EGF2,Exon 5,p.Ser169C,17783,Ser,C,serine,cysteine,-,Mild,-,-,15%,-,,,,,
3826,12591,c.507C>T,1,Point,Missense,-,-,-,-,Cys > Phe,507,-,170,124,EGF2,Exon 5,p.Cys170Phe,17784,Cys,Phe,cysteine,phenylalanine,-,Severe,-,-,<1,-,,,,,
3827,12592,c.508T>C,3,Point,Missense,-,-,-,-,Cys > Arg,508,-,170,124,EGF2,Exon 5,p.Cys170Arg,17785,Cys,Arg,cysteine,arginine,-,-,-,-,-,-,,,,,
3827,12593,c.508T>C,3,Point,Missense,-,-,-,-,Cys > Arg,508,-,170,124,EGF2,Exon 5,p.Cys170Arg,17785,Cys,Arg,cysteine,arginine,-,Severe,-,-,0%,-,,,,,
3827,15549,c.508T>C,3,Point,Missense,No,-,-,-,Cys > Arg,508,-,170,124,EGF2,Exon 5,p.Cys170Arg,17785,Cys,Arg,cysteine,arginine,-,Severe,-,-,<1,-,,,,,
3828,12594,c.509G>A,6,Point,Missense,-,-,-,-,Cys > Tyr,509,-,170,124,EGF2,Exon 5,p.Cys170Tyr,17786,Cys,Tyr,cysteine,tyrosine,-,Moderate,-,-,2%,-,,,,,
3828,12595,c.509G>A,6,Point,Missense,-,-,-,-,Cys > Tyr,509,-,170,124,EGF2,Exon 5,p.Cys170Tyr,17786,Cys,Tyr,cysteine,tyrosine,-,Severe,-,-,<1,-,,,,,
3828,12596,c.509G>A,6,Point,Missense,-,-,-,-,Cys > Tyr,509,-,170,124,EGF2,Exon 5,p.Cys170Tyr,17786,Cys,Tyr,cysteine,tyrosine,-,Severe,-,-,<1,-,,,,,
3828,12597,c.509G>A,6,Point,Missense,-,-,-,-,Cys > Tyr,509,-,170,124,EGF2,Exon 5,p.Cys170Tyr,17786,Cys,Tyr,cysteine,tyrosine,-,-,-,-,-,-,,,,,
3828,12598,c.509G>A,6,Point,Missense,-,-,-,-,Cys > Tyr,509,-,170,124,EGF2,Exon 5,p.Cys170Tyr,17786,Cys,Tyr,cysteine,tyrosine,-,Severe,-,-,<1,-,,,,,
3828,15550,c.509G>A,6,Point,Missense,No,-,-,-,Cys > Tyr,509,-,170,124,EGF2,Exon 5,p.Cys170Tyr,17786,Cys,Tyr,cysteine,tyrosine,-,Severe,-,-,<1,-,,,,,
3829,12599,c.509G>T,1,Point,Missense,-,-,-,-,Cys > Phe,509,-,170,124,EGF2,Exon 5,p.Cys170Phe,17786,Cys,Phe,cysteine,phenylalanine,-,-,-,-,-,-,,,,,
3830,12600,c.509G>C,1,Point,Missense,-,-,-,-,Cys > Ser,509,-,170,124,EGF2,Exon 5,p.Cys170Ser,17786,Cys,Ser,cysteine,serine,-,Severe,-,-,<1,-,,,,,
3831,12601,c.517G>A,1,Point,Missense,-,-,-,-,Ala > Thr,517,-,173,127,Linker,Exon 5,p.Ala173Thr,17794,Ala,Thr,alanine,threonine,-,-,-,-,-,-,,,,,
3832,12602,c.518C>T,3,Point,Missense,-,-,-,-,Ala > Val,518,-,173,127,Linker,Exon 5,p.Ala173Val,17795,Ala,Val,alanine,valine,-,Severe,-,-,<1,<1,,,,,
3832,12603,c.518C>T,3,Point,Missense,-,-,-,-,Ala > Val,518,-,173,127,Linker,Exon 5,p.Ala173Val,17795,Ala,Val,alanine,valine,-,Severe,-,-,<1,<10,,,,,
3832,15551,c.518C>T,3,Point,Missense,No,-,-,-,Ala > Val,518,-,173,127,Linker,Exon 5,p.Ala173Val,17795,Ala,Val,alanine,valine,-,Severe,-,-,<1,-,,,,,
3833,12604,c.519A>C,3,Point,Silent,-,-,-,Donor splice (e),Ala173Ala,519,-,173,127,Linker,Exon 5,p.(Ala173Ala),17796,Ala173Ala,-,alanine,alanine,-,-,-,-,-,-,,,,,
3833,12605,c.519A>C,3,Point,Silent,-,-,-,Donor splice (e),Ala173Ala,519,-,173,127,Linker,Exon 5,p.(Ala173Ala),17796,Ala173Ala,-,alanine,alanine,-,Moderate,-,-,2%,-,,,,,
3833,16187,c.519A>C,3,Point,Silent,No,-,-,Donor splice (e),Ala173Ala,519,-,173,127,Linker,Exon 5,p.(Ala173Ala),17796,Ala173Ala,-,alanine,alanine,-,Moderate,-,-,5%,-,,,,,
3834,12606,c.519A>G,5,Point,Silent,-,-,-,Donor splice (e),Ala173Ala,519,-,173,127,Linker,Exon 5,p.(Ala173Ala),17796,Ala173Ala,-,alanine,alanine,-,-,-,-,-,-,,,,,
3834,12607,c.519A>G,5,Point,Silent,-,-,-,Donor splice (e),Ala173Ala,519,-,173,127,Linker,Exon 5,p.(Ala173Ala),17796,Ala173Ala,-,alanine,alanine,-,-,-,-,-,-,,,,,
3834,12608,c.519A>G,5,Point,Silent,-,-,-,Donor splice (e),Ala173Ala,519,-,173,127,Linker,Exon 5,p.(Ala173Ala),17796,Ala173Ala,-,alanine,alanine,-,-,-,-,-,-,,,,,
3834,12609,c.519A>G,5,Point,Silent,-,-,-,Donor splice (e),Ala173Ala,519,-,173,127,Linker,Exon 5,p.(Ala173Ala),17796,Ala173Ala,-,alanine,alanine,-,-,-,-,-,-,,,,,
3834,12610,c.519A>G,5,Point,Silent,-,-,-,Donor splice (e),Ala173Ala,519,-,173,127,Linker,Exon 5,p.(Ala173Ala),17796,Ala173Ala,-,alanine,alanine,-,-,-,-,-,-,,,,,
3835,12611,c.519A>T,1,Point,Silent,-,-,-,Donor splice (e),Ala173Ala,519,-,173,127,Linker,Exon 5,p.(Ala173Ala),17796,Ala173Ala,-,alanine,alanine,-,-,-,-,-,-,,,,,
3837,12613,c.520G>A,2,Point,Missense,-,-,-,Donor splice (e),Val > Met,520,-,174,128,Linker,Exon 5,p.Val174Met,17797,Val,Met,valine,methionine,-,Moderate,-,-,1%,-,,,,,
3837,12614,c.520G>A,2,Point,Missense,-,-,-,Donor splice (e),Val > Met,520,-,174,128,Linker,Exon 5,p.Val174Met,17797,Val,Met,valine,methionine,-,Severe,-,-,<1,-,,,,,
3838,12615,c.520G>T,2,Point,Missense,-,-,-,donor splice (e),Val > Leu,520,-,174,128,Linker,Exon 5,p.Val174Leu,17797,Val,Leu,valine,leucine,-,Severe,-,-,<1,-,,,,,
3838,15552,c.520G>T,2,Point,Missense,-,-,-,donor splice (e),Val > Leu,520,-,174,128,Linker,Exon 5,p.Val174Leu,17797,Val,Leu,valine,leucine,-,Severe,-,-,<1,-,,,,,
3839,12618,c.529C>T,2,Point,Missense,-,-,-,-,Pro > Ser,529,-,177,131,Linker,Exon 6,p.Pro177Ser,20371,Pro,Ser,proline,serine,-,Severe,-,-,<1,<1,,,,,
3839,12620,c.529C>T,2,Point,Missense,-,-,-,-,Pro > Ser,529,-,177,131,Linker,Exon 6,p.Pro177Ser,20371,Pro,Ser,proline,serine,-,-,-,-,-,-,,,,,
3840,12621,c.532T>C,11,Point,Missense,-,-,-,-,Cys > Arg,532,-,178,132,Linker,Exon 6,p.Cys178Arg,20374,Cys,Arg,cysteine,arginine,-,Severe,-,-,<1,<1,,,,,
3840,12622,c.532T>C,11,Point,Missense,-,-,-,-,Cys > Arg,532,-,178,132,Linker,Exon 6,p.Cys178Arg,20374,Cys,Arg,cysteine,arginine,-,Severe,-,-,<1,<1,,,,,
3840,12623,c.532T>C,11,Point,Missense,-,-,-,-,Cys > Arg,532,-,178,132,Linker,Exon 6,p.Cys178Arg,20374,Cys,Arg,cysteine,arginine,-,Severe,-,-,<1,<1,,,,,
3840,12624,c.532T>C,11,Point,Missense,-,-,-,-,Cys > Arg,532,-,178,132,Linker,Exon 6,p.Cys178Arg,20374,Cys,Arg,cysteine,arginine,-,Moderate,-,-,2%,-,,,,,
3840,12625,c.532T>C,11,Point,Missense,-,-,-,-,Cys > Arg,532,-,178,132,Linker,Exon 6,p.Cys178Arg,20374,Cys,Arg,cysteine,arginine,-,Severe,-,-,<1,<10,,,,,
3840,12626,c.532T>C,11,Point,Missense,-,-,-,-,Cys > Arg,532,-,178,132,Linker,Exon 6,p.Cys178Arg,20374,Cys,Arg,cysteine,arginine,-,Severe,-,-,<1,<10,,,,,
3840,12627,c.532T>C,11,Point,Missense,-,-,-,-,Cys > Arg,532,-,178,132,Linker,Exon 6,p.Cys178Arg,20374,Cys,Arg,cysteine,arginine,-,Moderate,-,-,2%,-,,,,,
3840,12628,c.532T>C,11,Point,Missense,-,-,-,-,Cys > Arg,532,-,178,132,Linker,Exon 6,p.Cys178Arg,20374,Cys,Arg,cysteine,arginine,-,-,-,-,-,-,,,,,
3840,12629,c.532T>C,11,Point,Missense,-,-,-,-,Cys > Arg,532,-,178,132,Linker,Exon 6,p.Cys178Arg,20374,Cys,Arg,cysteine,arginine,-,Severe,-,-,<1,-,,,,,
3840,12630,c.532T>C,11,Point,Missense,-,-,-,-,Cys > Arg,532,-,178,132,Linker,Exon 6,p.Cys178Arg,20374,Cys,Arg,cysteine,arginine,-,Severe,-,-,<1,<1,,,,,
3840,15098,c.532T>C,11,Point,Missense,No,-,-,-,Cys > Arg,532,-,178,132,Linker,Exon 6,p.Cys178Arg,20374,Cys,Arg,cysteine,arginine,-,Severe,-,-,-,-,,,,,
3841,12632,c.533G>A,9,Point,Missense,-,-,-,-,Cys > Tyr,533,-,178,132,Linker,Exon 6,p.Cys178Tyr,20375,Cys,Tyr,cysteine,tyrosine,-,Severe,-,-,<1,-,,,,,
3841,12633,c.533G>A,9,Point,Missense,-,-,-,-,Cys > Tyr,533,-,178,132,Linker,Exon 6,p.Cys178Tyr,20375,Cys,Tyr,cysteine,tyrosine,-,Severe,-,-,<1,<1,,,,,
3841,12634,c.533G>A,9,Point,Missense,-,-,-,-,Cys > Tyr,533,-,178,132,Linker,Exon 6,p.Cys178Tyr,20375,Cys,Tyr,cysteine,tyrosine,-,Severe,-,-,<1,-,,,,,
3841,12635,c.533G>A,9,Point,Missense,No,-,-,-,Cys > Tyr,533,-,178,132,Linker,Exon 6,p.Cys178Tyr,20375,Cys,Tyr,cysteine,tyrosine,-,Severe,-,-,<1,<1,,,,,
3841,12636,c.533G>A,9,Point,Missense,-,-,-,-,Cys > Tyr,533,-,178,132,Linker,Exon 6,p.Cys178Tyr,20375,Cys,Tyr,cysteine,tyrosine,-,-,-,-,-,-,,,,,
3841,12637,c.533G>A,9,Point,Missense,-,-,-,-,Cys > Tyr,533,-,178,132,Linker,Exon 6,p.Cys178Tyr,20375,Cys,Tyr,cysteine,tyrosine,-,Moderate,-,-,1%,-,,,,,
3841,15009,c.533G>A,9,Point,Missense,No,-,-,-,Cys > Tyr,533,-,178,132,Linker,Exon 6,p.Cys178Tyr,20375,Cys,Tyr,cysteine,tyrosine,-,Severe,-,-,<1,-,,,,,
3841,15553,c.533G>A,9,Point,Missense,No,-,-,-,Cys > Tyr,533,-,178,132,Linker,Exon 6,p.Cys178Tyr,20375,Cys,Tyr,cysteine,tyrosine,-,Severe,-,-,<1,-,,,,,
3841,15554,c.533G>A,9,Point,Missense,No,-,-,-,Cys > Tyr,533,-,178,132,Linker,Exon 6,p.Cys178Tyr,20375,Cys,Tyr,cysteine,tyrosine,-,Severe,-,-,<1,-,,,,,
3842,12638,c.533G>C,1,Point,Missense,-,-,-,-,Cys > Ser,533,-,178,132,Linker,Exon 6,p.Cys178Ser,20375,Cys,Ser,cysteine,serine,-,Severe,-,-,<1,-,,,,,
3843,12639,c.533G>T,3,Point,Missense,-,-,-,-,Cys > Phe,533,-,178,132,Linker,Exon 6,p.Cys178Phe,20375,Cys,Phe,cysteine,phenylalanine,-,Severe,-,-,<1,-,,,,,
3843,12640,c.533G>T,3,Point,Missense,-,-,-,-,Cys > Phe,533,-,178,132,Linker,Exon 6,p.Cys178Phe,20375,Cys,Phe,cysteine,phenylalanine,-,Severe,-,-,<1,-,,,,,
3843,12641,c.533G>T,3,Point,Missense,-,-,-,-,Cys > Phe,533,-,178,132,Linker,Exon 6,p.Cys178Phe,20375,Cys,Phe,cysteine,phenylalanine,-,Severe,-,-,<1,<1,,,,,
3844,12642,c.534T>G,1,Point,Missense,-,-,-,-,Cys > Trp,534,-,178,132,Linker,Exon 6,p.Cys178Trp,20376,Cys,Trp,cysteine,tryptophan,-,Severe,-,-,<1,-,,,,,
3845,12643,c.535G>A,1,Point,Missense,-,-,-,-,Gly > Arg,535,-,179,133,Linker,Exon 6,p.Gly179Arg,20377,Gly,Arg,glycine,arginine,-,Moderate,-,-,4%,4%,,,,,
3846,12645,c.538delA,1,Deletion,Frameshift,-,-,-,Frameshift,Arg180fs,538,-,180,134,Linker,Exon 6,p.(Arg180Glufs*23),20380,Arg180fs,-,arginine,-,-,Moderate,-,-,-,-,,,,,
3847,12646,c.540dupA,1,Duplication,Frameshift,-,-,-,-,Val dup,540,-,181,135,Linker,Exon 6,p.(Val181Serfs*8),20382,Val dup,-,valine,-,-,Moderate,-,-,-,-,,,,,
3848,12647,c.547delG,2,Deletion,Frameshift,-,-,-,Frameshift,Val183fs,547,-,183,137,Linker,Exon 6,p.(Val183Phefs*20),20389,Val183fs,-,valine,-,-,Severe,-,-,<1,-,,,,,
3848,12648,c.547delG,2,Deletion,Frameshift,No,-,-,Frameshift,Val183fs,547,-,183,137,Linker,Exon 6,p.(Val183Phefs*20),20389,Val183fs,-,valine,-,-,Moderate,-,-,2%,1.50%,,,,,
3849,12649,c.556delA,1,Deletion,Frameshift,-,-,-,"Frameshift, de novo in MGF or MGM",Thr186fs,556,-,186,140,Linker,Exon 6,p.(Thr186Leufs*17),20398,Thr186fs,-,threonine,-,-,-,-,-,-,-,,,,,
3850,12650,c.571C>A,1,Point,Missense,-,-,-,-,Arg > Ser,571,-,191,145,Linker,Exon 6,p.Arg191Ser,20413,Arg,Ser,arginine,serine,-,-,-,-,-,-,,,,,
3851,12651,c.571C>T,64,Point,Missense,-,0.000005451,-,-,Arg > Cys,571,-,191,145,Linker,Exon 6,p.Arg191Cys,20413,Arg,Cys,arginine,cysteine,-,Severe,-,-,<1,66%,,,,,
3851,12652,c.571C>T,64,Point,Missense,-,0.000005451,-,-,Arg > Cys,571,-,191,145,Linker,Exon 6,p.Arg191Cys,20413,Arg,Cys,arginine,cysteine,-,Moderate,-,-,1%,-,,,,,
3851,12653,c.571C>T,64,Point,Missense,-,0.000005451,-,-,Arg > Cys,571,-,191,145,Linker,Exon 6,p.Arg191Cys,20413,Arg,Cys,arginine,cysteine,-,Moderate,-,-,2%,43%,,,,,
3851,12654,c.571C>T,64,Point,Missense,-,0.000005451,-,-,Arg > Cys,571,-,191,145,Linker,Exon 6,p.Arg191Cys,20413,Arg,Cys,arginine,cysteine,-,Moderate,-,-,3%,54%,,,,,
3851,12655,c.571C>T,64,Point,Missense,-,0.000005451,-,-,Arg > Cys,571,-,191,145,Linker,Exon 6,p.Arg191Cys,20413,Arg,Cys,arginine,cysteine,-,Severe,-,-,<1,13%,,,,,
3851,12656,c.571C>T,64,Point,Missense,-,0.000005451,-,-,Arg > Cys,571,-,191,145,Linker,Exon 6,p.Arg191Cys,20413,Arg,Cys,arginine,cysteine,-,Moderate,-,-,2%,-,,,,,
3851,12657,c.571C>T,64,Point,Missense,-,0.000005451,-,-,Arg > Cys,571,-,191,145,Linker,Exon 6,p.Arg191Cys,20413,Arg,Cys,arginine,cysteine,-,Moderate,-,-,2%,-,,,,,
3851,12658,c.571C>T,64,Point,Missense,-,0.000005451,-,-,Arg > Cys,571,-,191,145,Linker,Exon 6,p.Arg191Cys,20413,Arg,Cys,arginine,cysteine,-,-,-,-,-,-,,,,,
3851,12659,c.571C>T,64,Point,Missense,-,0.000005451,-,-,Arg > Cys,571,-,191,145,Linker,Exon 6,p.Arg191Cys,20413,Arg,Cys,arginine,cysteine,-,Moderate,-,-,2%,40%,,,,,
3851,12660,c.571C>T,64,Point,Missense,-,0.000005451,-,-,Arg > Cys,571,-,191,145,Linker,Exon 6,p.Arg191Cys,20413,Arg,Cys,arginine,cysteine,-,Mild,-,-,16%,-,,,,,
3851,12661,c.571C>T,64,Point,Missense,-,0.000005451,-,-,Arg > Cys,571,-,191,145,Linker,Exon 6,p.Arg191Cys,20413,Arg,Cys,arginine,cysteine,-,Moderate,-,-,3%,-,,,,,
3851,12662,c.571C>T,64,Point,Missense,-,0.000005451,-,-,Arg > Cys,571,-,191,145,Linker,Exon 6,p.Arg191Cys,20413,Arg,Cys,arginine,cysteine,-,Moderate,-,-,3%,52%,,,,,
3851,12663,c.571C>T,64,Point,Missense,-,0.000005451,-,-,Arg > Cys,571,-,191,145,Linker,Exon 6,p.Arg191Cys,20413,Arg,Cys,arginine,cysteine,-,Moderate,-,-,3%,52%,,,,,
3851,12664,c.571C>T,64,Point,Missense,-,0.000005451,-,-,Arg > Cys,571,-,191,145,Linker,Exon 6,p.Arg191Cys,20413,Arg,Cys,arginine,cysteine,-,Moderate,-,-,5%,-,,,,,
3851,12665,c.571C>T,64,Point,Missense,-,0.000005451,-,-,Arg > Cys,571,-,191,145,Linker,Exon 6,p.Arg191Cys,20413,Arg,Cys,arginine,cysteine,-,Severe,-,-,<1,30%,,,,,
3851,12666,c.571C>T,64,Point,Missense,-,0.000005451,-,-,Arg > Cys,571,-,191,145,Linker,Exon 6,p.Arg191Cys,20413,Arg,Cys,arginine,cysteine,-,Moderate,-,-,3%,32%,,,,,
3851,12667,c.571C>T,64,Point,Missense,-,0.000005451,-,-,Arg > Cys,571,-,191,145,Linker,Exon 6,p.Arg191Cys,20413,Arg,Cys,arginine,cysteine,-,Moderate,-,-,3%,-,,,,,
3851,12668,c.571C>T,64,Point,Missense,-,0.000005451,-,-,Arg > Cys,571,-,191,145,Linker,Exon 6,p.Arg191Cys,20413,Arg,Cys,arginine,cysteine,-,Moderate,-,-,2.50%,-,,,,,
3851,12669,c.571C>T,64,Point,Missense,-,0.000005451,-,-,Arg > Cys,571,-,191,145,Linker,Exon 6,p.Arg191Cys,20413,Arg,Cys,arginine,cysteine,-,Moderate,-,-,3%,-,,,,,
3851,12670,c.571C>T,64,Point,Missense,-,0.000005451,-,-,Arg > Cys,571,-,191,145,Linker,Exon 6,p.Arg191Cys,20413,Arg,Cys,arginine,cysteine,-,Severe,-,-,<1,34%,,,,,
3851,12671,c.571C>T,64,Point,Missense,-,0.000005451,-,-,Arg > Cys,571,-,191,145,Linker,Exon 6,p.Arg191Cys,20413,Arg,Cys,arginine,cysteine,-,Moderate,-,-,-,-,,,,,
3851,12672,c.571C>T,64,Point,Missense,-,0.000005451,-,-,Arg > Cys,571,-,191,145,Linker,Exon 6,p.Arg191Cys,20413,Arg,Cys,arginine,cysteine,-,Severe,-,-,<1,-,,,,,
3851,12673,c.571C>T,64,Point,Missense,-,0.000005451,-,-,Arg > Cys,571,-,191,145,Linker,Exon 6,p.Arg191Cys,20413,Arg,Cys,arginine,cysteine,-,Moderate,-,-,2%,62%,,,,,
3851,12674,c.571C>T,64,Point,Missense,-,0.000005451,-,-,Arg > Cys,571,-,191,145,Linker,Exon 6,p.Arg191Cys,20413,Arg,Cys,arginine,cysteine,-,Moderate,-,-,4%,44%,,,,,
3851,12675,c.571C>T,64,Point,Missense,-,0.000005451,-,-,Arg > Cys,571,-,191,145,Linker,Exon 6,p.Arg191Cys,20413,Arg,Cys,arginine,cysteine,-,Moderate,-,-,2%,60%,,,,,
3851,12676,c.571C>T,64,Point,Missense,-,0.000005451,-,-,Arg > Cys,571,-,191,145,Linker,Exon 6,p.Arg191Cys,20413,Arg,Cys,arginine,cysteine,-,-,-,-,-,-,,,,,
3851,12677,c.571C>T,64,Point,Missense,-,0.000005451,-,-,Arg > Cys,571,-,191,145,Linker,Exon 6,p.Arg191Cys,20413,Arg,Cys,arginine,cysteine,-,Moderate,-,-,4%,-,,,,,
3851,12678,c.571C>T,64,Point,Missense,-,0.000005451,-,-,Arg > Cys,571,-,191,145,Linker,Exon 6,p.Arg191Cys,20413,Arg,Cys,arginine,cysteine,-,Moderate,-,-,3%,36%,,,,,
3851,12679,c.571C>T,64,Point,Missense,-,0.000005451,-,-,Arg > Cys,571,-,191,145,Linker,Exon 6,p.Arg191Cys,20413,Arg,Cys,arginine,cysteine,-,Severe,-,-,<1,-,,,,,
3851,12680,c.571C>T,64,Point,Missense,-,0.000005451,-,-,Arg > Cys,571,-,191,145,Linker,Exon 6,p.Arg191Cys,20413,Arg,Cys,arginine,cysteine,-,Moderate,-,-,3%,-,,,,,
3851,12681,c.571C>T,64,Point,Missense,-,0.000005451,-,-,Arg > Cys,571,-,191,145,Linker,Exon 6,p.Arg191Cys,20413,Arg,Cys,arginine,cysteine,-,-,-,-,-,-,,,,,
3851,12682,c.571C>T,64,Point,Missense,-,0.000005451,-,-,Arg > Cys,571,-,191,145,Linker,Exon 6,p.Arg191Cys,20413,Arg,Cys,arginine,cysteine,-,Moderate,-,-,2%,-,,,,,
3851,12683,c.571C>T,64,Point,Missense,-,0.000005451,-,-,Arg > Cys,571,-,191,145,Linker,Exon 6,p.Arg191Cys,20413,Arg,Cys,arginine,cysteine,-,Moderate,-,-,2%,-,,,,,
3851,12684,c.571C>T,64,Point,Missense,-,0.000005451,-,-,Arg > Cys,571,-,191,145,Linker,Exon 6,p.Arg191Cys,20413,Arg,Cys,arginine,cysteine,-,-,-,-,-,-,,,,,
3851,12685,c.571C>T,64,Point,Missense,-,0.000005451,-,-,Arg > Cys,571,-,191,145,Linker,Exon 6,p.Arg191Cys,20413,Arg,Cys,arginine,cysteine,-,Moderate,-,-,1%,17%,,,,,
3851,12686,c.571C>T,64,Point,Missense,-,0.000005451,-,-,Arg > Cys,571,-,191,145,Linker,Exon 6,p.Arg191Cys,20413,Arg,Cys,arginine,cysteine,-,Moderate,-,-,2%,38%,,,,,
3851,12687,c.571C>T,64,Point,Missense,-,0.000005451,-,-,Arg > Cys,571,-,191,145,Linker,Exon 6,p.Arg191Cys,20413,Arg,Cys,arginine,cysteine,-,Moderate,-,-,4%,-,,,,,
3851,12688,c.571C>T,64,Point,Missense,-,0.000005451,-,-,Arg > Cys,571,-,191,145,Linker,Exon 6,p.Arg191Cys,20413,Arg,Cys,arginine,cysteine,-,Moderate,-,-,2%,18%,,,,,
3851,12689,c.571C>T,64,Point,Missense,-,0.000005451,-,-,Arg > Cys,571,-,191,145,Linker,Exon 6,p.Arg191Cys,20413,Arg,Cys,arginine,cysteine,-,Moderate,-,-,2%,-,,,,,
3851,12690,c.571C>T,64,Point,Missense,-,0.000005451,-,-,Arg > Cys,571,-,191,145,Linker,Exon 6,p.Arg191Cys,20413,Arg,Cys,arginine,cysteine,-,-,-,-,-,-,,,,,
3851,12691,c.571C>T,64,Point,Missense,-,0.000005451,-,-,Arg > Cys,571,-,191,145,Linker,Exon 6,p.Arg191Cys,20413,Arg,Cys,arginine,cysteine,-,-,-,-,-,-,,,,,
3851,12692,c.571C>T,64,Point,Missense,-,0.000005451,-,-,Arg > Cys,571,-,191,145,Linker,Exon 6,p.Arg191Cys,20413,Arg,Cys,arginine,cysteine,-,Severe,-,-,<1,-,,,,,
3851,12693,c.571C>T,64,Point,Missense,No,0.000005451,-,-,Arg > Cys,571,-,191,145,Linker,Exon 6,p.Arg191Cys,20413,Arg,Cys,arginine,cysteine,-,Moderate,-,-,1%,43%,,,,,
3851,12694,c.571C>T,64,Point,Missense,-,0.000005451,-,-,Arg > Cys,571,-,191,145,Linker,Exon 6,p.Arg191Cys,20413,Arg,Cys,arginine,cysteine,-,Severe,-,-,-,-,,,,,
3851,12695,c.571C>T,64,Point,Missense,-,0.000005451,-,-,Arg > Cys,571,-,191,145,Linker,Exon 6,p.Arg191Cys,20413,Arg,Cys,arginine,cysteine,-,Severe,-,-,<1,-,,,,,
3851,12696,c.571C>T,64,Point,Missense,-,0.000005451,-,-,Arg > Cys,571,-,191,145,Linker,Exon 6,p.Arg191Cys,20413,Arg,Cys,arginine,cysteine,-,Moderate,-,-,2%,-,,,,,
3851,12697,c.571C>T,64,Point,Missense,-,0.000005451,-,-,Arg > Cys,571,-,191,145,Linker,Exon 6,p.Arg191Cys,20413,Arg,Cys,arginine,cysteine,-,-,-,-,-,-,,,,,
3851,12698,c.571C>T,64,Point,Missense,-,0.000005451,-,-,Arg > Cys,571,-,191,145,Linker,Exon 6,p.Arg191Cys,20413,Arg,Cys,arginine,cysteine,-,-,-,-,-,-,,,,,
3851,12699,c.571C>T,64,Point,Missense,-,0.000005451,-,-,Arg > Cys,571,-,191,145,Linker,Exon 6,p.Arg191Cys,20413,Arg,Cys,arginine,cysteine,-,Moderate,-,-,2.60%,-,,,,,
3851,12700,c.571C>T,64,Point,Missense,-,0.000005451,-,-,Arg > Cys,571,-,191,145,Linker,Exon 6,p.Arg191Cys,20413,Arg,Cys,arginine,cysteine,-,Moderate,-,-,3%,-,,,,,
3851,12701,c.571C>T,64,Point,Missense,-,0.000005451,-,-,Arg > Cys,571,-,191,145,Linker,Exon 6,p.Arg191Cys,20413,Arg,Cys,arginine,cysteine,-,Moderate,-,-,4%,-,,,,,
3851,12702,c.571C>T,64,Point,Missense,-,0.000005451,-,-,Arg > Cys,571,-,191,145,Linker,Exon 6,p.Arg191Cys,20413,Arg,Cys,arginine,cysteine,-,Moderate,-,-,5%,-,,,,,
3851,12703,c.571C>T,64,Point,Missense,-,0.000005451,-,-,Arg > Cys,571,-,191,145,Linker,Exon 6,p.Arg191Cys,20413,Arg,Cys,arginine,cysteine,-,Moderate,-,-,2.50%,-,,,,,
3851,12704,c.571C>T,64,Point,Missense,-,0.000005451,-,-,Arg > Cys,571,-,191,145,Linker,Exon 6,p.Arg191Cys,20413,Arg,Cys,arginine,cysteine,-,Mild,-,-,-,-,,,,,
3851,12705,c.571C>T,64,Point,Missense,-,0.000005451,-,-,Arg > Cys,571,-,191,145,Linker,Exon 6,p.Arg191Cys,20413,Arg,Cys,arginine,cysteine,-,Moderate,-,-,1%,30%,,,,,
3851,15010,c.571C>T,64,Point,Missense,No,0.000005451,-,-,Arg > Cys,571,-,191,145,Linker,Exon 6,p.Arg191Cys,20413,Arg,Cys,arginine,cysteine,-,Moderate,-,-,2.50%,-,,,,,
3851,15555,c.571C>T,64,Point,Missense,No,0.000005451,-,-,Arg > Cys,571,-,191,145,Linker,Exon 6,p.Arg191Cys,20413,Arg,Cys,arginine,cysteine,-,Severe,-,-,<1,-,,,,,
3851,15556,c.571C>T,64,Point,Missense,No,0.000005451,-,-,Arg > Cys,571,-,191,145,Linker,Exon 6,p.Arg191Cys,20413,Arg,Cys,arginine,cysteine,-,Moderate,-,-,3%,-,,,,,
3851,15557,c.571C>T,64,Point,Missense,No,0.000005451,-,-,Arg > Cys,571,-,191,145,Linker,Exon 6,p.Arg191Cys,20413,Arg,Cys,arginine,cysteine,-,Moderate,-,-,1%,-,,,,,
3851,15558,c.571C>T,64,Point,Missense,No,0.000005451,-,-,Arg > Cys,571,-,191,145,Linker,Exon 6,p.Arg191Cys,20413,Arg,Cys,arginine,cysteine,-,Moderate,-,-,4%,-,,,,,
3851,15559,c.571C>T,64,Point,Missense,No,0.000005451,-,-,Arg > Cys,571,-,191,145,Linker,Exon 6,p.Arg191Cys,20413,Arg,Cys,arginine,cysteine,-,Moderate,-,-,3%,-,,,,,
3851,15560,c.571C>T,64,Point,Missense,No,0.000005451,-,-,Arg > Cys,571,-,191,145,Linker,Exon 6,p.Arg191Cys,20413,Arg,Cys,arginine,cysteine,-,Moderate,-,-,4%,-,,,,,
3851,15561,c.571C>T,64,Point,Missense,No,0.000005451,-,-,Arg > Cys,571,-,191,145,Linker,Exon 6,p.Arg191Cys,20413,Arg,Cys,arginine,cysteine,-,Moderate,-,-,1.66%,-,,,,,
3851,15562,c.571C>T,64,Point,Missense,No,0.000005451,-,-,Arg > Cys,571,-,191,145,Linker,Exon 6,p.Arg191Cys,20413,Arg,Cys,arginine,cysteine,-,Severe,-,-,<1,-,,,,,
3852,12706,c.572G>A,112,Point,Missense,-,0.000005451,-,Decreased XIa activation,Arg > His,572,-,191,145,Linker,Exon 6,p.Arg191His,20414,Arg,His,arginine,histidine,-,Mild,-,-,7%,160%,,,,,
3852,12707,c.572G>A,112,Point,Missense,-,0.000005451,-,Decreased XIa activation,Arg > His,572,-,191,145,Linker,Exon 6,p.Arg191His,20414,Arg,His,arginine,histidine,-,Moderate,-,-,4%,-,,,,,
3852,12708,c.572G>A,112,Point,Missense,-,0.000005451,-,Decreased XIa activation,Arg > His,572,-,191,145,Linker,Exon 6,p.Arg191His,20414,Arg,His,arginine,histidine,-,Mild,-,-,4 to 11,91%,,,,,
3852,12709,c.572G>A,112,Point,Missense,-,0.000005451,-,Decreased XIa activation,Arg > His,572,-,191,145,Linker,Exon 6,p.Arg191His,20414,Arg,His,arginine,histidine,-,Mild,-,-,7%,148%,,,,,
3852,12710,c.572G>A,112,Point,Missense,-,0.000005451,-,Decreased XIa activation,Arg > His,572,-,191,145,Linker,Exon 6,p.Arg191His,20414,Arg,His,arginine,histidine,-,Mild,-,-,5 to 8,115%,,,,,
3852,12711,c.572G>A,112,Point,Missense,-,0.000005451,-,Decreased XIa activation,Arg > His,572,-,191,145,Linker,Exon 6,p.Arg191His,20414,Arg,His,arginine,histidine,-,Mild,-,-,7%,110%,,,,,
3852,12712,c.572G>A,112,Point,Missense,-,0.000005451,-,Decreased XIa activation,Arg > His,572,-,191,145,Linker,Exon 6,p.Arg191His,20414,Arg,His,arginine,histidine,-,-,-,-,-,-,,,,,
3852,12713,c.572G>A,112,Point,Missense,-,0.000005451,-,Decreased XIa activation,Arg > His,572,-,191,145,Linker,Exon 6,p.Arg191His,20414,Arg,His,arginine,histidine,-,Mild,-,-,-,-,,,,,
3852,12714,c.572G>A,112,Point,Missense,-,0.000005451,-,Decreased XIa activation,Arg > His,572,-,191,145,Linker,Exon 6,p.Arg191His,20414,Arg,His,arginine,histidine,-,Moderate,-,-,4%,100%,,,,,
3852,12715,c.572G>A,112,Point,Missense,-,0.000005451,-,Decreased XIa activation,Arg > His,572,-,191,145,Linker,Exon 6,p.Arg191His,20414,Arg,His,arginine,histidine,-,Mild,-,-,6%,100%,,,,,
3852,12716,c.572G>A,112,Point,Missense,-,0.000005451,-,Decreased XIa activation,Arg > His,572,-,191,145,Linker,Exon 6,p.Arg191His,20414,Arg,His,arginine,histidine,-,Moderate,-,-,3%,-,,,,,
3852,12717,c.572G>A,112,Point,Missense,-,0.000005451,-,Decreased XIa activation,Arg > His,572,-,191,145,Linker,Exon 6,p.Arg191His,20414,Arg,His,arginine,histidine,-,Mild,-,-,11%,-,,,,,
3852,12718,c.572G>A,112,Point,Missense,-,0.000005451,-,Decreased XIa activation,Arg > His,572,-,191,145,Linker,Exon 6,p.Arg191His,20414,Arg,His,arginine,histidine,-,Moderate,-,-,4%,-,,,,,
3852,12719,c.572G>A,112,Point,Missense,-,0.000005451,-,Decreased XIa activation,Arg > His,572,-,191,145,Linker,Exon 6,p.Arg191His,20414,Arg,His,arginine,histidine,-,Moderate,-,-,1%,60%,,,,,
3852,12720,c.572G>A,112,Point,Missense,-,0.000005451,-,Decreased XIa activation,Arg > His,572,-,191,145,Linker,Exon 6,p.Arg191His,20414,Arg,His,arginine,histidine,-,Mild,-,-,9%,-,,,,,
3852,12721,c.572G>A,112,Point,Missense,-,0.000005451,-,Decreased XIa activation,Arg > His,572,-,191,145,Linker,Exon 6,p.Arg191His,20414,Arg,His,arginine,histidine,-,-,-,-,-,-,,,,,
3852,12722,c.572G>A,112,Point,Missense,No,0.000005451,-,Decreased XIa activation,Arg > His,572,-,191,145,Linker,Exon 6,p.Arg191His,20414,Arg,His,arginine,histidine,-,Moderate,-,-,2%,40 to 140,,,,,
3852,12723,c.572G>A,112,Point,Missense,-,0.000005451,-,Decreased XIa activation,Arg > His,572,-,191,145,Linker,Exon 6,p.Arg191His,20414,Arg,His,arginine,histidine,-,Mild,-,-,7%,148%,,,,,
3852,12724,c.572G>A,112,Point,Missense,-,0.000005451,-,Decreased XIa activation,Arg > His,572,-,191,145,Linker,Exon 6,p.Arg191His,20414,Arg,His,arginine,histidine,-,Mild,-,-,9%,105%,,,,,
3852,12725,c.572G>A,112,Point,Missense,-,0.000005451,-,Decreased XIa activation,Arg > His,572,-,191,145,Linker,Exon 6,p.Arg191His,20414,Arg,His,arginine,histidine,-,Mild,-,-,8%,-,,,,,
3852,12726,c.572G>A,112,Point,Missense,-,0.000005451,-,Decreased XIa activation,Arg > His,572,-,191,145,Linker,Exon 6,p.Arg191His,20414,Arg,His,arginine,histidine,-,-,-,-,-,-,,,,,
3852,12727,c.572G>A,112,Point,Missense,-,0.000005451,-,Decreased XIa activation,Arg > His,572,-,191,145,Linker,Exon 6,p.Arg191His,20414,Arg,His,arginine,histidine,-,Mild,-,-,-,-,,,,,
3852,12728,c.572G>A,112,Point,Missense,-,0.000005451,-,Decreased XIa activation,Arg > His,572,-,191,145,Linker,Exon 6,p.Arg191His,20414,Arg,His,arginine,histidine,-,Mild,-,-,11%,100%,,,,,
3852,12729,c.572G>A,112,Point,Missense,-,0.000005451,-,Decreased XIa activation,Arg > His,572,-,191,145,Linker,Exon 6,p.Arg191His,20414,Arg,His,arginine,histidine,-,Moderate,-,-,5%,44%,,,,,
3852,12730,c.572G>A,112,Point,Missense,-,0.000005451,-,Decreased XIa activation,Arg > His,572,-,191,145,Linker,Exon 6,p.Arg191His,20414,Arg,His,arginine,histidine,-,Mild,-,-,7%,-,,,,,
3852,12731,c.572G>A,112,Point,Missense,-,0.000005451,-,Decreased XIa activation,Arg > His,572,-,191,145,Linker,Exon 6,p.Arg191His,20414,Arg,His,arginine,histidine,-,-,-,-,-,-,,,,,
3852,12732,c.572G>A,112,Point,Missense,-,0.000005451,-,Decreased XIa activation,Arg > His,572,-,191,145,Linker,Exon 6,p.Arg191His,20414,Arg,His,arginine,histidine,-,Moderate,-,-,5%,-,,,,,
3852,12733,c.572G>A,112,Point,Missense,-,0.000005451,-,Decreased XIa activation,Arg > His,572,-,191,145,Linker,Exon 6,p.Arg191His,20414,Arg,His,arginine,histidine,-,Moderate,-,-,3%,-,,,,,
3852,12734,c.572G>A,112,Point,Missense,-,0.000005451,-,Decreased XIa activation,Arg > His,572,-,191,145,Linker,Exon 6,p.Arg191His,20414,Arg,His,arginine,histidine,-,Moderate,-,-,5%,-,,,,,
3852,12735,c.572G>A,112,Point,Missense,-,0.000005451,-,Decreased XIa activation,Arg > His,572,-,191,145,Linker,Exon 6,p.Arg191His,20414,Arg,His,arginine,histidine,-,Moderate,-,-,5%,-,,,,,
3852,12736,c.572G>A,112,Point,Missense,-,0.000005451,-,Decreased XIa activation,Arg > His,572,-,191,145,Linker,Exon 6,p.Arg191His,20414,Arg,His,arginine,histidine,-,Mild,-,-,9%,104%,,,,,
3852,12737,c.572G>A,112,Point,Missense,-,0.000005451,-,Decreased XIa activation,Arg > His,572,-,191,145,Linker,Exon 6,p.Arg191His,20414,Arg,His,arginine,histidine,-,Mild,-,-,7%,-,,,,,
3852,12738,c.572G>A,112,Point,Missense,-,0.000005451,-,Decreased XIa activation,Arg > His,572,-,191,145,Linker,Exon 6,p.Arg191His,20414,Arg,His,arginine,histidine,-,Moderate,-,-,5%,-,,,,,
3852,12739,c.572G>A,112,Point,Missense,-,0.000005451,-,Decreased XIa activation,Arg > His,572,-,191,145,Linker,Exon 6,p.Arg191His,20414,Arg,His,arginine,histidine,-,Moderate,-,-,3 to 4,-,,,,,
3852,12740,c.572G>A,112,Point,Missense,-,0.000005451,-,Decreased XIa activation,Arg > His,572,-,191,145,Linker,Exon 6,p.Arg191His,20414,Arg,His,arginine,histidine,-,Severe,-,-,<1,-,,,,,
3852,12741,c.572G>A,112,Point,Missense,-,0.000005451,-,Decreased XIa activation,Arg > His,572,-,191,145,Linker,Exon 6,p.Arg191His,20414,Arg,His,arginine,histidine,-,Moderate,-,-,4%,-,,,,,
3852,12742,c.572G>A,112,Point,Missense,-,0.000005451,-,Decreased XIa activation,Arg > His,572,-,191,145,Linker,Exon 6,p.Arg191His,20414,Arg,His,arginine,histidine,-,Moderate,-,-,5%,94%,,,,,
3852,12743,c.572G>A,112,Point,Missense,-,0.000005451,-,Decreased XIa activation,Arg > His,572,-,191,145,Linker,Exon 6,p.Arg191His,20414,Arg,His,arginine,histidine,-,-,-,-,-,-,,,,,
3852,12744,c.572G>A,112,Point,Missense,-,0.000005451,-,Decreased XIa activation,Arg > His,572,-,191,145,Linker,Exon 6,p.Arg191His,20414,Arg,His,arginine,histidine,-,Mild,-,-,12%,73%,,,,,
3852,12745,c.572G>A,112,Point,Missense,-,0.000005451,-,Decreased XIa activation,Arg > His,572,-,191,145,Linker,Exon 6,p.Arg191His,20414,Arg,His,arginine,histidine,-,Mild,-,-,-,105%,,,,,
3852,12746,c.572G>A,112,Point,Missense,-,0.000005451,-,Decreased XIa activation,Arg > His,572,-,191,145,Linker,Exon 6,p.Arg191His,20414,Arg,His,arginine,histidine,-,Mild,-,-,7%,-,,,,,
3852,12747,c.572G>A,112,Point,Missense,-,0.000005451,-,Decreased XIa activation,Arg > His,572,-,191,145,Linker,Exon 6,p.Arg191His,20414,Arg,His,arginine,histidine,-,Moderate,-,-,5%,-,,,,,
3852,12748,c.572G>A,112,Point,Missense,-,0.000005451,-,Decreased XIa activation,Arg > His,572,-,191,145,Linker,Exon 6,p.Arg191His,20414,Arg,His,arginine,histidine,-,-,-,-,-,-,,,,,
3852,12749,c.572G>A,112,Point,Missense,No,0.000005451,-,Decreased XIa activation,Arg > His,572,-,191,145,Linker,Exon 6,p.Arg191His,20414,Arg,His,arginine,histidine,-,Moderate,-,-,4%,-,,,,,
3852,12750,c.572G>A,112,Point,Missense,No,0.000005451,-,Decreased XIa activation,Arg > His,572,-,191,145,Linker,Exon 6,p.Arg191His,20414,Arg,His,arginine,histidine,-,Moderate,-,-,5%,91%,,,,,
3852,12751,c.572G>A,112,Point,Missense,No,0.000005451,-,Decreased XIa activation,Arg > His,572,-,191,145,Linker,Exon 6,p.Arg191His,20414,Arg,His,arginine,histidine,-,Moderate,-,-,3%,75%,,,,,
3852,12752,c.572G>A,112,Point,Missense,No,0.000005451,-,Decreased XIa activation,Arg > His,572,-,191,145,Linker,Exon 6,p.Arg191His,20414,Arg,His,arginine,histidine,-,Moderate,-,-,4%,147%,,,,,
3852,12753,c.572G>A,112,Point,Missense,No,0.000005451,-,Decreased XIa activation,Arg > His,572,-,191,145,Linker,Exon 6,p.Arg191His,20414,Arg,His,arginine,histidine,-,Moderate,-,-,3%,-,,,,,
3852,12754,c.572G>A,112,Point,Missense,No,0.000005451,-,Decreased XIa activation,Arg > His,572,-,191,145,Linker,Exon 6,p.Arg191His,20414,Arg,His,arginine,histidine,-,Mild,-,-,7%,120%,,,,,
3852,12755,c.572G>A,112,Point,Missense,No,0.000005451,-,Decreased XIa activation,Arg > His,572,-,191,145,Linker,Exon 6,p.Arg191His,20414,Arg,His,arginine,histidine,-,Moderate,-,-,4%,80%,,,,,
3852,12756,c.572G>A,112,Point,Missense,No,0.000005451,-,Decreased XIa activation,Arg > His,572,-,191,145,Linker,Exon 6,p.Arg191His,20414,Arg,His,arginine,histidine,-,Moderate,-,-,5%,140%,,,,,
3852,12757,c.572G>A,112,Point,Missense,-,0.000005451,-,Decreased XIa activation,Arg > His,572,-,191,145,Linker,Exon 6,p.Arg191His,20414,Arg,His,arginine,histidine,-,Moderate,-,-,3%,-,,,,,
3852,12758,c.572G>A,112,Point,Missense,-,0.000005451,-,Decreased XIa activation,Arg > His,572,-,191,145,Linker,Exon 6,p.Arg191His,20414,Arg,His,arginine,histidine,-,Moderate,-,-,5%,-,,,,,
3852,12759,c.572G>A,112,Point,Missense,-,0.000005451,-,Decreased XIa activation,Arg > His,572,-,191,145,Linker,Exon 6,p.Arg191His,20414,Arg,His,arginine,histidine,-,-,-,-,-,-,,,,,
3852,12760,c.572G>A,112,Point,Missense,-,0.000005451,-,Decreased XIa activation,Arg > His,572,-,191,145,Linker,Exon 6,p.Arg191His,20414,Arg,His,arginine,histidine,-,Moderate,-,-,5%,-,,,,,
3852,12761,c.572G>A,112,Point,Missense,-,0.000005451,-,Decreased XIa activation,Arg > His,572,-,191,145,Linker,Exon 6,p.Arg191His,20414,Arg,His,arginine,histidine,-,Severe,-,-,<1,-,,,,,
3852,12762,c.572G>A,112,Point,Missense,-,0.000005451,-,Decreased XIa activation,Arg > His,572,-,191,145,Linker,Exon 6,p.Arg191His,20414,Arg,His,arginine,histidine,-,Moderate,-,-,4 to 5,-,,,,,
3852,12763,c.572G>A,112,Point,Missense,-,0.000005451,-,Decreased XIa activation,Arg > His,572,-,191,145,Linker,Exon 6,p.Arg191His,20414,Arg,His,arginine,histidine,-,Moderate,-,-,3%,-,,,,,
3852,12764,c.572G>A,112,Point,Missense,-,0.000005451,-,Decreased XIa activation,Arg > His,572,-,191,145,Linker,Exon 6,p.Arg191His,20414,Arg,His,arginine,histidine,-,Mild,-,-,7%,-,,,,,
3852,12765,c.572G>A,112,Point,Missense,-,0.000005451,-,Decreased XIa activation,Arg > His,572,-,191,145,Linker,Exon 6,p.Arg191His,20414,Arg,His,arginine,histidine,-,Moderate,-,-,2%,-,,,,,
3852,12766,c.572G>A,112,Point,Missense,-,0.000005451,-,Decreased XIa activation,Arg > His,572,-,191,145,Linker,Exon 6,p.Arg191His,20414,Arg,His,arginine,histidine,-,Moderate,-,-,3 to 5,-,,,,,
3852,12767,c.572G>A,112,Point,Missense,-,0.000005451,-,Decreased XIa activation,Arg > His,572,-,191,145,Linker,Exon 6,p.Arg191His,20414,Arg,His,arginine,histidine,-,Moderate,-,-,5%,-,,,,,
3852,12768,c.572G>A,112,Point,Missense,-,0.000005451,-,Decreased XIa activation,Arg > His,572,-,191,145,Linker,Exon 6,p.Arg191His,20414,Arg,His,arginine,histidine,-,Mild,-,-,6%,-,,,,,
3852,12769,c.572G>A,112,Point,Missense,-,0.000005451,-,Decreased XIa activation,Arg > His,572,-,191,145,Linker,Exon 6,p.Arg191His,20414,Arg,His,arginine,histidine,-,Mild,-,-,8%,-,,,,,
3852,12770,c.572G>A,112,Point,Missense,-,0.000005451,-,Decreased XIa activation,Arg > His,572,-,191,145,Linker,Exon 6,p.Arg191His,20414,Arg,His,arginine,histidine,-,Mild,-,-,22%,-,,,,,
3852,12771,c.572G>A,112,Point,Missense,-,0.000005451,-,Decreased XIa activation,Arg > His,572,-,191,145,Linker,Exon 6,p.Arg191His,20414,Arg,His,arginine,histidine,-,-,-,-,-,-,,,,,
3852,12772,c.572G>A,112,Point,Missense,-,0.000005451,-,Decreased XIa activation,Arg > His,572,-,191,145,Linker,Exon 6,p.Arg191His,20414,Arg,His,arginine,histidine,-,-,-,-,-,-,,,,,
3852,12773,c.572G>A,112,Point,Missense,-,0.000005451,-,Decreased XIa activation,Arg > His,572,-,191,145,Linker,Exon 6,p.Arg191His,20414,Arg,His,arginine,histidine,-,-,-,-,-,-,,,,,
3852,12774,c.572G>A,112,Point,Missense,-,0.000005451,-,Decreased XIa activation,Arg > His,572,-,191,145,Linker,Exon 6,p.Arg191His,20414,Arg,His,arginine,histidine,-,Moderate,-,-,3%,-,,,,,
3852,12775,c.572G>A,112,Point,Missense,-,0.000005451,-,Decreased XIa activation,Arg > His,572,-,191,145,Linker,Exon 6,p.Arg191His,20414,Arg,His,arginine,histidine,-,Moderate,-,-,2.29%,-,,,,,
3852,12776,c.572G>A,112,Point,Missense,-,0.000005451,-,Decreased XIa activation,Arg > His,572,-,191,145,Linker,Exon 6,p.Arg191His,20414,Arg,His,arginine,histidine,-,Moderate,-,-,2.50%,-,,,,,
3852,12777,c.572G>A,112,Point,Missense,-,0.000005451,-,Decreased XIa activation,Arg > His,572,-,191,145,Linker,Exon 6,p.Arg191His,20414,Arg,His,arginine,histidine,-,Moderate,-,-,5.50%,-,,,,,
3852,12778,c.572G>A,112,Point,Missense,-,0.000005451,-,Decreased XIa activation,Arg > His,572,-,191,145,Linker,Exon 6,p.Arg191His,20414,Arg,His,arginine,histidine,-,Mild,-,-,19%,-,,,,,
3852,12779,c.572G>A,112,Point,Missense,-,0.000005451,-,Decreased XIa activation,Arg > His,572,-,191,145,Linker,Exon 6,p.Arg191His,20414,Arg,His,arginine,histidine,-,Moderate,-,-,3.80%,-,,,,,
3852,12780,c.572G>A,112,Point,Missense,-,0.000005451,-,Decreased XIa activation,Arg > His,572,-,191,145,Linker,Exon 6,p.Arg191His,20414,Arg,His,arginine,histidine,-,-,-,-,-,-,,,,,
3852,12781,c.572G>A,112,Point,Missense,-,0.000005451,-,Decreased XIa activation,Arg > His,572,-,191,145,Linker,Exon 6,p.Arg191His,20414,Arg,His,arginine,histidine,-,Moderate,-,-,5%,-,,,,,
3852,12782,c.572G>A,112,Point,Missense,-,0.000005451,-,Decreased XIa activation,Arg > His,572,-,191,145,Linker,Exon 6,p.Arg191His,20414,Arg,His,arginine,histidine,-,Mild,-,-,10%,80%,,,,,
3852,12783,c.572G>A,112,Point,Missense,-,0.000005451,-,Decreased XIa activation,Arg > His,572,-,191,145,Linker,Exon 6,p.Arg191His,20414,Arg,His,arginine,histidine,-,Mild,-,-,10%,80%,,,,,
3852,12784,c.572G>A,112,Point,Missense,-,0.000005451,-,Decreased XIa activation,Arg > His,572,-,191,145,Linker,Exon 6,p.Arg191His,20414,Arg,His,arginine,histidine,-,-,-,-,-,-,,,,,
3852,12785,c.572G>A,112,Point,Missense,-,0.000005451,-,Decreased XIa activation,Arg > His,572,-,191,145,Linker,Exon 6,p.Arg191His,20414,Arg,His,arginine,histidine,-,Moderate,-,-,2.50%,-,,,,,
3852,12786,c.572G>A,112,Point,Missense,-,0.000005451,-,Decreased XIa activation,Arg > His,572,-,191,145,Linker,Exon 6,p.Arg191His,20414,Arg,His,arginine,histidine,-,Moderate,-,-,4.20%,-,,,,,
3852,12795,c.572G>A,112,Point,Missense,-,0.000005451,-,Decreased XIa activation,Arg > His,572,-,191,145,Linker,Exon 6,p.Arg191His,20414,Arg,His,arginine,histidine,-,Mild,-,-,8%,100%,,,,,
3852,15101,c.572G>A,112,Point,Missense,No,0.000005451,-,Decreased XIa activation,Arg > His,572,-,191,145,Linker,Exon 6,p.Arg191His,20414,Arg,His,arginine,histidine,-,Moderate,-,-,-,-,,,,,
3852,15186,c.572G>A,112,Point,Missense,No,0.000005451,-,Decreased XIa activation,Arg > His,572,-,191,145,Linker,Exon 6,p.Arg191His,20414,Arg,His,arginine,histidine,-,Moderate,-,-,-,-,,,,,
3852,15187,c.572G>A,112,Point,Missense,No,0.000005451,-,Decreased XIa activation,Arg > His,572,-,191,145,Linker,Exon 6,p.Arg191His,20414,Arg,His,arginine,histidine,-,Mild,-,-,-,-,,,,,
3852,15253,c.572G>A,112,Point,Missense,-,0.000005451,-,Decreased XIa activation,Arg > His,572,-,191,145,Linker,Exon 6,p.Arg191His,20414,Arg,His,arginine,histidine,-,Mild,-,-,4-11,91%,,,,,
3852,15254,c.572G>A,112,Point,Missense,-,0.000005451,-,Decreased XIa activation,Arg > His,572,-,191,145,Linker,Exon 6,p.Arg191His,20414,Arg,His,arginine,histidine,-,-,-,-,-,-,,,,,
3852,15255,c.572G>A,112,Point,Missense,-,0.000005451,-,Decreased XIa activation,Arg > His,572,-,191,145,Linker,Exon 6,p.Arg191His,20414,Arg,His,arginine,histidine,-,Mild,-,-,6%,115%,,,,,
3852,15256,c.572G>A,112,Point,Missense,-,0.000005451,-,Decreased XIa activation,Arg > His,572,-,191,145,Linker,Exon 6,p.Arg191His,20414,Arg,His,arginine,histidine,-,Mild,-,-,7%,110%,,,,,
3852,15257,c.572G>A,112,Point,Missense,-,0.000005451,-,Decreased XIa activation,Arg > His,572,-,191,145,Linker,Exon 6,p.Arg191His,20414,Arg,His,arginine,histidine,-,Mild,-,-,7%,148%,,,,,
3852,15276,c.572G>A,112,Point,Missense,-,0.000005451,-,Decreased XIa activation,Arg > His,572,-,191,145,Linker,Exon 6,p.Arg191His,20414,Arg,His,arginine,histidine,-,-,-,-,-,-,,,,,
3852,15281,c.572G>A,112,Point,Missense,-,0.000005451,-,Decreased XIa activation,Arg > His,572,-,191,145,Linker,Exon 6,p.Arg191His,20414,Arg,His,arginine,histidine,-,Mild,-,-,5%,-,,,,,
3852,15563,c.572G>A,112,Point,Missense,No,0.000005451,-,Decreased XIa activation,Arg > His,572,-,191,145,Linker,Exon 6,p.Arg191His,20414,Arg,His,arginine,histidine,-,Moderate,-,-,5%,-,,,,,
3852,15564,c.572G>A,112,Point,Missense,-,0.000005451,-,Decreased XIa activation,Arg > His,572,-,191,145,Linker,Exon 6,p.Arg191His,20414,Arg,His,arginine,histidine,-,Moderate,-,-,3%,-,,,,,
3852,15565,c.572G>A,112,Point,Missense,-,0.000005451,-,Decreased XIa activation,Arg > His,572,-,191,145,Linker,Exon 6,p.Arg191His,20414,Arg,His,arginine,histidine,-,Moderate,-,-,2%,-,,,,,
3852,15566,c.572G>A,112,Point,Missense,No,0.000005451,-,Decreased XIa activation,Arg > His,572,-,191,145,Linker,Exon 6,p.Arg191His,20414,Arg,His,arginine,histidine,-,Moderate,-,-,2%,-,,,,,
3852,15567,c.572G>A,112,Point,Missense,No,0.000005451,-,Decreased XIa activation,Arg > His,572,-,191,145,Linker,Exon 6,p.Arg191His,20414,Arg,His,arginine,histidine,-,Moderate,-,-,3%,-,,,,,
3852,15568,c.572G>A,112,Point,Missense,No,0.000005451,-,Decreased XIa activation,Arg > His,572,-,191,145,Linker,Exon 6,p.Arg191His,20414,Arg,His,arginine,histidine,-,Moderate,-,-,3%,-,,,,,
3852,15569,c.572G>A,112,Point,Missense,-,0.000005451,-,Decreased XIa activation,Arg > His,572,-,191,145,Linker,Exon 6,p.Arg191His,20414,Arg,His,arginine,histidine,-,Mild,-,-,8%,-,,,,,
3852,15570,c.572G>A,112,Point,Missense,No,0.000005451,-,Decreased XIa activation,Arg > His,572,-,191,145,Linker,Exon 6,p.Arg191His,20414,Arg,His,arginine,histidine,-,Severe,-,-,<1,-,,,,,
3852,15571,c.572G>A,112,Point,Missense,No,0.000005451,-,Decreased XIa activation,Arg > His,572,-,191,145,Linker,Exon 6,p.Arg191His,20414,Arg,His,arginine,histidine,-,Moderate,-,-,3%,-,,,,,
3852,15572,c.572G>A,112,Point,Missense,No,0.000005451,-,Decreased XIa activation,Arg > His,572,-,191,145,Linker,Exon 6,p.Arg191His,20414,Arg,His,arginine,histidine,-,Moderate,-,-,3%,-,,,,,
3852,15573,c.572G>A,112,Point,Missense,No,0.000005451,-,Decreased XIa activation,Arg > His,572,-,191,145,Linker,Exon 6,p.Arg191His,20414,Arg,His,arginine,histidine,-,Moderate,-,-,3%,-,,,,,
3852,15574,c.572G>A,112,Point,Missense,No,0.000005451,-,Decreased XIa activation,Arg > His,572,-,191,145,Linker,Exon 6,p.Arg191His,20414,Arg,His,arginine,histidine,-,Moderate,-,-,4%,-,,,,,
3852,15575,c.572G>A,112,Point,Missense,No,0.000005451,-,Decreased XIa activation,Arg > His,572,-,191,145,Linker,Exon 6,p.Arg191His,20414,Arg,His,arginine,histidine,-,Moderate,-,-,5%,-,,,,,
3852,15576,c.572G>A,112,Point,Missense,No,0.000005451,-,Decreased XIa activation,Arg > His,572,-,191,145,Linker,Exon 6,p.Arg191His,20414,Arg,His,arginine,histidine,-,Moderate,-,-,4%,-,,,,,
3852,15577,c.572G>A,112,Point,Missense,No,0.000005451,-,Decreased XIa activation,Arg > His,572,-,191,145,Linker,Exon 6,p.Arg191His,20414,Arg,His,arginine,histidine,-,Mild,-,-,17.70%,-,,,,,
3852,15578,c.572G>A,112,Point,Missense,No,0.000005451,-,Decreased XIa activation,Arg > His,572,-,191,145,Linker,Exon 6,p.Arg191His,20414,Arg,His,arginine,histidine,-,Moderate,-,-,4%,-,,,,,
3852,15579,c.572G>A,112,Point,Missense,No,0.000005451,-,Decreased XIa activation,Arg > His,572,-,191,145,Linker,Exon 6,p.Arg191His,20414,Arg,His,arginine,histidine,-,Mild,-,-,7%,-,,,,,
3852,15580,c.572G>A,112,Point,Missense,No,0.000005451,-,Decreased XIa activation,Arg > His,572,-,191,145,Linker,Exon 6,p.Arg191His,20414,Arg,His,arginine,histidine,-,Moderate,-,-,3%,-,,,,,
3852,15581,c.572G>A,112,Point,Missense,No,0.000005451,-,Decreased XIa activation,Arg > His,572,-,191,145,Linker,Exon 6,p.Arg191His,20414,Arg,His,arginine,histidine,-,Mild,-,-,10%,-,,,,,
3852,15582,c.572G>A,112,Point,Missense,No,0.000005451,-,Decreased XIa activation,Arg > His,572,-,191,145,Linker,Exon 6,p.Arg191His,20414,Arg,His,arginine,histidine,-,Moderate,-,-,4%,-,,,,,
3853,12787,c.572G>C,7,Point,Missense,No,-,-,-,Arg > Pro,572,-,191,145,Linker,Exon 6,p.Arg191Pro,20414,Arg,Pro,arginine,proline,-,Moderate,-,-,5%,73%,,,,,
3853,12788,c.572G>C,7,Point,Missense,-,-,-,-,Arg > Pro,572,-,191,145,Linker,Exon 6,p.Arg191Pro,20414,Arg,Pro,arginine,proline,-,-,-,-,-,-,,,,,
3853,12789,c.572G>C,7,Point,Missense,-,-,-,-,Arg > Pro,572,-,191,145,Linker,Exon 6,p.Arg191Pro,20414,Arg,Pro,arginine,proline,-,Moderate,-,-,3.70%,-,,,,,
3853,12790,c.572G>C,7,Point,Missense,-,-,-,-,Arg > Pro,572,-,191,145,Linker,Exon 6,p.Arg191Pro,20414,Arg,Pro,arginine,proline,-,Moderate,-,-,4%,-,,,,,
3853,12791,c.572G>C,7,Point,Missense,-,-,-,-,Arg > Pro,572,-,191,145,Linker,Exon 6,p.Arg191Pro,20414,Arg,Pro,arginine,proline,-,Moderate,-,-,3%,-,,,,,
3853,12792,c.572G>C,7,Point,Missense,-,-,-,-,Arg > Pro,572,-,191,145,Linker,Exon 6,p.Arg191Pro,20414,Arg,Pro,arginine,proline,-,Mild,-,-,9%,-,,,,,
3853,12796,c.572G>C,7,Point,Missense,-,-,-,-,Arg > Pro,572,-,191,145,Linker,Exon 6,p.Arg191Pro,20414,Arg,Pro,arginine,proline,-,Mild,-,-,36%,-,,,,,
3854,12793,c.572G>T,4,Point,Missense,-,-,-,"Also 9,786, A>C in intron",Arg > Leu,572,-,191,145,Linker,Exon 6,p.Arg191Leu,20414,Arg,Leu,arginine,leucine,-,Moderate,-,-,2%,40%,,,,,
3854,12794,c.572G>T,4,Point,Missense,-,-,-,"Also 9,786, A>C in intron",Arg > Leu,572,-,191,145,Linker,Exon 6,p.Arg191Leu,20414,Arg,Leu,arginine,leucine,-,Moderate,-,-,3%,-,,,,,
3854,12797,c.572G>T,4,Point,Missense,-,-,-,"Also 9,786, A>C in intron",Arg > Leu,572,-,191,145,Linker,Exon 6,p.Arg191Leu,20414,Arg,Leu,arginine,leucine,-,Mild,-,-,7%,60%,,,,,
3854,12798,c.572G>T,4,Point,Missense,-,-,-,"Also 9,786, A>C in intron",Arg > Leu,572,-,191,145,Linker,Exon 6,p.Arg191Leu,20414,Arg,Leu,arginine,leucine,-,Moderate,-,-,3.50%,-,,,,,
3855,12799,c.574G>C,2,Point,Missense,-,-,-,-,Ala > Pro,574,-,192,146,Activation Peptide,Exon 6,p.Ala192Pro,20416,Ala,Pro,alanine,proline,-,Mild,-,-,6%,-,,,,,
3855,12800,c.574G>C,2,Point,Missense,-,-,-,-,Ala > Pro,574,-,192,146,Activation Peptide,Exon 6,p.Ala192Pro,20416,Ala,Pro,alanine,proline,-,Mild,-,-,6%,-,,,,,
3856,12801,c.575delC,1,Deletion,Frameshift,-,-,-,Frameshift,Ala192fs,575,-,192,146,Activation Peptide,Exon 6,p.(Ala192Valfs*11),20417,Ala192fs,-,alanine,-,-,-,-,-,-,-,,,,,
3857,12802,c.603T>G,1,Point,Nonsense,-,-,-,De novo MGF,Tyr > *,603,-,201,155,Activation Peptide,Exon 6,p.(Tyr201*),20445,Tyr,*,tyrosine,-,-,Severe,-,-,<1,<1,,,,,
3858,12803,c.604delG,1,Deletion,Frameshift,-,-,-,Frameshift,Tyr201fs,604,-,201,155,Activation Peptide,Exon 6,p.(Val202*),20446,Tyr201fs,-,tyrosine,-,-,Severe,-,-,<1,-,,,,,
3859,12804,c.622G>T,3,Point,Nonsense,-,-,-,-,Glu > *,622,-,208,162,Activation Peptide,Exon 6,p.(Glu208*),20464,Glu,*,glutamic acid,-,-,Severe,-,-,<1,<2,,,,,
3859,12805,c.622G>T,3,Point,Nonsense,-,-,-,-,Glu > *,622,-,208,162,Activation Peptide,Exon 6,p.(Glu208*),20464,Glu,*,glutamic acid,-,-,Severe,-,-,<1,-,,,,,
3859,12806,c.622G>T,3,Point,Nonsense,-,-,-,-,Glu > *,622,-,208,162,Activation Peptide,Exon 6,p.(Glu208*),20464,Glu,*,glutamic acid,-,-,Severe,-,-,<1,-,,,,,
3860,12807,c.651delC,1,Deletion,Frameshift,-,-,-,Frameshift,Ser217fs,651,-,217,171,Activation Peptide,Exon 6,p.(Ser217Argfs*28),20493,Ser217fs,-,serine,-,-,-,-,-,-,-,,,,,
3861,12808,c.655C>T,3,Point,Nonsense,-,-,-,-,Gln > *,655,-,219,173,Activation Peptide,Exon 6,p.(Gln219*),20497,Gln,*,glutamine,-,-,Severe,-,-,<1,-,,,,,
3861,15041,c.655C>T,3,Point,Nonsense,No,-,-,-,Gln > *,655,-,219,173,Activation Peptide,Exon 6,p.(Gln219*),20497,Gln,*,glutamine,-,-,Severe,-,-,<1,-,,,,,
3861,16104,c.655C>T,3,Point,Nonsense,No,-,-,-,Gln > *,655,-,219,173,Activation Peptide,Exon 6,p.(Gln219*),20497,Gln,*,glutamine,-,-,Severe,-,-,<1,-,,,,,
3862,12809,c.659delC,1,Deletion,Frameshift,-,-,-,"Frameshift, de novo in mother (26)",Ser220fs,659,-,220,174,Activation Peptide,Exon 6,p.(Ser220Tyrfs*25),20501,Ser220fs,-,serine,-,-,Moderate,-,-,2%,<1,,,,,
3863,12810,c.668delA,1,Deletion,Frameshift,-,-,-,Frameshift,Asp223fs,668,-,223,177,Activation Peptide,Exon 6,p.(Asp223Alafs*22),20510,Asp223fs,-,aspartic acid,-,-,Severe,-,-,<1,0.50%,,,,,
3864,12811,c.676C>G,6,Point,Missense,-,-,-,Bm,Arg > Gly,676,-,226,180,Activation Peptide,Exon 6,p.Arg226Gly,20518,Arg,Gly,arginine,glycine,-,Severe,-,-,<1,90%,,,,,
3864,12812,c.676C>G,6,Point,Missense,-,-,-,Bm,Arg > Gly,676,-,226,180,Activation Peptide,Exon 6,p.Arg226Gly,20518,Arg,Gly,arginine,glycine,-,Severe,-,-,<1,64%,,,,,
3864,12813,c.676C>G,6,Point,Missense,-,-,-,Bm,Arg > Gly,676,-,226,180,Activation Peptide,Exon 6,p.Arg226Gly,20518,Arg,Gly,arginine,glycine,-,Mild,-,-,12.20%,-,,,,,
3864,12814,c.676C>G,6,Point,Missense,-,-,-,Bm,Arg > Gly,676,-,226,180,Activation Peptide,Exon 6,p.Arg226Gly,20518,Arg,Gly,arginine,glycine,-,-,-,-,-,-,,,,,
3864,12815,c.676C>G,6,Point,Missense,-,-,-,Bm,Arg > Gly,676,-,226,180,Activation Peptide,Exon 6,p.Arg226Gly,20518,Arg,Gly,arginine,glycine,-,Severe,-,-,<1,85%,Also has p.Phe224Leu polymorphism,,,,
3864,15103,c.676C>G,6,Point,Missense,No,-,-,Bm,Arg > Gly,676,-,226,180,Activation Peptide,Exon 6,p.Arg226Gly,20518,Arg,Gly,arginine,glycine,-,Severe,-,-,-,-,,,,,
3865,12816,c.676C>T,43,Point,Missense,-,-,-,-,Arg > Trp,676,-,226,180,Activation Peptide,Exon 6,p.Arg226Trp,20518,Arg,Trp,arginine,tryptophan,-,Severe,-,-,<1,-,,,,,
3865,12817,c.676C>T,43,Point,Missense,-,-,-,-,Arg > Trp,676,-,226,180,Activation Peptide,Exon 6,p.Arg226Trp,20518,Arg,Trp,arginine,tryptophan,-,Severe,-,-,<1,130%,,,,,
3865,12818,c.676C>T,43,Point,Missense,-,-,-,-,Arg > Trp,676,-,226,180,Activation Peptide,Exon 6,p.Arg226Trp,20518,Arg,Trp,arginine,tryptophan,-,Severe,-,-,<1,69%,,,,,
3865,12819,c.676C>T,43,Point,Missense,-,-,-,-,Arg > Trp,676,-,226,180,Activation Peptide,Exon 6,p.Arg226Trp,20518,Arg,Trp,arginine,tryptophan,-,Severe,-,-,<1,-,,,,,
3865,12820,c.676C>T,43,Point,Missense,-,-,-,-,Arg > Trp,676,-,226,180,Activation Peptide,Exon 6,p.Arg226Trp,20518,Arg,Trp,arginine,tryptophan,-,Severe,-,-,<1,74%,,,,,
3865,12821,c.676C>T,43,Point,Missense,-,-,-,-,Arg > Trp,676,-,226,180,Activation Peptide,Exon 6,p.Arg226Trp,20518,Arg,Trp,arginine,tryptophan,-,Severe,-,-,<1,95%,,,,,
3865,12822,c.676C>T,43,Point,Missense,-,-,-,-,Arg > Trp,676,-,226,180,Activation Peptide,Exon 6,p.Arg226Trp,20518,Arg,Trp,arginine,tryptophan,-,Severe,-,-,<1,120%,,,,,
3865,12823,c.676C>T,43,Point,Missense,-,-,-,-,Arg > Trp,676,-,226,180,Activation Peptide,Exon 6,p.Arg226Trp,20518,Arg,Trp,arginine,tryptophan,-,Severe,-,-,<1,-,,,,,
3865,12824,c.676C>T,43,Point,Missense,-,-,-,-,Arg > Trp,676,-,226,180,Activation Peptide,Exon 6,p.Arg226Trp,20518,Arg,Trp,arginine,tryptophan,-,Severe,-,-,<1,50%,,,,,
3865,12825,c.676C>T,43,Point,Missense,-,-,-,-,Arg > Trp,676,-,226,180,Activation Peptide,Exon 6,p.Arg226Trp,20518,Arg,Trp,arginine,tryptophan,-,Severe,-,-,<1,110%,,,,,
3865,12826,c.676C>T,43,Point,Missense,-,-,-,-,Arg > Trp,676,-,226,180,Activation Peptide,Exon 6,p.Arg226Trp,20518,Arg,Trp,arginine,tryptophan,-,Severe,-,-,<1,45%,,,,,
3865,12827,c.676C>T,43,Point,Missense,-,-,-,-,Arg > Trp,676,-,226,180,Activation Peptide,Exon 6,p.Arg226Trp,20518,Arg,Trp,arginine,tryptophan,-,Moderate,-,-,1.30%,-,,,,,
3865,12828,c.676C>T,43,Point,Missense,-,-,-,-,Arg > Trp,676,-,226,180,Activation Peptide,Exon 6,p.Arg226Trp,20518,Arg,Trp,arginine,tryptophan,-,Moderate,-,-,2%,-,,,,,
3865,12829,c.676C>T,43,Point,Missense,-,-,-,-,Arg > Trp,676,-,226,180,Activation Peptide,Exon 6,p.Arg226Trp,20518,Arg,Trp,arginine,tryptophan,-,Severe,-,-,<1,-,,,,,
3865,12830,c.676C>T,43,Point,Missense,-,-,-,-,Arg > Trp,676,-,226,180,Activation Peptide,Exon 6,p.Arg226Trp,20518,Arg,Trp,arginine,tryptophan,-,-,-,-,-,-,,,,,
3865,12831,c.676C>T,43,Point,Missense,-,-,-,-,Arg > Trp,676,-,226,180,Activation Peptide,Exon 6,p.Arg226Trp,20518,Arg,Trp,arginine,tryptophan,-,Severe,-,-,0.30%,-,,,,,
3865,12832,c.676C>T,43,Point,Missense,-,-,-,-,Arg > Trp,676,-,226,180,Activation Peptide,Exon 6,p.Arg226Trp,20518,Arg,Trp,arginine,tryptophan,-,Severe,-,-,<1,-,,,,,
3865,12833,c.676C>T,43,Point,Missense,-,-,-,-,Arg > Trp,676,-,226,180,Activation Peptide,Exon 6,p.Arg226Trp,20518,Arg,Trp,arginine,tryptophan,-,Severe,-,-,-,-,,,,,
3865,12834,c.676C>T,43,Point,Missense,-,-,-,-,Arg > Trp,676,-,226,180,Activation Peptide,Exon 6,p.Arg226Trp,20518,Arg,Trp,arginine,tryptophan,-,Moderate,-,-,5%,-,,,,,
3865,12835,c.676C>T,43,Point,Missense,-,-,-,-,Arg > Trp,676,-,226,180,Activation Peptide,Exon 6,p.Arg226Trp,20518,Arg,Trp,arginine,tryptophan,-,Severe,-,-,<1,-,,,,,
3865,12836,c.676C>T,43,Point,Missense,-,-,-,-,Arg > Trp,676,-,226,180,Activation Peptide,Exon 6,p.Arg226Trp,20518,Arg,Trp,arginine,tryptophan,-,Severe,-,-,<1,-,,,,,
3865,12837,c.676C>T,43,Point,Missense,-,-,-,-,Arg > Trp,676,-,226,180,Activation Peptide,Exon 6,p.Arg226Trp,20518,Arg,Trp,arginine,tryptophan,-,Severe,-,-,<1,77%,,,,,
3865,12838,c.676C>T,43,Point,Missense,-,-,-,-,Arg > Trp,676,-,226,180,Activation Peptide,Exon 6,p.Arg226Trp,20518,Arg,Trp,arginine,tryptophan,-,Severe,-,-,<1,-,,,,,
3865,12839,c.676C>T,43,Point,Missense,-,-,-,-,Arg > Trp,676,-,226,180,Activation Peptide,Exon 6,p.Arg226Trp,20518,Arg,Trp,arginine,tryptophan,-,-,-,-,-,-,,,,,
3865,12840,c.676C>T,43,Point,Missense,-,-,-,-,Arg > Trp,676,-,226,180,Activation Peptide,Exon 6,p.Arg226Trp,20518,Arg,Trp,arginine,tryptophan,-,Moderate,-,-,1%,-,,,,,
3865,12841,c.676C>T,43,Point,Missense,-,-,-,-,Arg > Trp,676,-,226,180,Activation Peptide,Exon 6,p.Arg226Trp,20518,Arg,Trp,arginine,tryptophan,-,Severe,-,-,<1,59%,,,,,
3865,12842,c.676C>T,43,Point,Missense,-,-,-,-,Arg > Trp,676,-,226,180,Activation Peptide,Exon 6,p.Arg226Trp,20518,Arg,Trp,arginine,tryptophan,-,Severe,-,-,<1,-,,,,,
3865,12843,c.676C>T,43,Point,Missense,-,-,-,-,Arg > Trp,676,-,226,180,Activation Peptide,Exon 6,p.Arg226Trp,20518,Arg,Trp,arginine,tryptophan,-,Severe,-,-,<1,-,,,,,
3865,12844,c.676C>T,43,Point,Missense,-,-,-,-,Arg > Trp,676,-,226,180,Activation Peptide,Exon 6,p.Arg226Trp,20518,Arg,Trp,arginine,tryptophan,-,-,-,-,-,-,,,,,
3865,12845,c.676C>T,43,Point,Missense,-,-,-,-,Arg > Trp,676,-,226,180,Activation Peptide,Exon 6,p.Arg226Trp,20518,Arg,Trp,arginine,tryptophan,-,Severe,-,-,-,-,,,,,
3865,12846,c.676C>T,43,Point,Missense,-,-,-,-,Arg > Trp,676,-,226,180,Activation Peptide,Exon 6,p.Arg226Trp,20518,Arg,Trp,arginine,tryptophan,-,Severe,-,-,<1,-,,,,,
3865,12847,c.676C>T,43,Point,Missense,-,-,-,-,Arg > Trp,676,-,226,180,Activation Peptide,Exon 6,p.Arg226Trp,20518,Arg,Trp,arginine,tryptophan,-,Severe,-,-,<1,-,,,,,
3865,12848,c.676C>T,43,Point,Missense,-,-,-,-,Arg > Trp,676,-,226,180,Activation Peptide,Exon 6,p.Arg226Trp,20518,Arg,Trp,arginine,tryptophan,-,-,-,-,-,-,,,,,
3865,12849,c.676C>T,43,Point,Missense,-,-,-,-,Arg > Trp,676,-,226,180,Activation Peptide,Exon 6,p.Arg226Trp,20518,Arg,Trp,arginine,tryptophan,-,Severe,-,-,<1,-,,,,,
3865,12850,c.676C>T,43,Point,Missense,-,-,-,-,Arg > Trp,676,-,226,180,Activation Peptide,Exon 6,p.Arg226Trp,20518,Arg,Trp,arginine,tryptophan,-,Severe,-,-,0%,-,,,,,
3865,12851,c.676C>T,43,Point,Missense,-,-,-,-,Arg > Trp,676,-,226,180,Activation Peptide,Exon 6,p.Arg226Trp,20518,Arg,Trp,arginine,tryptophan,-,Severe,-,-,<1,-,,,,,
3865,12852,c.676C>T,43,Point,Missense,-,-,-,-,Arg > Trp,676,-,226,180,Activation Peptide,Exon 6,p.Arg226Trp,20518,Arg,Trp,arginine,tryptophan,-,Severe,-,-,<1,100%,,,,,
3865,14980,c.676C>T,43,Point,Missense,No,-,-,-,Arg > Trp,676,-,226,180,Activation Peptide,Exon 6,p.Arg226Trp,20518,Arg,Trp,arginine,tryptophan,-,Severe,-,-,<1,-,,,,,
3865,15102,c.676C>T,43,Point,Missense,No,-,-,-,Arg > Trp,676,-,226,180,Activation Peptide,Exon 6,p.Arg226Trp,20518,Arg,Trp,arginine,tryptophan,-,Moderate,-,-,-,-,,,,,
3865,15251,c.676C>T,43,Point,Missense,-,-,-,-,Arg > Trp,676,-,226,180,Activation Peptide,Exon 6,p.Arg226Trp,20518,Arg,Trp,arginine,tryptophan,-,-,-,-,-,-,,,,,
3865,15583,c.676C>T,43,Point,Missense,No,-,-,-,Arg > Trp,676,-,226,180,Activation Peptide,Exon 6,p.Arg226Trp,20518,Arg,Trp,arginine,tryptophan,-,Severe,-,-,<1,-,,,,,
3865,15584,c.676C>T,43,Point,Missense,No,-,-,-,Arg > Trp,676,-,226,180,Activation Peptide,Exon 6,p.Arg226Trp,20518,Arg,Trp,arginine,tryptophan,-,Severe,-,-,<1,-,,,,,
3865,15585,c.676C>T,43,Point,Missense,No,-,-,-,Arg > Trp,676,-,226,180,Activation Peptide,Exon 6,p.Arg226Trp,20518,Arg,Trp,arginine,tryptophan,-,Severe,-,-,<1,-,,,,,
3866,12853,c.677G>A,60,Point,Missense,-,-,-,Bm[ Bovine PT moderately prolonged],Arg > Gln,677,-,226,180,Activation Peptide,Exon 6,p.Arg226Gln,20519,Arg,Gln,arginine,glutamine,-,Severe,-,-,<1,120%,,,,,
3866,12854,c.677G>A,60,Point,Missense,-,-,-,Bm[ Bovine PT moderately prolonged],Arg > Gln,677,-,226,180,Activation Peptide,Exon 6,p.Arg226Gln,20519,Arg,Gln,arginine,glutamine,-,Severe,-,-,<1,112%,,,,,
3866,12855,c.677G>A,60,Point,Missense,-,-,-,Bm[ Bovine PT moderately prolonged],Arg > Gln,677,-,226,180,Activation Peptide,Exon 6,p.Arg226Gln,20519,Arg,Gln,arginine,glutamine,-,Severe,-,-,<1,-,,,,,
3866,12856,c.677G>A,60,Point,Missense,-,-,-,Bm[ Bovine PT moderately prolonged],Arg > Gln,677,-,226,180,Activation Peptide,Exon 6,p.Arg226Gln,20519,Arg,Gln,arginine,glutamine,-,Severe,-,-,<1,-,,,,,
3866,12857,c.677G>A,60,Point,Missense,-,-,-,Bm[ Bovine PT moderately prolonged],Arg > Gln,677,-,226,180,Activation Peptide,Exon 6,p.Arg226Gln,20519,Arg,Gln,arginine,glutamine,-,Moderate,-,-,3%,100%,,,,,
3866,12858,c.677G>A,60,Point,Missense,-,-,-,Bm[ Bovine PT moderately prolonged],Arg > Gln,677,-,226,180,Activation Peptide,Exon 6,p.Arg226Gln,20519,Arg,Gln,arginine,glutamine,-,Severe,-,-,<1,100%,,,,,
3866,12859,c.677G>A,60,Point,Missense,-,-,-,Bm[ Bovine PT moderately prolonged],Arg > Gln,677,-,226,180,Activation Peptide,Exon 6,p.Arg226Gln,20519,Arg,Gln,arginine,glutamine,-,Moderate,-,-,2%,120%,,,,,
3866,12860,c.677G>A,60,Point,Missense,-,-,-,Bm[ Bovine PT moderately prolonged],Arg > Gln,677,-,226,180,Activation Peptide,Exon 6,p.Arg226Gln,20519,Arg,Gln,arginine,glutamine,-,Severe,-,-,<1,5%,,,,,
3866,12861,c.677G>A,60,Point,Missense,-,-,-,Bm[ Bovine PT moderately prolonged],Arg > Gln,677,-,226,180,Activation Peptide,Exon 6,p.Arg226Gln,20519,Arg,Gln,arginine,glutamine,-,Severe,-,-,<1,-,,,,,
3866,12862,c.677G>A,60,Point,Missense,-,-,-,Bm[ Bovine PT moderately prolonged],Arg > Gln,677,-,226,180,Activation Peptide,Exon 6,p.Arg226Gln,20519,Arg,Gln,arginine,glutamine,-,Severe,-,-,<1,-,,,,,
3866,12863,c.677G>A,60,Point,Missense,-,-,-,Bm[ Bovine PT moderately prolonged],Arg > Gln,677,-,226,180,Activation Peptide,Exon 6,p.Arg226Gln,20519,Arg,Gln,arginine,glutamine,-,Severe,-,-,<1,-,,,,,
3866,12864,c.677G>A,60,Point,Missense,-,-,-,Bm[ Bovine PT moderately prolonged],Arg > Gln,677,-,226,180,Activation Peptide,Exon 6,p.Arg226Gln,20519,Arg,Gln,arginine,glutamine,-,Severe,-,-,<1,-,,,,,
3866,12865,c.677G>A,60,Point,Missense,-,-,-,Bm[ Bovine PT moderately prolonged],Arg > Gln,677,-,226,180,Activation Peptide,Exon 6,p.Arg226Gln,20519,Arg,Gln,arginine,glutamine,-,-,-,-,-,-,,,,,
3866,12866,c.677G>A,60,Point,Missense,-,-,-,Bm[ Bovine PT moderately prolonged],Arg > Gln,677,-,226,180,Activation Peptide,Exon 6,p.Arg226Gln,20519,Arg,Gln,arginine,glutamine,-,Severe,-,-,<1,-,,,,,
3866,12867,c.677G>A,60,Point,Missense,-,-,-,Bm[ Bovine PT moderately prolonged],Arg > Gln,677,-,226,180,Activation Peptide,Exon 6,p.Arg226Gln,20519,Arg,Gln,arginine,glutamine,-,Severe,-,-,<1,-,,,,,
3866,12868,c.677G>A,60,Point,Missense,-,-,-,Bm[ Bovine PT moderately prolonged],Arg > Gln,677,-,226,180,Activation Peptide,Exon 6,p.Arg226Gln,20519,Arg,Gln,arginine,glutamine,-,-,-,-,-,-,,,,,
3866,12869,c.677G>A,60,Point,Missense,-,-,-,Bm[ Bovine PT moderately prolonged],Arg > Gln,677,-,226,180,Activation Peptide,Exon 6,p.Arg226Gln,20519,Arg,Gln,arginine,glutamine,-,-,-,-,-,-,,,,,
3866,12870,c.677G>A,60,Point,Missense,-,-,-,Bm[ Bovine PT moderately prolonged],Arg > Gln,677,-,226,180,Activation Peptide,Exon 6,p.Arg226Gln,20519,Arg,Gln,arginine,glutamine,-,Severe,-,-,<1,-,,,,,
3866,12871,c.677G>A,60,Point,Missense,-,-,-,Bm[ Bovine PT moderately prolonged],Arg > Gln,677,-,226,180,Activation Peptide,Exon 6,p.Arg226Gln,20519,Arg,Gln,arginine,glutamine,-,Severe,-,-,<1,-,,,,,
3866,12872,c.677G>A,60,Point,Missense,-,-,-,Bm[ Bovine PT moderately prolonged],Arg > Gln,677,-,226,180,Activation Peptide,Exon 6,p.Arg226Gln,20519,Arg,Gln,arginine,glutamine,-,-,-,-,-,-,,,,,
3866,12873,c.677G>A,60,Point,Missense,-,-,-,Bm[ Bovine PT moderately prolonged],Arg > Gln,677,-,226,180,Activation Peptide,Exon 6,p.Arg226Gln,20519,Arg,Gln,arginine,glutamine,-,Severe,-,-,<1,-,,,,,
3866,12874,c.677G>A,60,Point,Missense,-,-,-,Bm[ Bovine PT moderately prolonged],Arg > Gln,677,-,226,180,Activation Peptide,Exon 6,p.Arg226Gln,20519,Arg,Gln,arginine,glutamine,-,Severe,-,-,<1,-,,,,,
3866,12875,c.677G>A,60,Point,Missense,-,-,-,Bm[ Bovine PT moderately prolonged],Arg > Gln,677,-,226,180,Activation Peptide,Exon 6,p.Arg226Gln,20519,Arg,Gln,arginine,glutamine,-,-,-,-,-,-,,,,,
3866,12876,c.677G>A,60,Point,Missense,-,-,-,Bm[ Bovine PT moderately prolonged],Arg > Gln,677,-,226,180,Activation Peptide,Exon 6,p.Arg226Gln,20519,Arg,Gln,arginine,glutamine,-,Severe,-,-,<1,129%,,,,,
3866,12877,c.677G>A,60,Point,Missense,-,-,-,Bm[ Bovine PT moderately prolonged],Arg > Gln,677,-,226,180,Activation Peptide,Exon 6,p.Arg226Gln,20519,Arg,Gln,arginine,glutamine,-,Severe,-,-,<1,-,,,,,
3866,12878,c.677G>A,60,Point,Missense,-,-,-,Bm[ Bovine PT moderately prolonged],Arg > Gln,677,-,226,180,Activation Peptide,Exon 6,p.Arg226Gln,20519,Arg,Gln,arginine,glutamine,-,Severe,-,-,<1,-,,,,,
3866,12879,c.677G>A,60,Point,Missense,-,-,-,Bm[ Bovine PT moderately prolonged],Arg > Gln,677,-,226,180,Activation Peptide,Exon 6,p.Arg226Gln,20519,Arg,Gln,arginine,glutamine,-,Severe,-,-,<1,100%,,,,,
3866,12880,c.677G>A,60,Point,Missense,-,-,-,Bm[ Bovine PT moderately prolonged],Arg > Gln,677,-,226,180,Activation Peptide,Exon 6,p.Arg226Gln,20519,Arg,Gln,arginine,glutamine,-,-,-,-,-,-,,,,,
3866,12881,c.677G>A,60,Point,Missense,-,-,-,Bm[ Bovine PT moderately prolonged],Arg > Gln,677,-,226,180,Activation Peptide,Exon 6,p.Arg226Gln,20519,Arg,Gln,arginine,glutamine,-,Moderate,-,-,5%,-,,,,,
3866,12882,c.677G>A,60,Point,Missense,-,-,-,Bm[ Bovine PT moderately prolonged],Arg > Gln,677,-,226,180,Activation Peptide,Exon 6,p.Arg226Gln,20519,Arg,Gln,arginine,glutamine,-,Severe,-,-,<1,-,,,,,
3866,12883,c.677G>A,60,Point,Missense,-,-,-,Bm[ Bovine PT moderately prolonged],Arg > Gln,677,-,226,180,Activation Peptide,Exon 6,p.Arg226Gln,20519,Arg,Gln,arginine,glutamine,-,Severe,-,-,-,-,,,,,
3866,12884,c.677G>A,60,Point,Missense,-,-,-,Bm[ Bovine PT moderately prolonged],Arg > Gln,677,-,226,180,Activation Peptide,Exon 6,p.Arg226Gln,20519,Arg,Gln,arginine,glutamine,-,Severe,-,-,-,-,,,,,
3866,12885,c.677G>A,60,Point,Missense,-,-,-,Bm[ Bovine PT moderately prolonged],Arg > Gln,677,-,226,180,Activation Peptide,Exon 6,p.Arg226Gln,20519,Arg,Gln,arginine,glutamine,-,-,-,-,-,-,,,,,
3866,12886,c.677G>A,60,Point,Missense,-,-,-,Bm[ Bovine PT moderately prolonged],Arg > Gln,677,-,226,180,Activation Peptide,Exon 6,p.Arg226Gln,20519,Arg,Gln,arginine,glutamine,-,-,-,-,-,-,,,,,
3866,12887,c.677G>A,60,Point,Missense,-,-,-,Bm[ Bovine PT moderately prolonged],Arg > Gln,677,-,226,180,Activation Peptide,Exon 6,p.Arg226Gln,20519,Arg,Gln,arginine,glutamine,-,Severe,-,-,<1,-,,,,,
3866,12888,c.677G>A,60,Point,Missense,-,-,-,Bm[ Bovine PT moderately prolonged],Arg > Gln,677,-,226,180,Activation Peptide,Exon 6,p.Arg226Gln,20519,Arg,Gln,arginine,glutamine,-,Severe,-,-,<1,-,,,,,
3866,12889,c.677G>A,60,Point,Missense,-,-,-,Bm[ Bovine PT moderately prolonged],Arg > Gln,677,-,226,180,Activation Peptide,Exon 6,p.Arg226Gln,20519,Arg,Gln,arginine,glutamine,-,Moderate,-,-,1%,-,,,,,
3866,12890,c.677G>A,60,Point,Missense,-,-,-,Bm[ Bovine PT moderately prolonged],Arg > Gln,677,-,226,180,Activation Peptide,Exon 6,p.Arg226Gln,20519,Arg,Gln,arginine,glutamine,-,Severe,-,-,<1,-,,,,,
3866,12891,c.677G>A,60,Point,Missense,-,-,-,Bm[ Bovine PT moderately prolonged],Arg > Gln,677,-,226,180,Activation Peptide,Exon 6,p.Arg226Gln,20519,Arg,Gln,arginine,glutamine,-,-,-,-,-,-,,,,,
3866,12892,c.677G>A,60,Point,Missense,-,-,-,Bm[ Bovine PT moderately prolonged],Arg > Gln,677,-,226,180,Activation Peptide,Exon 6,p.Arg226Gln,20519,Arg,Gln,arginine,glutamine,-,-,-,-,-,-,,,,,
3866,12893,c.677G>A,60,Point,Missense,-,-,-,Bm[ Bovine PT moderately prolonged],Arg > Gln,677,-,226,180,Activation Peptide,Exon 6,p.Arg226Gln,20519,Arg,Gln,arginine,glutamine,-,Severe,-,-,<1,-,,,,,
3866,12894,c.677G>A,60,Point,Missense,-,-,-,Bm[ Bovine PT moderately prolonged],Arg > Gln,677,-,226,180,Activation Peptide,Exon 6,p.Arg226Gln,20519,Arg,Gln,arginine,glutamine,-,Moderate,-,-,2%,-,,,,,
3866,12895,c.677G>A,60,Point,Missense,-,-,-,Bm[ Bovine PT moderately prolonged],Arg > Gln,677,-,226,180,Activation Peptide,Exon 6,p.Arg226Gln,20519,Arg,Gln,arginine,glutamine,-,Severe,-,-,<1,-,,,,,
3866,12896,c.677G>A,60,Point,Missense,-,-,-,Bm[ Bovine PT moderately prolonged],Arg > Gln,677,-,226,180,Activation Peptide,Exon 6,p.Arg226Gln,20519,Arg,Gln,arginine,glutamine,-,Severe,-,-,<1,120%,,,,,
3866,15011,c.677G>A,60,Point,Missense,No,-,-,Bm[ Bovine PT moderately prolonged],Arg > Gln,677,-,226,180,Activation Peptide,Exon 6,p.Arg226Gln,20519,Arg,Gln,arginine,glutamine,-,Severe,-,-,<1,-,,,,,
3866,15104,c.677G>A,60,Point,Missense,No,-,-,Bm[ Bovine PT moderately prolonged],Arg > Gln,677,-,226,180,Activation Peptide,Exon 6,p.Arg226Gln,20519,Arg,Gln,arginine,glutamine,-,Severe,-,-,-,-,,,,,
3866,15105,c.677G>A,60,Point,Missense,No,-,-,Bm[ Bovine PT moderately prolonged],Arg > Gln,677,-,226,180,Activation Peptide,Exon 6,p.Arg226Gln,20519,Arg,Gln,arginine,glutamine,-,Severe,-,-,-,-,,,,,
3866,15106,c.677G>A,60,Point,Missense,No,-,-,Bm[ Bovine PT moderately prolonged],Arg > Gln,677,-,226,180,Activation Peptide,Exon 6,p.Arg226Gln,20519,Arg,Gln,arginine,glutamine,-,Moderate,-,-,-,-,,,,,
3866,15188,c.677G>A,60,Point,Missense,No,-,-,Bm[ Bovine PT moderately prolonged],Arg > Gln,677,-,226,180,Activation Peptide,Exon 6,p.Arg226Gln,20519,Arg,Gln,arginine,glutamine,-,Mild,-,-,-,-,,,,,
3866,15189,c.677G>A,60,Point,Missense,No,-,-,Bm[ Bovine PT moderately prolonged],Arg > Gln,677,-,226,180,Activation Peptide,Exon 6,p.Arg226Gln,20519,Arg,Gln,arginine,glutamine,-,Severe,-,-,-,-,,,,,
3866,15586,c.677G>A,60,Point,Missense,No,-,-,Bm[ Bovine PT moderately prolonged],Arg > Gln,677,-,226,180,Activation Peptide,Exon 6,p.Arg226Gln,20519,Arg,Gln,arginine,glutamine,-,Moderate,-,-,5%,-,,,,,
3866,15587,c.677G>A,60,Point,Missense,No,-,-,Bm[ Bovine PT moderately prolonged],Arg > Gln,677,-,226,180,Activation Peptide,Exon 6,p.Arg226Gln,20519,Arg,Gln,arginine,glutamine,-,Severe,-,-,<1,-,,,,,
3866,15588,c.677G>A,60,Point,Missense,No,-,-,Bm[ Bovine PT moderately prolonged],Arg > Gln,677,-,226,180,Activation Peptide,Exon 6,p.Arg226Gln,20519,Arg,Gln,arginine,glutamine,-,Severe,-,-,<1,-,,,,,
3866,15589,c.677G>A,60,Point,Missense,No,-,-,Bm[ Bovine PT moderately prolonged],Arg > Gln,677,-,226,180,Activation Peptide,Exon 6,p.Arg226Gln,20519,Arg,Gln,arginine,glutamine,-,Severe,-,-,<1,-,,,,,
3866,15590,c.677G>A,60,Point,Missense,No,-,-,Bm[ Bovine PT moderately prolonged],Arg > Gln,677,-,226,180,Activation Peptide,Exon 6,p.Arg226Gln,20519,Arg,Gln,arginine,glutamine,-,Severe,-,-,<1,-,,,,,
3866,15591,c.677G>A,60,Point,Missense,No,-,-,Bm[ Bovine PT moderately prolonged],Arg > Gln,677,-,226,180,Activation Peptide,Exon 6,p.Arg226Gln,20519,Arg,Gln,arginine,glutamine,-,Severe,-,-,<1,-,,,,,
3866,15592,c.677G>A,60,Point,Missense,No,-,-,Bm[ Bovine PT moderately prolonged],Arg > Gln,677,-,226,180,Activation Peptide,Exon 6,p.Arg226Gln,20519,Arg,Gln,arginine,glutamine,-,Severe,-,-,<1,-,,,,,
3866,15593,c.677G>A,60,Point,Missense,-,-,-,Bm[ Bovine PT moderately prolonged],Arg > Gln,677,-,226,180,Activation Peptide,Exon 6,p.Arg226Gln,20519,Arg,Gln,arginine,glutamine,-,Severe,-,-,<1,-,,,,,
3866,15594,c.677G>A,60,Point,Missense,No,-,-,Bm[ Bovine PT moderately prolonged],Arg > Gln,677,-,226,180,Activation Peptide,Exon 6,p.Arg226Gln,20519,Arg,Gln,arginine,glutamine,-,Severe,-,-,<1,-,,,,,
3866,15595,c.677G>A,60,Point,Missense,No,-,-,Bm[ Bovine PT moderately prolonged],Arg > Gln,677,-,226,180,Activation Peptide,Exon 6,p.Arg226Gln,20519,Arg,Gln,arginine,glutamine,-,Severe,-,-,<1,-,,,,,
3867,12897,c.677G>C,3,Point,Missense,-,-,-,-,Arg > Pro,677,-,226,180,Activation Peptide,Exon 6,p.Arg226Pro,20519,Arg,Pro,arginine,proline,-,-,-,-,-,-,,,,,
3867,12898,c.677G>C,3,Point,Missense,-,-,-,-,Arg > Pro,677,-,226,180,Activation Peptide,Exon 6,p.Arg226Pro,20519,Arg,Pro,arginine,proline,-,Severe,-,-,<1,-,,,,,
3867,15327,c.677G>C,3,Point,Missense,-,-,-,-,Arg > Pro,677,-,226,180,Activation Peptide,Exon 6,p.Arg226Pro,20519,Arg,Pro,arginine,proline,-,Severe,-,-,<1,90%,,,,,
3868,12899,c.677G>T,3,Point,Missense,-,-,-,-,Arg > Leu,677,-,226,180,Activation Peptide,Exon 6,p.Arg226Leu,20519,Arg,Leu,arginine,leucine,-,Moderate,-,-,1%,-,,,,,
3868,12900,c.677G>T,3,Point,Missense,-,-,-,-,Arg > Leu,677,-,226,180,Activation Peptide,Exon 6,p.Arg226Leu,20519,Arg,Leu,arginine,leucine,-,Severe,-,-,<1,73%,,,,,
3868,15596,c.677G>T,3,Point,Missense,No,-,-,-,Arg > Leu,677,-,226,180,Activation Peptide,Exon 6,p.Arg226Leu,20519,Arg,Leu,arginine,leucine,-,Severe,-,-,<1,-,,,,,
3869,12903,c.680T>A,1,Point,Missense,-,-,-,-,Val > Asp,680,-,227,181,Serine Protease,Exon 6,p.Val227Asp,20522,Val,Asp,valine,aspartic acid,-,-,-,-,-,-,,,,,
3870,12904,c.680T>C,1,Point,Missense,-,-,-,-,Val > Ala,680,-,227,181,Serine Protease,Exon 6,p.Val227Ala,20522,Val,Ala,valine,alanine,-,Severe,-,-,<1,-,,,,,
3871,12905,c.682G>C,3,Point,Missense,-,-,-,Bm[Bovine PT moderately prolonged],Val > Leu,682,-,228,182,Serine Protease,Exon 6,p.Val228Leu,20524,Val,Leu,valine,leucine,-,Mild,-,-,15%,132%,,,,,
3871,12906,c.682G>C,3,Point,Missense,-,-,-,Bm[Bovine PT moderately prolonged],Val > Leu,682,-,228,182,Serine Protease,Exon 6,p.Val228Leu,20524,Val,Leu,valine,leucine,-,Moderate,-,-,4%,-,,,,,
3871,12907,c.682G>C,3,Point,Missense,-,-,-,Bm[Bovine PT moderately prolonged],Val > Leu,682,-,228,182,Serine Protease,Exon 6,p.Val228Leu,20524,Val,Leu,valine,leucine,-,Moderate,-,-,4 to 7,-,,,,,
3872,12908,c.682G>T,2,Point,Missense,-,-,-,Bm[Bovine PT moderately prolonged],Val > Phe,682,-,228,182,Serine Protease,Exon 6,p.Val228Phe,20524,Val,Phe,valine,phenylalanine,-,Severe,-,-,<1,120%,,,,,
3872,15108,c.682G>T,2,Point,Missense,No,-,-,Bm[Bovine PT moderately prolonged],Val > Phe,682,-,228,182,Serine Protease,Exon 6,p.Val228Phe,20524,Val,Phe,valine,phenylalanine,-,Moderate,-,-,-,-,,,,,
3873,12909,c.683T>C,1,Point,Missense,-,-,-,Bm[Bovine PT moderately prolonged],Val > Ala,683,-,228,182,Serine Protease,Exon 6,p.Val228Ala,20525,Val,Ala,valine,alanine,-,Mild,-,-,23%,100%,,,,,
3874,12910,c.683T>G,1,Point,Missense,-,-,-,-,Val > Gly,683,-,228,182,Serine Protease,Exon 6,p.Val228Gly,20525,Val,Gly,valine,glycine,-,Moderate,-,-,2%,72%,,,,,
3875,12911,c.685G>A,5,Point,Missense,-,-,-,-,Gly > Ser,685,-,229,183,Serine Protease,Exon 6,p.Gly229Ser,20527,Gly,Ser,glycine,serine,-,-,-,-,-,-,,,,,
3875,12912,c.685G>A,5,Point,Missense,-,-,-,-,Gly > Ser,685,-,229,183,Serine Protease,Exon 6,p.Gly229Ser,20527,Gly,Ser,glycine,serine,-,Mild,-,-,13%,-,,,,,
3875,12913,c.685G>A,5,Point,Missense,-,-,-,-,Gly > Ser,685,-,229,183,Serine Protease,Exon 6,p.Gly229Ser,20527,Gly,Ser,glycine,serine,-,Severe,-,-,<1,100%,conference abstract,,,,
3875,12914,c.685G>A,5,Point,Missense,-,-,-,-,Gly > Ser,685,-,229,183,Serine Protease,Exon 6,p.Gly229Ser,20527,Gly,Ser,glycine,serine,-,-,-,-,-,-,,,,,
3875,15597,c.685G>A,5,Point,Missense,No,-,-,-,Gly > Ser,685,-,229,183,Serine Protease,Exon 6,p.Gly229Ser,20527,Gly,Ser,glycine,serine,-,Mild,-,-,8%,-,,,,,
3876,12916,c.689G>C,3,Point,Missense,-,-,-,-,Gly > Ala,689,-,230,184,Serine Protease,Exon 6,p.Gly230Ala,20531,Gly,Ala,-,alanine,-,Severe,-,-,-,-,,,,,
3876,15601,c.689G>C,3,Point,Missense,No,-,-,-,Gly > Ala,689,-,230,184,Serine Protease,Exon 6,p.Gly230Ala,20531,Gly,Ala,-,alanine,-,Moderate,-,-,1%,-,,,,,
3876,15602,c.689G>C,3,Point,Missense,No,-,-,-,Gly > Ala,689,-,230,184,Serine Protease,Exon 6,p.Gly230Ala,20531,Gly,Ala,-,alanine,-,Moderate,-,-,2%,-,,,,,
3877,12917,c.698C>A,5,Point,Missense,-,-,-,-,Ala > Asp,698,-,233,187,Serine Protease,Exon 6,p.Ala233Asp,20540,Ala,Asp,alanine,aspartic acid,-,Severe,-,-,<1,-,,,,,
3877,12918,c.698C>A,5,Point,Missense,-,-,-,-,Ala > Asp,698,-,233,187,Serine Protease,Exon 6,p.Ala233Asp,20540,Ala,Asp,alanine,aspartic acid,-,Severe,-,-,<1,36%,,,,,
3877,12919,c.698C>A,5,Point,Missense,-,-,-,-,Ala > Asp,698,-,233,187,Serine Protease,Exon 6,p.Ala233Asp,20540,Ala,Asp,alanine,aspartic acid,-,Severe,-,-,<1,-,,,,,
3877,14994,c.698C>A,5,Point,Missense,No,-,-,-,Ala > Asp,698,-,233,187,Serine Protease,Exon 6,p.Ala233Asp,20540,Ala,Asp,alanine,aspartic acid,-,Severe,-,-,<1,-,,,,,
3877,14995,c.698C>A,5,Point,Missense,No,-,-,-,Ala > Asp,698,-,233,187,Serine Protease,Exon 6,p.Ala233Asp,20540,Ala,Asp,alanine,aspartic acid,-,Moderate,-,-,2.50%,-,,,,,
3878,12920,c.706G>T,1,Point,Missense,-,-,-,-,Gly > Cys,706,-,236,190,Serine Protease,Exon 6,p.Gly236Cys,20548,Gly,Cys,glycine,cysteine,-,Moderate,-,-,1%,-,,,,,
3879,12921,c.707G>A,18,Point,Missense,-,-,-,-,Gly > Asp,707,-,236,190,Serine Protease,Exon 6,p.Gly236Asp,20549,Gly,Asp,glycine,aspartic acid,-,Severe,-,-,<1,-,,,,,
3879,12922,c.707G>A,18,Point,Missense,-,-,-,-,Gly > Asp,707,-,236,190,Serine Protease,Exon 6,p.Gly236Asp,20549,Gly,Asp,glycine,aspartic acid,-,-,-,-,-,-,,,,,
3879,12923,c.707G>A,18,Point,Missense,-,-,-,-,Gly > Asp,707,-,236,190,Serine Protease,Exon 6,p.Gly236Asp,20549,Gly,Asp,glycine,aspartic acid,-,Moderate,-,-,1%,-,,,,,
3879,12924,c.707G>A,18,Point,Missense,-,-,-,-,Gly > Asp,707,-,236,190,Serine Protease,Exon 6,p.Gly236Asp,20549,Gly,Asp,glycine,aspartic acid,-,-,-,-,-,-,,,,,
3879,12925,c.707G>A,18,Point,Missense,-,-,-,-,Gly > Asp,707,-,236,190,Serine Protease,Exon 6,p.Gly236Asp,20549,Gly,Asp,glycine,aspartic acid,-,Moderate,-,-,1.30%,-,,,,,
3879,12926,c.707G>A,18,Point,Missense,-,-,-,-,Gly > Asp,707,-,236,190,Serine Protease,Exon 6,p.Gly236Asp,20549,Gly,Asp,glycine,aspartic acid,-,Moderate,-,-,1.40%,-,,,,,
3879,12927,c.707G>A,18,Point,Missense,-,-,-,-,Gly > Asp,707,-,236,190,Serine Protease,Exon 6,p.Gly236Asp,20549,Gly,Asp,glycine,aspartic acid,-,Moderate,-,-,2%,-,,,,,
3879,12928,c.707G>A,18,Point,Missense,-,-,-,-,Gly > Asp,707,-,236,190,Serine Protease,Exon 6,p.Gly236Asp,20549,Gly,Asp,glycine,aspartic acid,-,Moderate,-,-,2%,-,,,,,
3879,12929,c.707G>A,18,Point,Missense,-,-,-,-,Gly > Asp,707,-,236,190,Serine Protease,Exon 6,p.Gly236Asp,20549,Gly,Asp,glycine,aspartic acid,-,Moderate,-,-,3%,-,,,,,
3879,12930,c.707G>A,18,Point,Missense,-,-,-,-,Gly > Asp,707,-,236,190,Serine Protease,Exon 6,p.Gly236Asp,20549,Gly,Asp,glycine,aspartic acid,-,Moderate,-,-,4%,-,,,,,
3879,12931,c.707G>A,18,Point,Missense,-,-,-,-,Gly > Asp,707,-,236,190,Serine Protease,Exon 6,p.Gly236Asp,20549,Gly,Asp,glycine,aspartic acid,-,Moderate,-,-,1.90%,-,,,,,
3879,12932,c.707G>A,18,Point,Missense,-,-,-,-,Gly > Asp,707,-,236,190,Serine Protease,Exon 6,p.Gly236Asp,20549,Gly,Asp,glycine,aspartic acid,-,Moderate,-,-,2%,-,,,,,
3879,12933,c.707G>A,18,Point,Missense,-,-,-,-,Gly > Asp,707,-,236,190,Serine Protease,Exon 6,p.Gly236Asp,20549,Gly,Asp,glycine,aspartic acid,-,Moderate,-,-,4%,-,,,,,
3879,12934,c.707G>A,18,Point,Missense,No,-,-,-,Gly > Asp,707,-,236,190,Serine Protease,Exon 6,p.Gly236Asp,20549,Gly,Asp,glycine,aspartic acid,-,Severe,-,-,<1,50%,,,,,
3879,12935,c.707G>A,18,Point,Missense,-,-,-,-,Gly > Asp,707,-,236,190,Serine Protease,Exon 6,p.Gly236Asp,20549,Gly,Asp,glycine,aspartic acid,-,Moderate,-,-,3%,-,,,,,
3879,12936,c.707G>A,18,Point,Missense,-,-,-,-,Gly > Asp,707,-,236,190,Serine Protease,Exon 6,p.Gly236Asp,20549,Gly,Asp,glycine,aspartic acid,-,-,-,-,-,-,,,,,
3879,12937,c.707G>A,18,Point,Missense,-,-,-,-,Gly > Asp,707,-,236,190,Serine Protease,Exon 6,p.Gly236Asp,20549,Gly,Asp,glycine,aspartic acid,-,Moderate,-,-,5%,-,,,,,
3879,12938,c.707G>A,18,Point,Missense,-,-,-,-,Gly > Asp,707,-,236,190,Serine Protease,Exon 6,p.Gly236Asp,20549,Gly,Asp,glycine,aspartic acid,-,Severe,-,-,<1,-,,,,,
3880,12943,c.709C>T,5,Point,Nonsense,-,-,-,Cryptic splice,Gln > *,709,-,237,191,Serine Protease,Exon 6,p.(Gln237*),20551,Gln,*,glutamine,-,-,Severe,-,-,<1,5%,,,,,
3880,12944,c.709C>T,5,Point,Nonsense,-,-,-,Cryptic splice,Gln > *,709,-,237,191,Serine Protease,Exon 6,p.(Gln237*),20551,Gln,*,glutamine,-,-,Severe,-,-,<1,4%,,,,,
3880,12945,c.709C>T,5,Point,Nonsense,-,-,-,Cryptic splice,Gln > *,709,-,237,191,Serine Protease,Exon 6,p.(Gln237*),20551,Gln,*,glutamine,-,-,Severe,-,-,<1,3%,,,,,
3880,12946,c.709C>T,5,Point,Nonsense,Yes,-,-,Cryptic splice,Gln > *,709,-,237,191,Serine Protease,Exon 6,p.(Gln237*),20551,Gln,*,glutamine,-,-,Severe,-,-,<1,<1,,,,,
3880,16105,c.709C>T,5,Point,Nonsense,-,-,-,Cryptic splice,Gln > *,709,-,237,191,Serine Protease,Exon 6,p.(Gln237*),20551,Gln,*,glutamine,-,-,Severe,-,-,<1,-,,,,,
3881,12939,c.706G>T,3,Point,Missense,-,-,-,-,Gly > Val,707,-,236,190,Serine Protease,Exon 6,p.Gly236Val,20549,Gly,Val,glycine,valine,-,Severe,-,-,<1,-,,,,,
3881,12940,c.706G>T,3,Point,Missense,-,-,-,-,Gly > Val,707,-,236,190,Serine Protease,Exon 6,p.Gly236Val,20549,Gly,Val,glycine,valine,-,Severe,-,-,<1,-,,,,,
3881,12941,c.706G>T,3,Point,Missense,-,-,-,-,Gly > Val,707,-,236,190,Serine Protease,Exon 6,p.Gly236Val,20549,Gly,Val,glycine,valine,-,Severe,-,-,<1,36%,,,,,
3882,12942,c.709C>A,1,Point,Missense,Yes,-,-,Inhibitor,Gln > Lys,709,-,237,191,Serine Protease,Exon 6,p.Gln237Lys,20551,Gln,Lys,glutamine,lysine,-,Severe,-,-,<1,<0.1,,,,,
3883,12947,c.711A>G,2,Point,Silent,-,-,-,Cryptic splice,Gln > Gln,711,-,237,191,Serine Protease,Exon 6,p.(Gln237Gln),20553,Gln,Gln,glutamine,glutamine,-,Severe,-,-,<1,<3,,,,,
3883,12948,c.711A>G,2,Point,Silent,-,-,-,Cryptic splice,Gln > Gln,711,-,237,191,Serine Protease,Exon 6,p.(Gln237Gln),20553,Gln,Gln,glutamine,glutamine,-,Moderate,-,-,3%,2%,,,,,
3884,12949,c.712T>G,1,Point,Missense,-,0.000073031,-,-,Phe > Val,712,-,238,192,Serine Protease,Exon 6,p.Phe238Val,20554,Phe,Val,phenylalanine,valine,-,Moderate,-,-,2%,<6,,,,,
3885,12950,c.715C>T,1,Point,Missense,-,-,-,-,Pro > Ser,715,-,239,193,Serine Protease,Exon 6,p.Pro239Ser,20557,Pro,Ser,proline,serine,-,Moderate,-,-,3%,17%,,,,,
3886,12951,c.716C>G,1,Point,Missense,-,-,-,Double (see 20422),Pro > Arg,716,-,239,193,Serine Protease,Exon 6,p.Pro239Arg,20558,Pro,Arg,proline,arginine,-,Severe,-,-,<1,-,,,,,
3887,12952,c.718T>A,3,Point,Missense,-,-,-,-,Trp > Arg,718,-,240,194,Serine Protease,Exon 6,p.Trp240Arg,20560,Trp,Arg,tryptophan,arginine,-,Severe,-,-,<1,1%,,,,,
3887,15603,c.718T>A,3,Point,Missense,No,-,-,-,Trp > Arg,718,-,240,194,Serine Protease,Exon 6,p.Trp240Arg,20560,Trp,Arg,tryptophan,arginine,-,Severe,-,-,<1,-,,,,,
3887,15604,c.718T>A,3,Point,Missense,No,-,-,-,Trp > Arg,718,-,240,194,Serine Protease,Exon 6,p.Trp240Arg,20560,Trp,Arg,tryptophan,arginine,-,Severe,-,-,<1,-,,,,,
3888,12953,c.718T>C,1,Point,Missense,-,-,-,-,Trp > Arg,718,-,240,194,Serine Protease,Exon 6,p.Trp240Arg,20560,Trp,Arg,tryptophan,arginine,-,Moderate,-,-,4%,4%,,,,,
3889,12954,c.719G>A,11,Point,Nonsense,-,-,-,-,Trp > *,719,-,240,194,Serine Protease,Exon 6,p.(Trp240*),20561,Trp,*,tryptophan,-,-,-,-,-,-,-,,,,,
3889,12955,c.719G>A,11,Point,Nonsense,-,-,-,-,Trp > *,719,-,240,194,Serine Protease,Exon 6,p.(Trp240*),20561,Trp,*,tryptophan,-,-,-,-,-,-,-,,,,,
3889,12956,c.719G>A,11,Point,Nonsense,-,-,-,-,Trp > *,719,-,240,194,Serine Protease,Exon 6,p.(Trp240*),20561,Trp,*,tryptophan,-,-,Moderate,-,-,3%,7.80%,,,,,
3889,12957,c.719G>A,11,Point,Nonsense,-,-,-,-,Trp > *,719,-,240,194,Serine Protease,Exon 6,p.(Trp240*),20561,Trp,*,tryptophan,-,-,Severe,-,-,<1,<1,,,,,
3889,12958,c.719G>A,11,Point,Nonsense,-,-,-,-,Trp > *,719,-,240,194,Serine Protease,Exon 6,p.(Trp240*),20561,Trp,*,tryptophan,-,-,Moderate,-,-,5%,-,,,,,
3889,12960,c.719G>A,11,Point,Nonsense,Yes,-,-,-,Trp > *,719,-,240,194,Serine Protease,Exon 6,p.(Trp240*),20561,Trp,*,tryptophan,-,-,Severe,-,-,<1,<0.1,,,,,
3889,12961,c.719G>A,11,Point,Nonsense,-,-,-,-,Trp > *,719,-,240,194,Serine Protease,Exon 6,p.(Trp240*),20561,Trp,*,tryptophan,-,-,Severe,-,-,<1,-,,,,,
3889,12969,c.719G>A,11,Point,Nonsense,-,-,-,-,Trp > *,719,-,240,194,Serine Protease,Exon 6,p.(Trp240*),20561,Trp,*,tryptophan,-,-,Severe,-,-,<1,2%,,,,,
3889,15272,c.719G>A,11,Point,Nonsense,-,-,-,-,Trp > *,719,-,240,194,Serine Protease,Exon 6,p.(Trp240*),20561,Trp,*,tryptophan,-,-,Severe,-,-,<1,<1,,,,,
3889,16106,c.719G>A,11,Point,Nonsense,No,-,-,-,Trp > *,719,-,240,194,Serine Protease,Exon 6,p.(Trp240*),20561,Trp,*,tryptophan,-,-,Severe,-,-,<1,-,,,,,
3889,16107,c.719G>A,11,Point,Nonsense,Yes,-,-,-,Trp > *,719,-,240,194,Serine Protease,Exon 6,p.(Trp240*),20561,Trp,*,tryptophan,-,-,Severe,-,-,<1,-,,,,,
3890,12959,c.719G>T,3,Point,Missense,-,-,-,-,Trp > Leu,719,-,240,194,Serine Protease,Exon 6,p.Trp240Leu,20561,Trp,Leu,tryptophan,leucine,-,Severe,-,-,<1,-,,,,,
3890,12962,c.719G>T,3,Point,Missense,-,-,-,-,Trp > Leu,719,-,240,194,Serine Protease,Exon 6,p.Trp240Leu,20561,Trp,Leu,tryptophan,leucine,-,Moderate,-,-,1%,-,,,,,
3890,15110,c.719G>T,3,Point,Missense,No,-,-,-,Trp > Leu,719,-,240,194,Serine Protease,Exon 6,p.Trp240Leu,20561,Trp,Leu,tryptophan,leucine,-,Moderate,-,-,-,-,,,,,
3891,12963,c.720G>A,7,Point,Nonsense,-,-,-,-,Trp > *,720,-,240,194,Serine Protease,Exon 6,p.(Trp240*),20562,Trp,*,tryptophan,-,-,Severe,-,-,<1,-,,,,,
3891,12964,c.720G>A,7,Point,Nonsense,-,-,-,-,Trp > *,720,-,240,194,Serine Protease,Exon 6,p.(Trp240*),20562,Trp,*,tryptophan,-,-,Severe,-,-,<1,-,,,,,
3891,12965,c.720G>A,7,Point,Nonsense,-,-,-,-,Trp > *,720,-,240,194,Serine Protease,Exon 6,p.(Trp240*),20562,Trp,*,tryptophan,-,-,-,-,-,-,-,,,,,
3891,12966,c.720G>A,7,Point,Nonsense,Yes,-,-,-,Trp > *,720,-,240,194,Serine Protease,Exon 6,p.(Trp240*),20562,Trp,*,tryptophan,-,-,Severe,-,-,<1,-,,,,,
3891,12967,c.720G>A,7,Point,Nonsense,-,-,-,-,Trp > *,720,-,240,194,Serine Protease,Exon 6,p.(Trp240*),20562,Trp,*,tryptophan,-,-,Severe,-,-,-,-,,,,,
3891,14955,c.720G>A,7,Point,Nonsense,Yes,-,-,-,Trp > *,720,-,240,194,Serine Protease,Exon 6,p.(Trp240*),20562,Trp,*,tryptophan,-,-,Severe,-,-,0.50%,-,,,,,
3891,15042,c.720G>A,7,Point,Nonsense,Yes,-,-,-,Trp > *,720,-,240,194,Serine Protease,Exon 6,p.(Trp240*),20562,Trp,*,tryptophan,-,-,Severe,-,-,<1,-,,,,,
3892,12968,c.720G>T,5,Point,Missense,-,-,-,-,Trp > Cys,720,-,240,194,Serine Protease,Exon 6,p.Trp240Cys,20562,Trp,Cys,tryptophan,cysteine,-,Severe,-,-,<1,-,,,,,
3892,12970,c.720G>T,5,Point,Missense,-,-,-,-,Trp > Cys,720,-,240,194,Serine Protease,Exon 6,p.Trp240Cys,20562,Trp,Cys,tryptophan,cysteine,-,Mild,-,-,6%,-,,,,,
3892,12971,c.720G>T,5,Point,Missense,-,-,-,-,Trp > Cys,720,-,240,194,Serine Protease,Exon 6,p.Trp240Cys,20562,Trp,Cys,tryptophan,cysteine,-,Severe,-,-,<1,<1,conference abstract,,,,
3892,12972,c.720G>T,5,Point,Missense,-,-,-,-,Trp > Cys,720,-,240,194,Serine Protease,Exon 6,p.Trp240Cys,20562,Trp,Cys,tryptophan,cysteine,-,Moderate,-,-,3%,-,,,,,
3892,14981,c.720G>T,5,Point,Missense,No,-,-,-,Trp > Cys,720,-,240,194,Serine Protease,Exon 6,p.Trp240Cys,20562,Trp,Cys,tryptophan,cysteine,-,Severe,-,-,<1,-,,,,,
3893,12973,c.721C>A,2,Point,Missense,-,-,-,-,Gln > Lys,721,-,241,195,Serine Protease,Exon 6,p.Gln241Lys,20563,Gln,Lys,glutamine,lysine,-,Moderate,-,-,2%,-,,,,,
3893,12974,c.721C>A,2,Point,Missense,-,-,-,-,Gln > Lys,721,-,241,195,Serine Protease,Exon 6,p.Gln241Lys,20563,Gln,Lys,glutamine,lysine,-,-,-,-,-,-,,,,,
3894,12975,c.722A>G,4,Point,Missense,-,-,-,de novo in mother,Gln > Arg,722,-,241,195,Serine Protease,Exon 6,p.Gln241Arg,20564,Gln,Arg,glutamine,arginine,-,Severe,-,-,<1,-,,,,,
3894,12977,c.722A>G,4,Point,Missense,-,-,-,de novo in mother,Gln > Arg,722,-,241,195,Serine Protease,Exon 6,p.Gln241Arg,20564,Gln,Arg,glutamine,arginine,-,Severe,-,-,<1,<1,,,,,
3894,15605,c.722A>G,4,Point,Missense,No,-,-,de novo in mother,Gln > Arg,722,-,241,195,Serine Protease,Exon 6,p.Gln241Arg,20564,Gln,Arg,glutamine,arginine,-,Moderate,-,-,2%,-,,,,,
3894,15606,c.722A>G,4,Point,Missense,No,-,-,de novo in mother,Gln > Arg,722,-,241,195,Serine Protease,Exon 6,p.Gln241Arg,20564,Gln,Arg,glutamine,arginine,-,Moderate,-,-,1%,-,,,,,
3895,12976,c.722delA,1,Deletion,Frameshift,-,-,-,Frameshift,Gln241fs,722,-,241,195,Serine Protease,Exon 6,p.(Gln241Argfs*4),20564,Gln241fs,-,glutamine,-,-,Severe,-,-,-,-,,,,,
3896,12978,c.723G>A,7,Point,Silent,-,-,-,Donor splice (f),Gln > Gln,723,-,241,195,Serine Protease,Exon 6,p.(Gln241Gln),20565,Gln,Gln,glutamine,glutamine,-,Severe,-,-,<1,<1,,,,,
3896,12979,c.723G>A,7,Point,Silent,-,-,-,Donor splice (f),Gln > Gln,723,-,241,195,Serine Protease,Exon 6,p.(Gln241Gln),20565,Gln,Gln,glutamine,glutamine,-,Moderate,-,-,2%,2%,,,,,
3896,12980,c.723G>A,7,Point,Silent,-,-,-,Donor splice (f),Gln > Gln,723,-,241,195,Serine Protease,Exon 6,p.(Gln241Gln),20565,Gln,Gln,glutamine,glutamine,-,Severe,-,-,<1,-,,,,,
3896,12982,c.723G>A,7,Point,Silent,-,-,-,Donor splice (f),Gln > Gln,723,-,241,195,Serine Protease,Exon 6,p.(Gln241Gln),20565,Gln,Gln,glutamine,glutamine,-,Severe,-,-,-,-,,,,,
3896,16188,c.723G>A,7,Point,Silent,No,-,-,Donor splice (f),Gln > Gln,723,-,241,195,Serine Protease,Exon 6,p.(Gln241Gln),20565,Gln,Gln,glutamine,glutamine,-,Moderate,-,-,2%,-,,,,,
3896,16189,c.723G>A,7,Point,Silent,No,-,-,Donor splice (f),Gln > Gln,723,-,241,195,Serine Protease,Exon 6,p.(Gln241Gln),20565,Gln,Gln,glutamine,glutamine,-,Moderate,-,-,2%,-,,,,,
3896,16190,c.723G>A,7,Point,Silent,No,-,-,Donor splice (f),Gln > Gln,723,-,241,195,Serine Protease,Exon 6,p.(Gln241Gln),20565,Gln,Gln,glutamine,glutamine,-,Severe,-,-,<1,-,,,,,
3897,12981,c.723G>C,3,Point,Missense,-,-,-,donor splice (f),Gln > His,723,-,241,195,Serine Protease,Exon 6,p.Gln241His,20565,Gln,His,glutamine,histidine,-,Severe,-,-,<1,-,,,,,
3897,12983,c.723G>C,3,Point,Missense,-,-,-,donor splice (f),Gln > His,723,-,241,195,Serine Protease,Exon 6,p.Gln241His,20565,Gln,His,glutamine,histidine,-,Severe,-,-,<1,<1,,,,,
3897,15294,c.723G>C,3,Point,Missense,-,-,-,donor splice (f),Gln > His,723,-,241,195,Serine Protease,Exon 6,p.Gln241His,20565,Gln,His,glutamine,histidine,-,Severe,-,-,<1,<1,,,,,
3898,12984,c.731T>C,4,Point,Missense,-,-,-,de novo in MGF (21),Leu > Ser,731,-,244,198,Serine Protease,Exon 7,p.Leu244Ser,30046,Leu,Ser,leucine,serine,-,Severe,-,-,<1,<1,,,,,
3898,12986,c.731T>C,4,Point,Missense,-,-,-,de novo in MGF (21),Leu > Ser,731,-,244,198,Serine Protease,Exon 7,p.Leu244Ser,30046,Leu,Ser,leucine,serine,-,Mild,-,-,5.6-12,-,,,,,
3898,12987,c.731T>C,4,Point,Missense,-,-,-,de novo in MGF (21),Leu > Ser,731,-,244,198,Serine Protease,Exon 7,p.Leu244Ser,30046,Leu,Ser,leucine,serine,-,Mild,-,-,5.6-12,-,,,,,
3898,15235,c.731T>C,4,Point,Missense,No,-,-,de novo in MGF (21),Leu > Ser,731,-,244,198,Serine Protease,Exon 7,p.Leu244Ser,30046,Leu,Ser,leucine,serine,-,Severe,-,-,<1,<1,,,,,
3899,12985,c.731T>G,1,Point,Missense,-,-,-,-,Leu > Trp,731,-,244,198,Serine Protease,Exon 7,p.Leu244Trp,30046,Leu,Trp,leucine,tryptophan,-,Moderate,-,-,2%,-,,,,,
3900,12988,c.735delT,2,Deletion,Frameshift,-,-,-,Frameshift,Asn245fs,735,-,245,199,Serine Protease,Exon 7,p.(Asn245Lysfs*19),30050,Asn245fs,-,asparagine,-,-,Severe,-,-,<1,-,,,,,
3900,16237,c.735delT,2,Deletion,Frameshift,Yes,-,-,Frameshift,Asn245fs,735,-,245,199,Serine Protease,Exon 7,p.(Asn245Lysfs*19),30050,Asn245fs,-,asparagine,-,-,Severe,-,-,<1,-,,,,,
3901,12989,c.749C>T,1,Point,Missense,-,-,-,-,Ala > Val,749,-,250,204,Serine Protease,Exon 7,p.Ala250Val,30064,Ala,Val,alanine,valine,-,-,-,-,-,-,,,,,
3902,12990,c.752_767del,1,Deletion,Frameshift,-,-,-,-,Phe > fs*,752,-,251,205,Serine Protease,Exon 7,p.(Phe251Serfs*8),30067,Phe,fs*,phenylalanine,-,-,Severe,-,-,<1,-,,,,,
3903,12991,c.754T>C,2,Point,Missense,-,-,-,-,Cys > Arg,754,-,252,206,Serine Protease,Exon 7,p.Cys252Arg,30069,Cys,Arg,cysteine,arginine,-,Severe,-,-,<1,-,,,,,
3903,12992,c.754T>C,2,Point,Missense,-,-,-,-,Cys > Arg,754,-,252,206,Serine Protease,Exon 7,p.Cys252Arg,30069,Cys,Arg,cysteine,arginine,-,Severe,-,-,<1,-,,,,,
3904,12993,c.755G>A,7,Point,Missense,-,-,-,-,Cys > Tyr,755,-,252,206,Serine Protease,Exon 7,p.Cys252Tyr,30070,Cys,Tyr,cysteine,tyrosine,-,Moderate,-,-,2.50%,-,,,,,
3904,12994,c.755G>A,7,Point,Missense,-,-,-,-,Cys > Tyr,755,-,252,206,Serine Protease,Exon 7,p.Cys252Tyr,30070,Cys,Tyr,cysteine,tyrosine,-,Moderate,-,-,2%,-,,,,,
3904,12995,c.755G>A,7,Point,Missense,-,-,-,-,Cys > Tyr,755,-,252,206,Serine Protease,Exon 7,p.Cys252Tyr,30070,Cys,Tyr,cysteine,tyrosine,-,Severe,-,-,<1,-,,,,,
3904,12996,c.755G>A,7,Point,Missense,-,-,-,-,Cys > Tyr,755,-,252,206,Serine Protease,Exon 7,p.Cys252Tyr,30070,Cys,Tyr,cysteine,tyrosine,-,Severe,-,-,<1,1.50%,,,,,
3904,12997,c.755G>A,7,Point,Missense,-,-,-,-,Cys > Tyr,755,-,252,206,Serine Protease,Exon 7,p.Cys252Tyr,30070,Cys,Tyr,cysteine,tyrosine,-,Moderate,-,-,1.80%,-,,,,,
3904,12998,c.755G>A,7,Point,Missense,-,-,-,-,Cys > Tyr,755,-,252,206,Serine Protease,Exon 7,p.Cys252Tyr,30070,Cys,Tyr,cysteine,tyrosine,-,Severe,-,-,<1,-,,,,,
3904,13001,c.755G>A,7,Point,Missense,-,-,-,-,Cys > Tyr,755,-,252,206,Serine Protease,Exon 7,p.Cys252Tyr,30070,Cys,Tyr,cysteine,tyrosine,-,Mild,-,-,7.80%,-,,,,,
3905,12999,c.755G>C,2,Point,Missense,-,-,-,-,Cys > Ser,755,-,252,206,Serine Protease,Exon 7,p.Cys252Ser,30070,Cys,Ser,cysteine,serine,-,-,-,-,-,-,,,,,
3905,13000,c.755G>C,2,Point,Missense,-,-,-,-,Cys > Ser,755,-,252,206,Serine Protease,Exon 7,p.Cys252Ser,30070,Cys,Ser,cysteine,serine,-,Severe,-,-,<1,<1,,,,,
3906,13005,c.757G>T,2,Point,Nonsense,-,-,-,11 years old at the time of assessment,Gly > *,757,-,253,207,Serine Protease,Exon 7,p.(Gly253*),30072,Gly,*,glycine,-,-,Severe,-,-,<1,<1,conference abstract,,,,
3906,15111,c.757G>T,2,Point,Nonsense,No,-,-,11 years old at the time of assessment,Gly > *,757,-,253,207,Serine Protease,Exon 7,p.(Gly253*),30072,Gly,*,glycine,-,-,Moderate,-,-,-,-,,,,,
3907,13004,c.758G>A,8,Point,Missense,-,-,-,-,Gly > Glu,758,-,253,207,Serine Protease,Exon 7,p.Gly253Glu,30073,Gly,Glu,glycine,glutamic acid,-,-,-,-,-,-,,,,,
3907,13006,c.758G>A,8,Point,Missense,-,-,-,-,Gly > Glu,758,-,253,207,Serine Protease,Exon 7,p.Gly253Glu,30073,Gly,Glu,glycine,glutamic acid,-,-,-,-,-,-,,,,,
3907,13007,c.758G>A,8,Point,Missense,-,-,-,-,Gly > Glu,758,-,253,207,Serine Protease,Exon 7,p.Gly253Glu,30073,Gly,Glu,glycine,glutamic acid,-,-,-,-,-,-,,,,,
3907,13008,c.758G>A,8,Point,Missense,-,-,-,-,Gly > Glu,758,-,253,207,Serine Protease,Exon 7,p.Gly253Glu,30073,Gly,Glu,glycine,glutamic acid,-,Severe,-,-,<1,<1,,,,,
3907,13009,c.758G>A,8,Point,Missense,-,-,-,-,Gly > Glu,758,-,253,207,Serine Protease,Exon 7,p.Gly253Glu,30073,Gly,Glu,glycine,glutamic acid,-,Severe,-,-,<1,-,,,,,
3907,13010,c.758G>A,8,Point,Missense,-,-,-,-,Gly > Glu,758,-,253,207,Serine Protease,Exon 7,p.Gly253Glu,30073,Gly,Glu,glycine,glutamic acid,-,Severe,-,-,<1,-,,,,,
3907,13011,c.758G>A,8,Point,Missense,-,-,-,-,Gly > Glu,758,-,253,207,Serine Protease,Exon 7,p.Gly253Glu,30073,Gly,Glu,glycine,glutamic acid,-,Severe,-,-,<1,-,,,,,
3907,13012,c.758G>A,8,Point,Missense,-,-,-,-,Gly > Glu,758,-,253,207,Serine Protease,Exon 7,p.Gly253Glu,30073,Gly,Glu,glycine,glutamic acid,-,Severe,-,-,<1,56%,,,,,
3908,13013,c.758G>T,2,Point,Missense,-,-,-,-,Gly > Val,758,-,253,207,Serine Protease,Exon 7,p.Gly253Val,30073,Gly,Val,glycine,valine,-,Moderate,-,-,1%,-,,,,,
3908,13014,c.758G>T,2,Point,Missense,-,-,-,-,Gly > Val,758,-,253,207,Serine Protease,Exon 7,p.Gly253Val,30073,Gly,Val,glycine,valine,-,Severe,-,-,-,-,,,,,
3909,13015,c.760G>A,4,Point,Missense,-,-,-,-,Gly > Ser,760,-,254,208,Serine Protease,Exon 7,p.Gly254Ser,30075,Gly,Ser,glycine,serine,-,Moderate,-,-,1%,-,,,,,
3909,15607,c.760G>A,4,Point,Missense,No,-,-,-,Gly > Ser,760,-,254,208,Serine Protease,Exon 7,p.Gly254Ser,30075,Gly,Ser,glycine,serine,-,Severe,-,-,<1,-,,,,,
3909,15608,c.760G>A,4,Point,Missense,No,-,-,-,Gly > Ser,760,-,254,208,Serine Protease,Exon 7,p.Gly254Ser,30075,Gly,Ser,glycine,serine,-,Severe,-,-,<1,-,,,,,
3909,15609,c.760G>A,4,Point,Missense,No,-,-,-,Gly > Ser,760,-,254,208,Serine Protease,Exon 7,p.Gly254Ser,30075,Gly,Ser,glycine,serine,-,Moderate,-,-,1%,-,,,,,
3910,13019,c.761G>T,2,Point,Missense,-,-,-,-,Gly > Val,761,-,254,208,Serine Protease,Exon 7,p.Gly254Val,30076,Gly,Val,glycine,valine,-,Severe,-,-,-,-,,,,,
3910,15610,c.761G>T,2,Point,Missense,No,-,-,-,Gly > Val,761,-,254,208,Serine Protease,Exon 7,p.Gly254Val,30076,Gly,Val,glycine,valine,-,Moderate,-,-,1.90%,-,,,,,
3911,13020,c.767T>C,2,Point,Missense,-,-,-,-,Ile > Thr,767,-,256,210,Serine Protease,Exon 7,p.Ile256Thr,30082,Ile,Thr,isoleucine,threonine,-,Severe,-,-,<1,-,,,,,
3911,13021,c.767T>C,2,Point,Missense,-,-,-,-,Ile > Thr,767,-,256,210,Serine Protease,Exon 7,p.Ile256Thr,30082,Ile,Thr,isoleucine,threonine,-,-,-,-,-,-,,,,,
3912,13022,c.769G>T,2,Point,Missense,-,-,-,-,Val > Phe,769,-,257,211,Serine Protease,Exon 7,p.Val257Phe,30084,Val,Phe,valine,phenylalanine,-,Mild,-,-,7%,-,,,,,
3912,13023,c.769G>T,2,Point,Missense,-,-,-,-,Val > Phe,769,-,257,211,Serine Protease,Exon 7,p.Val257Phe,30084,Val,Phe,valine,phenylalanine,-,Moderate,-,-,4%,-,,,,,
3913,13024,c.769G>A,2,Point,Missense,-,0.000136362,-,Double (see 6396_6397delAG),Val > Ile,769,-,257,211,Serine Protease,Exon 7,p.Val257Ile,30084,Val,Ile,valine,isoleucine,-,Severe,-,-,<1,<1,,,,,
3913,15313,c.769G>A,2,Point,Missense,-,0.000136362,-,Double (see 6396_6397delAG),Val > Ile,769,-,257,211,Serine Protease,Exon 7,p.Val257Ile,30084,Val,Ile,valine,isoleucine,-,-,-,-,-,-,,,,,
3914,13025,c.770T>A,1,Point,Missense,-,-,-,In His (221) disulphide loop,Val > Asp,770,-,257,211,Serine Protease,Exon 7,p.Val257Asp,30085,Val,Asp,valine,aspartic acid,-,Severe,-,-,<1,<1,,,,,
3915,13026,c.774T>G,5,Point,Missense,-,-,-,Same haplotype as DK 1,Asn > Lys,774,-,258,212,Serine Protease,Exon 7,p.Asn258Lys,30089,Asn,Lys,asparagine,lysine,-,Mild,-,-,20%,-,,,,,
3915,13027,c.774T>G,5,Point,Missense,-,-,-,Same haplotype as DK 1,Asn > Lys,774,-,258,212,Serine Protease,Exon 7,p.Asn258Lys,30089,Asn,Lys,asparagine,lysine,-,-,-,-,-,-,,,,,
3915,13028,c.774T>G,5,Point,Missense,-,-,-,Same haplotype as DK 1,Asn > Lys,774,-,258,212,Serine Protease,Exon 7,p.Asn258Lys,30089,Asn,Lys,asparagine,lysine,-,-,-,-,-,-,,,,,
3915,13029,c.774T>G,5,Point,Missense,-,-,-,Same haplotype as DK 1,Asn > Lys,774,-,258,212,Serine Protease,Exon 7,p.Asn258Lys,30089,Asn,Lys,asparagine,lysine,-,-,-,-,-,-,,,,,
3915,13030,c.774T>G,5,Point,Missense,-,-,-,Same haplotype as DK 1,Asn > Lys,774,-,258,212,Serine Protease,Exon 7,p.Asn258Lys,30089,Asn,Lys,asparagine,lysine,-,Mild,-,-,12%,-,,,,,
3916,13031,c.775G>T,1,Point,Nonsense,-,-,-,-,Glu > *,775,-,259,213,Serine Protease,Exon 7,p.(Glu259*),30090,Glu,*,glutamic acid,-,-,Severe,-,-,<1,<1,,,,,
3917,13032,c.781T>C,6,Point,Missense,-,-,-,-,Trp > Arg,781,-,261,215,Serine Protease,Exon 7,p.Trp261Arg,30096,Trp,Arg,tryptophan,arginine,-,Moderate,-,-,4%,-,,,,,
3917,13033,c.781T>C,6,Point,Missense,-,-,-,-,Trp > Arg,781,-,261,215,Serine Protease,Exon 7,p.Trp261Arg,30096,Trp,Arg,tryptophan,arginine,-,Severe,-,-,<1,<1,,,,,
3917,13034,c.781T>C,6,Point,Missense,-,-,-,-,Trp > Arg,781,-,261,215,Serine Protease,Exon 7,p.Trp261Arg,30096,Trp,Arg,tryptophan,arginine,-,Severe,-,-,<1,-,,,,,
3917,13035,c.781T>C,6,Point,Missense,-,-,-,-,Trp > Arg,781,-,261,215,Serine Protease,Exon 7,p.Trp261Arg,30096,Trp,Arg,tryptophan,arginine,-,Moderate,-,-,3%,-,,,,,
3917,13036,c.781T>C,6,Point,Missense,-,-,-,-,Trp > Arg,781,-,261,215,Serine Protease,Exon 7,p.Trp261Arg,30096,Trp,Arg,tryptophan,arginine,-,-,-,-,-,-,,,,,
3917,13039,c.781T>C,6,Point,Missense,-,-,-,-,Trp > Arg,781,-,261,215,Serine Protease,Exon 7,p.Trp261Arg,30096,Trp,Arg,tryptophan,arginine,-,Moderate,-,-,4%,<1,,,,,
3918,13037,c.781T>G,2,Point,Missense,-,-,-,-,Trp > Gly,781,-,261,215,Serine Protease,Exon 7,p.Trp261Gly,30096,Trp,Gly,tryptophan,glycine,-,Severe,-,-,<1,-,,,,,
3918,13038,c.781T>G,2,Point,Missense,-,-,-,-,Trp > Gly,781,-,261,215,Serine Protease,Exon 7,p.Trp261Gly,30096,Trp,Gly,tryptophan,glycine,-,Moderate,-,-,3%,-,,,,,
3919,13040,c.782G>A,2,Point,Missense,-,-,-,-,Trp > Leu,782,-,261,215,Serine Protease,Exon 7,p.Trp261Leu,30097,Trp,Leu,tryptophan,leucine,-,-,-,-,-,-,,,,,
3919,13041,c.782G>A,2,Point,Missense,-,-,-,-,Trp > Leu,782,-,261,215,Serine Protease,Exon 7,p.Trp261Leu,30097,Trp,Leu,tryptophan,leucine,-,Severe,-,-,<1,0.10%,,,,,
3920,13042,c.783G>T,4,Point,Missense,-,-,-,-,Trp > Cys,783,-,261,215,Serine Protease,Exon 7,p.Trp261Cys,30098,Trp,Cys,tryptophan,cysteine,-,-,-,-,-,-,,,,,
3920,13043,c.783G>T,4,Point,Missense,-,-,-,-,Trp > Cys,783,-,261,215,Serine Protease,Exon 7,p.Trp261Cys,30098,Trp,Cys,tryptophan,cysteine,-,Severe,-,-,<1,<1,,,,,
3920,15611,c.783G>T,4,Point,Missense,No,-,-,-,Trp > Cys,783,-,261,215,Serine Protease,Exon 7,p.Trp261Cys,30098,Trp,Cys,tryptophan,cysteine,-,Severe,-,-,<1,-,,,,,
3920,15612,c.783G>T,4,Point,Missense,No,-,-,-,Trp > Cys,783,-,261,215,Serine Protease,Exon 7,p.Trp261Cys,30098,Trp,Cys,tryptophan,cysteine,-,Severe,-,-,<1,-,,,,,
3921,13044,c.784A>T,2,Point,Missense,-,-,-,-,Ile > Phe,784,-,262,216,Serine Protease,Exon 7,p.Ile262Phe,30099,Ile,Phe,isoleucine,phenylalanine,-,Severe,-,-,<1,-,,,,,
3921,15613,c.784A>T,2,Point,Missense,No,-,-,-,Ile > Phe,784,-,262,216,Serine Protease,Exon 7,p.Ile262Phe,30099,Ile,Phe,isoleucine,phenylalanine,-,Severe,-,-,<1,-,,,,,
3922,13045,c.785T>C,7,Point,Missense,-,-,-,-,Ile > Thr,785,-,262,216,Serine Protease,Exon 7,p.Ile262Thr,30100,Ile,Thr,isoleucine,threonine,-,Mild,-,-,7%,-,,,,,
3922,13046,c.785T>C,7,Point,Missense,-,-,-,-,Ile > Thr,785,-,262,216,Serine Protease,Exon 7,p.Ile262Thr,30100,Ile,Thr,isoleucine,threonine,-,Moderate,-,-,4%,4%,,,,,
3922,13047,c.785T>C,7,Point,Missense,-,-,-,-,Ile > Thr,785,-,262,216,Serine Protease,Exon 7,p.Ile262Thr,30100,Ile,Thr,isoleucine,threonine,-,-,-,-,-,-,,,,,
3922,13048,c.785T>C,7,Point,Missense,-,-,-,-,Ile > Thr,785,-,262,216,Serine Protease,Exon 7,p.Ile262Thr,30100,Ile,Thr,isoleucine,threonine,-,Moderate,-,-,5.40%,-,,,,,
3922,13049,c.785T>C,7,Point,Missense,-,-,-,-,Ile > Thr,785,-,262,216,Serine Protease,Exon 7,p.Ile262Thr,30100,Ile,Thr,isoleucine,threonine,-,Moderate,-,-,4%,-,,,,,
3922,13050,c.785T>C,7,Point,Missense,-,-,-,-,Ile > Thr,785,-,262,216,Serine Protease,Exon 7,p.Ile262Thr,30100,Ile,Thr,isoleucine,threonine,-,Moderate,-,-,4%,-,,,,,
3922,15614,c.785T>C,7,Point,Missense,No,-,-,-,Ile > Thr,785,-,262,216,Serine Protease,Exon 7,p.Ile262Thr,30100,Ile,Thr,isoleucine,threonine,-,Moderate,-,-,3%,-,,,,,
3923,13051,c.786T>G,2,Point,Missense,-,-,-,-,Ile > Met,786,-,262,216,Serine Protease,Exon 7,p.Ile262Met,30101,Ile,Met,isoleucine,methionine,-,Mild,-,-,15%,4%,,,,,
3923,15190,c.786T>G,2,Point,Missense,No,-,-,-,Ile > Met,786,-,262,216,Serine Protease,Exon 7,p.Ile262Met,30101,Ile,Met,isoleucine,methionine,-,Moderate,-,-,-,-,,,,,
3924,13052,c.788T>A,1,Point,Missense,-,-,-,-,Val > Glu,788,-,263,217,Serine Protease,Exon 7,p.Val263Glu,30103,Val,Glu,valine,glutamic acid,-,Severe,-,-,-,-,,,,,
3925,13053,c.790A>C,1,Point,Missense,-,-,-,-,Thr > Pro,790,-,264,218,Serine Protease,Exon 7,p.Thr264Pro,30105,Thr,Pro,threonine,proline,-,Severe,-,-,<1,-,,,,,
3926,13054,c.791C>T,3,Point,Missense,-,-,-,-,Thr > Ile,791,-,264,218,Serine Protease,Exon 7,p.Thr264Ile,30106,Thr,Ile,threonine,isoleucine,-,-,-,-,-,-,,,,,
3926,13055,c.791C>T,3,Point,Missense,-,-,-,-,Thr > Ile,791,-,264,218,Serine Protease,Exon 7,p.Thr264Ile,30106,Thr,Ile,threonine,isoleucine,-,Moderate,-,-,2%,-,,,,,
3926,13056,c.791C>T,3,Point,Missense,-,-,-,-,Thr > Ile,791,-,264,218,Serine Protease,Exon 7,p.Thr264Ile,30106,Thr,Ile,threonine,isoleucine,-,Moderate,-,-,3%,-,,,,,
3927,13057,c.793G>A,2,Point,Missense,-,-,-,-,Ala > Thr,793,-,265,219,Serine Protease,Exon 7,p.Ala265Thr,30108,Ala,Thr,alanine,threonine,-,-,-,-,-,-,,,,,
3927,13058,c.793G>A,2,Point,Missense,-,-,-,-,Ala > Thr,793,-,265,219,Serine Protease,Exon 7,p.Ala265Thr,30108,Ala,Thr,alanine,threonine,-,Mild,-,-,-,-,,,,,
3928,13059,c.793G>C,3,Point,Missense,-,-,-,-,Ala > Pro,793,-,265,219,Serine Protease,Exon 7,p.Ala265Pro,30108,Ala,Pro,alanine,proline,-,Severe,-,-,<1,-,,,,,
3928,15231,c.793G>C,3,Point,Missense,No,-,-,-,Ala > Pro,793,-,265,219,Serine Protease,Exon 7,p.Ala265Pro,30108,Ala,Pro,alanine,proline,-,Severe,-,-,<1,24%,,,,,
3928,15615,c.793G>C,3,Point,Missense,No,-,-,-,Ala > Pro,793,-,265,219,Serine Protease,Exon 7,p.Ala265Pro,30108,Ala,Pro,alanine,proline,-,Severe,-,-,<1,-,,,,,
3929,13060,c.794C>A,1,Point,Missense,-,-,-,-,Ala > Asp,794,-,265,219,Serine Protease,Exon 7,p.Ala265Asp,30109,Ala,Asp,alanine,aspartic acid,-,Severe,-,-,<1,-,,,,,
3930,13061,c.796G>A,4,Point,Missense,-,-,-,-,Ala > Thr,796,-,266,220,Serine Protease,Exon 7,p.Ala266Thr,30111,Ala,Thr,alanine,threonine,-,Severe,-,-,<1,-,,,,,
3930,15236,c.796G>A,4,Point,Missense,No,-,-,-,Ala > Thr,796,-,266,220,Serine Protease,Exon 7,p.Ala266Thr,30111,Ala,Thr,alanine,threonine,-,Severe,-,-,<1,-,,,,,
3930,15616,c.796G>A,4,Point,Missense,No,-,-,-,Ala > Thr,796,-,266,220,Serine Protease,Exon 7,p.Ala266Thr,30111,Ala,Thr,alanine,threonine,-,Moderate,-,-,2%,-,,,,,
3930,15617,c.796G>A,4,Point,Missense,No,-,-,-,Ala > Thr,796,-,266,220,Serine Protease,Exon 7,p.Ala266Thr,30111,Ala,Thr,alanine,threonine,-,Moderate,-,-,2.50%,-,,,,,
3931,13062,c.797C>T,5,Point,Missense,-,-,-,Same haplotype as 203,Ala > Val,797,-,266,220,Serine Protease,Exon 7,p.Ala266Val,30112,Ala,Val,alanine,valine,-,Moderate,-,-,4%,-,,,,,
3931,13063,c.797C>T,5,Point,Missense,-,-,-,Same haplotype as 203,Ala > Val,797,-,266,220,Serine Protease,Exon 7,p.Ala266Val,30112,Ala,Val,alanine,valine,-,Mild,-,-,11%,15%,,,,,
3931,13064,c.797C>T,5,Point,Missense,-,-,-,Same haplotype as 203,Ala > Val,797,-,266,220,Serine Protease,Exon 7,p.Ala266Val,30112,Ala,Val,alanine,valine,-,Severe,-,-,<1,3%,,,,,
3931,15013,c.797C>T,5,Point,Missense,No,-,-,Same haplotype as 203,Ala > Val,797,-,266,220,Serine Protease,Exon 7,p.Ala266Val,30112,Ala,Val,alanine,valine,-,Mild,-,-,6.60%,-,,,,,
3931,15618,c.797C>T,5,Point,Missense,No,-,-,Same haplotype as 203,Ala > Val,797,-,266,220,Serine Protease,Exon 7,p.Ala266Val,30112,Ala,Val,alanine,valine,-,Moderate,-,-,3%,-,,,,,
3932,13065,c.799delC,3,Deletion,Frameshift,-,-,-,Frameshift,His267fs,799,-,267,221,Serine Protease,Exon 7,p.(His267Thrfs*30),30114,His267fs,-,histidine,-,-,Severe,-,-,-,-,,,,,
3932,13066,c.799delC,3,Deletion,Frameshift,-,-,-,Frameshift,His267fs,799,-,267,221,Serine Protease,Exon 7,p.(His267Thrfs*30),30114,His267fs,-,histidine,-,-,Severe,-,-,-,-,,,,,
3932,13067,c.799delC,3,Deletion,Frameshift,-,-,-,Frameshift,His267fs,799,-,267,221,Serine Protease,Exon 7,p.(His267Thrfs*30),30114,His267fs,-,histidine,-,-,Severe,-,-,<1,<1,,,,,
3933,13068,c.799C>T,3,Point,Missense,-,0.000005451,-,Active Site,His > Tyr,799,-,267,221,Serine Protease,Exon 7,p.His267Tyr,30114,His,Tyr,histidine,tyrosine,-,Severe,-,-,<1,5%,,,,,
3933,13069,c.799C>T,3,Point,Missense,-,0.000005451,-,Active Site,His > Tyr,799,-,267,221,Serine Protease,Exon 7,p.His267Tyr,30114,His,Tyr,histidine,tyrosine,-,Moderate,-,-,1%,-,,,,,
3933,15619,c.799C>T,3,Point,Missense,No,0.000005451,-,Active Site,His > Tyr,799,-,267,221,Serine Protease,Exon 7,p.His267Tyr,30114,His,Tyr,histidine,tyrosine,-,Severe,-,-,<1,-,,,,,
3934,13070,c.800A>G,2,Point,Missense,No,-,-,Active Site,His > Arg,800,-,267,221,Serine Protease,Exon 7,p.His267Arg,30115,His,Arg,histidine,arginine,-,Moderate,-,-,1%,62%,,,,,
3934,13071,c.800A>G,2,Point,Missense,-,-,-,Active Site,His > Arg,800,-,267,221,Serine Protease,Exon 7,p.His267Arg,30115,His,Arg,histidine,arginine,-,Severe,-,-,<1,-,,,,,
3935,13072,c.801C>A,1,Point,Missense,-,-,-,Active Site,His > Gln,801,-,267,221,Serine Protease,Exon 7,p.His267Gln,30116,His,Gln,histidine,glutamine,-,Severe,-,-,<1,100%,,,,,
3936,13073,c.802T>A,1,Point,Missense,-,-,-,-,Cys > Ser,802,-,268,222,Serine Protease,Exon 7,p.Cys268Ser,30117,Cys,Ser,cysteine,serine,-,Moderate,-,-,2%,-,,,,,
3937,13074,c.802T>C,2,Point,Missense,-,-,-,-,Cys > Arg,802,-,268,222,Serine Protease,Exon 7,p.Cys268Arg,30117,Cys,Arg,cysteine,arginine,-,Severe,-,-,<1,-,,,,,
3937,13075,c.802T>C,2,Point,Missense,-,-,-,-,Cys > Arg,802,-,268,222,Serine Protease,Exon 7,p.Cys268Arg,30117,Cys,Arg,cysteine,arginine,-,Severe,-,-,<1,-,,,,,
3938,13076,c.802T>G,1,Point,Missense,-,-,-,-,Cys > Gly,802,-,268,222,Serine Protease,Exon 7,p.Cys268Gly,30117,Cys,Gly,cysteine,glycine,-,Severe,-,-,<1,-,,,,,
3939,13077,c.803G>T,1,Point,Missense,-,-,-,-,Cys > Phe,803,-,268,222,Serine Protease,Exon 7,p.Cys268Phe,30118,Cys,Phe,cysteine,phenylalanine,-,-,-,-,-,-,,,,,
3940,13078,c.804T>G,2,Point,Missense,-,-,-,-,Cys > Trp,804,-,268,222,Serine Protease,Exon 7,p.Cys268Trp,30119,Cys,Trp,cysteine,tryptophan,-,-,-,-,-,-,,,,,
3940,13079,c.804T>G,2,Point,Missense,-,-,-,-,Cys > Trp,804,-,268,222,Serine Protease,Exon 7,p.Cys268Trp,30119,Cys,Trp,cysteine,tryptophan,-,Moderate,-,-,1%,-,,,,,
3941,13080,c.808G>T,2,Point,Nonsense,-,-,-,-,Glu > *,808,-,270,224,Serine Protease,Exon 7,p.(Glu270*),30123,Glu,*,glutamic acid,-,-,Severe,-,-,<1,-,,,,,
3941,13081,c.808G>T,2,Point,Nonsense,-,-,-,-,Glu > *,808,-,270,224,Serine Protease,Exon 7,p.(Glu270*),30123,Glu,*,glutamic acid,-,-,Severe,-,-,<1,-,,,,,
3942,13082,c.813delT,1,Deletion,Frameshift,-,-,-,Frameshift,Thr271fs,813,-,271,225,Serine Protease,Exon 7,p.(Thr271Thrfs*26),30128,Thr271fs,-,threonine,-,-,Severe,-,-,-,-,,,,,
3943,13090,c.825delT,1,Deletion,Frameshift,-,-,-,Frameshift,Ile275fs,825,-,275,229,Serine Protease,Exon 7,p.(Ile275Ilefs*22),30140,Ile275fs,-,threonine,-,-,Severe,-,-,<1,1%,,,,,
3944,13092,c.829G>T,1,Point,Missense,-,-,-,-,Val > Phe,829,-,277,231,Serine Protease,Exon 7,p.Val277Phe,30144,Val,Phe,valine,phenylalanine,-,Severe,-,-,<1,-,,,,,
3945,13093,c.835G>A,94,Point,Missense,-,-,-,-,Ala > Thr,835,-,279,233,Serine Protease,Exon 7,p.Ala279Thr,30150,Ala,Thr,alanine,threonine,-,Mild,-,-,22%,-,,,,,
3945,13094,c.835G>A,94,Point,Missense,-,-,-,-,Ala > Thr,835,-,279,233,Serine Protease,Exon 7,p.Ala279Thr,30150,Ala,Thr,alanine,threonine,-,Mild,-,-,5 to 22,12%,,,,,
3945,13095,c.835G>A,94,Point,Missense,-,-,-,-,Ala > Thr,835,-,279,233,Serine Protease,Exon 7,p.Ala279Thr,30150,Ala,Thr,alanine,threonine,-,Mild,-,-,8 to 15,-,,,,,
3945,13096,c.835G>A,94,Point,Missense,-,-,-,-,Ala > Thr,835,-,279,233,Serine Protease,Exon 7,p.Ala279Thr,30150,Ala,Thr,alanine,threonine,-,Mild,-,-,11%,15%,,,,,
3945,13097,c.835G>A,94,Point,Missense,-,-,-,-,Ala > Thr,835,-,279,233,Serine Protease,Exon 7,p.Ala279Thr,30150,Ala,Thr,alanine,threonine,-,Mild,-,-,12%,12%,,,,,
3945,13098,c.835G>A,94,Point,Missense,-,-,-,-,Ala > Thr,835,-,279,233,Serine Protease,Exon 7,p.Ala279Thr,30150,Ala,Thr,alanine,threonine,-,Mild,-,-,15%,-,,,,,
3945,13099,c.835G>A,94,Point,Missense,-,-,-,-,Ala > Thr,835,-,279,233,Serine Protease,Exon 7,p.Ala279Thr,30150,Ala,Thr,alanine,threonine,-,Mild,-,-,10%,11%,,,,,
3945,13100,c.835G>A,94,Point,Missense,-,-,-,-,Ala > Thr,835,-,279,233,Serine Protease,Exon 7,p.Ala279Thr,30150,Ala,Thr,alanine,threonine,-,Mild,-,-,15%,15%,,,,,
3945,13101,c.835G>A,94,Point,Missense,-,-,-,-,Ala > Thr,835,-,279,233,Serine Protease,Exon 7,p.Ala279Thr,30150,Ala,Thr,alanine,threonine,-,Mild,-,-,16%,-,,,,,
3945,13102,c.835G>A,94,Point,Missense,-,-,-,-,Ala > Thr,835,-,279,233,Serine Protease,Exon 7,p.Ala279Thr,30150,Ala,Thr,alanine,threonine,-,Mild,-,-,15%,-,,,,,
3945,13103,c.835G>A,94,Point,Missense,-,-,-,-,Ala > Thr,835,-,279,233,Serine Protease,Exon 7,p.Ala279Thr,30150,Ala,Thr,alanine,threonine,-,Mild,-,-,12%,-,,,,,
3945,13104,c.835G>A,94,Point,Missense,-,-,-,-,Ala > Thr,835,-,279,233,Serine Protease,Exon 7,p.Ala279Thr,30150,Ala,Thr,alanine,threonine,-,Mild,-,-,9%,-,,,,,
3945,13105,c.835G>A,94,Point,Missense,-,-,-,-,Ala > Thr,835,-,279,233,Serine Protease,Exon 7,p.Ala279Thr,30150,Ala,Thr,alanine,threonine,-,Mild,-,-,13%,-,,,,,
3945,13106,c.835G>A,94,Point,Missense,-,-,-,-,Ala > Thr,835,-,279,233,Serine Protease,Exon 7,p.Ala279Thr,30150,Ala,Thr,alanine,threonine,-,Mild,-,-,11%,-,,,,,
3945,13107,c.835G>A,94,Point,Missense,-,-,-,-,Ala > Thr,835,-,279,233,Serine Protease,Exon 7,p.Ala279Thr,30150,Ala,Thr,alanine,threonine,-,Mild,-,-,20%,3%,,,,,
3945,13108,c.835G>A,94,Point,Missense,-,-,-,-,Ala > Thr,835,-,279,233,Serine Protease,Exon 7,p.Ala279Thr,30150,Ala,Thr,alanine,threonine,-,Mild,-,-,7%,-,,,,,
3945,13109,c.835G>A,94,Point,Missense,-,-,-,-,Ala > Thr,835,-,279,233,Serine Protease,Exon 7,p.Ala279Thr,30150,Ala,Thr,alanine,threonine,-,Mild,-,-,9%,15%,,,,,
3945,13110,c.835G>A,94,Point,Missense,-,-,-,-,Ala > Thr,835,-,279,233,Serine Protease,Exon 7,p.Ala279Thr,30150,Ala,Thr,alanine,threonine,-,Mild,-,-,8.50%,-,,,,,
3945,13111,c.835G>A,94,Point,Missense,-,-,-,-,Ala > Thr,835,-,279,233,Serine Protease,Exon 7,p.Ala279Thr,30150,Ala,Thr,alanine,threonine,-,Mild,-,-,6.50%,-,,,,,
3945,13112,c.835G>A,94,Point,Missense,-,-,-,-,Ala > Thr,835,-,279,233,Serine Protease,Exon 7,p.Ala279Thr,30150,Ala,Thr,alanine,threonine,-,-,-,-,-,-,,,,,
3945,13113,c.835G>A,94,Point,Missense,-,-,-,-,Ala > Thr,835,-,279,233,Serine Protease,Exon 7,p.Ala279Thr,30150,Ala,Thr,alanine,threonine,-,Mild,-,-,18%,-,,,,,
3945,13114,c.835G>A,94,Point,Missense,-,-,-,-,Ala > Thr,835,-,279,233,Serine Protease,Exon 7,p.Ala279Thr,30150,Ala,Thr,alanine,threonine,-,Mild,-,-,21%,-,,,,,
3945,13115,c.835G>A,94,Point,Missense,-,-,-,-,Ala > Thr,835,-,279,233,Serine Protease,Exon 7,p.Ala279Thr,30150,Ala,Thr,alanine,threonine,-,Mild,-,-,13%,-,,,,,
3945,13116,c.835G>A,94,Point,Missense,-,-,-,-,Ala > Thr,835,-,279,233,Serine Protease,Exon 7,p.Ala279Thr,30150,Ala,Thr,alanine,threonine,-,Mild,-,-,16%,-,,,,,
3945,13117,c.835G>A,94,Point,Missense,-,-,-,-,Ala > Thr,835,-,279,233,Serine Protease,Exon 7,p.Ala279Thr,30150,Ala,Thr,alanine,threonine,-,-,-,-,-,-,,,,,
3945,13118,c.835G>A,94,Point,Missense,-,-,-,-,Ala > Thr,835,-,279,233,Serine Protease,Exon 7,p.Ala279Thr,30150,Ala,Thr,alanine,threonine,-,Moderate,-,-,1.50%,-,,,,,
3945,13119,c.835G>A,94,Point,Missense,-,-,-,-,Ala > Thr,835,-,279,233,Serine Protease,Exon 7,p.Ala279Thr,30150,Ala,Thr,alanine,threonine,-,-,-,-,-,-,,,,,
3945,13120,c.835G>A,94,Point,Missense,-,-,-,-,Ala > Thr,835,-,279,233,Serine Protease,Exon 7,p.Ala279Thr,30150,Ala,Thr,alanine,threonine,-,Mild,-,-,10%,-,,,,,
3945,13121,c.835G>A,94,Point,Missense,-,-,-,-,Ala > Thr,835,-,279,233,Serine Protease,Exon 7,p.Ala279Thr,30150,Ala,Thr,alanine,threonine,-,Severe,-,-,<1,<1,,,,,
3945,13122,c.835G>A,94,Point,Missense,-,-,-,-,Ala > Thr,835,-,279,233,Serine Protease,Exon 7,p.Ala279Thr,30150,Ala,Thr,alanine,threonine,-,Moderate,-,-,5%,-,,,,,
3945,13123,c.835G>A,94,Point,Missense,-,-,-,-,Ala > Thr,835,-,279,233,Serine Protease,Exon 7,p.Ala279Thr,30150,Ala,Thr,alanine,threonine,-,Mild,-,-,13%,10%,,,,,
3945,13124,c.835G>A,94,Point,Missense,-,-,-,-,Ala > Thr,835,-,279,233,Serine Protease,Exon 7,p.Ala279Thr,30150,Ala,Thr,alanine,threonine,-,Mild,-,-,11%,-,,,,,
3945,13125,c.835G>A,94,Point,Missense,-,-,-,-,Ala > Thr,835,-,279,233,Serine Protease,Exon 7,p.Ala279Thr,30150,Ala,Thr,alanine,threonine,-,-,-,-,-,-,,,,,
3945,13126,c.835G>A,94,Point,Missense,-,-,-,-,Ala > Thr,835,-,279,233,Serine Protease,Exon 7,p.Ala279Thr,30150,Ala,Thr,alanine,threonine,-,-,-,-,-,22%,,,,,
3945,13127,c.835G>A,94,Point,Missense,-,-,-,-,Ala > Thr,835,-,279,233,Serine Protease,Exon 7,p.Ala279Thr,30150,Ala,Thr,alanine,threonine,-,Moderate,-,-,5%,9%,,,,,
3945,13128,c.835G>A,94,Point,Missense,-,-,-,-,Ala > Thr,835,-,279,233,Serine Protease,Exon 7,p.Ala279Thr,30150,Ala,Thr,alanine,threonine,-,Mild,-,-,10%,-,,,,,
3945,13129,c.835G>A,94,Point,Missense,No,-,-,-,Ala > Thr,835,-,279,233,Serine Protease,Exon 7,p.Ala279Thr,30150,Ala,Thr,alanine,threonine,-,Mild,-,-,17%,13%,,,,,
3945,13130,c.835G>A,94,Point,Missense,No,-,-,-,Ala > Thr,835,-,279,233,Serine Protease,Exon 7,p.Ala279Thr,30150,Ala,Thr,alanine,threonine,-,Mild,-,-,27%,-,,,,,
3945,13131,c.835G>A,94,Point,Missense,No,-,-,-,Ala > Thr,835,-,279,233,Serine Protease,Exon 7,p.Ala279Thr,30150,Ala,Thr,alanine,threonine,-,Mild,-,-,11%,-,,,,,
3945,13132,c.835G>A,94,Point,Missense,No,-,-,-,Ala > Thr,835,-,279,233,Serine Protease,Exon 7,p.Ala279Thr,30150,Ala,Thr,alanine,threonine,-,Mild,-,-,8%,8%,,,,,
3945,13133,c.835G>A,94,Point,Missense,No,-,-,-,Ala > Thr,835,-,279,233,Serine Protease,Exon 7,p.Ala279Thr,30150,Ala,Thr,alanine,threonine,-,Moderate,-,-,4%,-,,,,,
3945,13134,c.835G>A,94,Point,Missense,No,-,-,-,Ala > Thr,835,-,279,233,Serine Protease,Exon 7,p.Ala279Thr,30150,Ala,Thr,alanine,threonine,-,Moderate,-,-,5%,16%,,,,,
3945,13135,c.835G>A,94,Point,Missense,No,-,-,-,Ala > Thr,835,-,279,233,Serine Protease,Exon 7,p.Ala279Thr,30150,Ala,Thr,alanine,threonine,-,Mild,-,-,11%,-,,,,,
3945,13136,c.835G>A,94,Point,Missense,No,-,-,-,Ala > Thr,835,-,279,233,Serine Protease,Exon 7,p.Ala279Thr,30150,Ala,Thr,alanine,threonine,-,Mild,-,-,11%,14%,,,,,
3945,13137,c.835G>A,94,Point,Missense,No,-,-,-,Ala > Thr,835,-,279,233,Serine Protease,Exon 7,p.Ala279Thr,30150,Ala,Thr,alanine,threonine,-,Mild,-,-,13%,-,,,,,
3945,13138,c.835G>A,94,Point,Missense,No,-,-,-,Ala > Thr,835,-,279,233,Serine Protease,Exon 7,p.Ala279Thr,30150,Ala,Thr,alanine,threonine,-,Mild,-,-,9%,11%,,,,,
3945,13139,c.835G>A,94,Point,Missense,No,-,-,-,Ala > Thr,835,-,279,233,Serine Protease,Exon 7,p.Ala279Thr,30150,Ala,Thr,alanine,threonine,-,Mild,-,-,15%,15%,,,,,
3945,13140,c.835G>A,94,Point,Missense,No,-,-,-,Ala > Thr,835,-,279,233,Serine Protease,Exon 7,p.Ala279Thr,30150,Ala,Thr,alanine,threonine,-,Mild,-,-,8%,-,,,,,
3945,13141,c.835G>A,94,Point,Missense,No,-,-,-,Ala > Thr,835,-,279,233,Serine Protease,Exon 7,p.Ala279Thr,30150,Ala,Thr,alanine,threonine,-,Mild,-,-,14%,14%,,,,,
3945,13142,c.835G>A,94,Point,Missense,-,-,-,-,Ala > Thr,835,-,279,233,Serine Protease,Exon 7,p.Ala279Thr,30150,Ala,Thr,alanine,threonine,-,Mild,-,-,7%,-,,,,,
3945,13143,c.835G>A,94,Point,Missense,-,-,-,-,Ala > Thr,835,-,279,233,Serine Protease,Exon 7,p.Ala279Thr,30150,Ala,Thr,alanine,threonine,-,Mild,-,-,13%,14%,,,,,
3945,13144,c.835G>A,94,Point,Missense,-,-,-,-,Ala > Thr,835,-,279,233,Serine Protease,Exon 7,p.Ala279Thr,30150,Ala,Thr,alanine,threonine,-,Mild,-,-,17%,-,,,,,
3945,13145,c.835G>A,94,Point,Missense,-,-,-,-,Ala > Thr,835,-,279,233,Serine Protease,Exon 7,p.Ala279Thr,30150,Ala,Thr,alanine,threonine,-,Mild,-,-,10 to 14,-,,,,,
3945,13146,c.835G>A,94,Point,Missense,-,-,-,-,Ala > Thr,835,-,279,233,Serine Protease,Exon 7,p.Ala279Thr,30150,Ala,Thr,alanine,threonine,-,Mild,-,-,10%,-,,,,,
3945,13147,c.835G>A,94,Point,Missense,-,-,-,-,Ala > Thr,835,-,279,233,Serine Protease,Exon 7,p.Ala279Thr,30150,Ala,Thr,alanine,threonine,-,Mild,-,-,21%,-,,,,,
3945,13148,c.835G>A,94,Point,Missense,-,-,-,-,Ala > Thr,835,-,279,233,Serine Protease,Exon 7,p.Ala279Thr,30150,Ala,Thr,alanine,threonine,-,Mild,-,-,13%,-,,,,,
3945,13149,c.835G>A,94,Point,Missense,-,-,-,-,Ala > Thr,835,-,279,233,Serine Protease,Exon 7,p.Ala279Thr,30150,Ala,Thr,alanine,threonine,-,Mild,-,-,11%,-,,,,,
3945,13150,c.835G>A,94,Point,Missense,-,-,-,-,Ala > Thr,835,-,279,233,Serine Protease,Exon 7,p.Ala279Thr,30150,Ala,Thr,alanine,threonine,-,Mild,-,-,15%,25%,,,,,
3945,13151,c.835G>A,94,Point,Missense,-,-,-,-,Ala > Thr,835,-,279,233,Serine Protease,Exon 7,p.Ala279Thr,30150,Ala,Thr,alanine,threonine,-,Mild,-,-,14%,-,,,,,
3945,13152,c.835G>A,94,Point,Missense,-,-,-,-,Ala > Thr,835,-,279,233,Serine Protease,Exon 7,p.Ala279Thr,30150,Ala,Thr,alanine,threonine,-,Mild,-,-,11%,-,,,,,
3945,13153,c.835G>A,94,Point,Missense,-,-,-,-,Ala > Thr,835,-,279,233,Serine Protease,Exon 7,p.Ala279Thr,30150,Ala,Thr,alanine,threonine,-,Mild,-,-,15%,-,,,,,
3945,13154,c.835G>A,94,Point,Missense,-,-,-,-,Ala > Thr,835,-,279,233,Serine Protease,Exon 7,p.Ala279Thr,30150,Ala,Thr,alanine,threonine,-,Mild,-,-,18%,-,,,,,
3945,13155,c.835G>A,94,Point,Missense,-,-,-,-,Ala > Thr,835,-,279,233,Serine Protease,Exon 7,p.Ala279Thr,30150,Ala,Thr,alanine,threonine,-,Mild,-,-,10%,-,,,,,
3945,13156,c.835G>A,94,Point,Missense,-,-,-,-,Ala > Thr,835,-,279,233,Serine Protease,Exon 7,p.Ala279Thr,30150,Ala,Thr,alanine,threonine,-,Mild,-,-,11%,10%,,,,,
3945,13157,c.835G>A,94,Point,Missense,-,-,-,-,Ala > Thr,835,-,279,233,Serine Protease,Exon 7,p.Ala279Thr,30150,Ala,Thr,alanine,threonine,-,Mild,-,-,11%,-,,,,,
3945,13158,c.835G>A,94,Point,Missense,-,-,-,-,Ala > Thr,835,-,279,233,Serine Protease,Exon 7,p.Ala279Thr,30150,Ala,Thr,alanine,threonine,-,Mild,-,-,13%,-,,,,,
3945,13159,c.835G>A,94,Point,Missense,-,-,-,-,Ala > Thr,835,-,279,233,Serine Protease,Exon 7,p.Ala279Thr,30150,Ala,Thr,alanine,threonine,-,Mild,-,-,13%,-,,,,,
3945,13160,c.835G>A,94,Point,Missense,-,-,-,-,Ala > Thr,835,-,279,233,Serine Protease,Exon 7,p.Ala279Thr,30150,Ala,Thr,alanine,threonine,-,-,-,-,-,-,,,,,
3945,13161,c.835G>A,94,Point,Missense,-,-,-,-,Ala > Thr,835,-,279,233,Serine Protease,Exon 7,p.Ala279Thr,30150,Ala,Thr,alanine,threonine,-,Mild,-,-,20%,-,,,,,
3945,13162,c.835G>A,94,Point,Missense,-,-,-,-,Ala > Thr,835,-,279,233,Serine Protease,Exon 7,p.Ala279Thr,30150,Ala,Thr,alanine,threonine,-,Mild,-,-,12%,-,,,,,
3945,14958,c.835G>A,94,Point,Missense,No,-,-,-,Ala > Thr,835,-,279,233,Serine Protease,Exon 7,p.Ala279Thr,30150,Ala,Thr,alanine,threonine,-,Severe,-,-,0%,-,,,,,
3945,15014,c.835G>A,94,Point,Missense,No,-,-,-,Ala > Thr,835,-,279,233,Serine Protease,Exon 7,p.Ala279Thr,30150,Ala,Thr,alanine,threonine,-,Mild,-,-,10%,-,,,,,
3945,15258,c.835G>A,94,Point,Missense,-,-,-,-,Ala > Thr,835,-,279,233,Serine Protease,Exon 7,p.Ala279Thr,30150,Ala,Thr,alanine,threonine,-,Mild,-,-,5-22,12%,,,,,
3945,15259,c.835G>A,94,Point,Missense,-,-,-,-,Ala > Thr,835,-,279,233,Serine Protease,Exon 7,p.Ala279Thr,30150,Ala,Thr,alanine,threonine,-,Mild,-,-,12%,-,,,,,
3945,15260,c.835G>A,94,Point,Missense,-,-,-,-,Ala > Thr,835,-,279,233,Serine Protease,Exon 7,p.Ala279Thr,30150,Ala,Thr,alanine,threonine,-,Mild,-,-,11%,15%,,,,,
3945,15261,c.835G>A,94,Point,Missense,-,-,-,-,Ala > Thr,835,-,279,233,Serine Protease,Exon 7,p.Ala279Thr,30150,Ala,Thr,alanine,threonine,-,Mild,-,-,22%,-,,,,,
3945,15295,c.835G>A,94,Point,Missense,-,-,-,-,Ala > Thr,835,-,279,233,Serine Protease,Exon 7,p.Ala279Thr,30150,Ala,Thr,alanine,threonine,-,-,-,-,-,-,,,,,
3945,15296,c.835G>A,94,Point,Missense,-,-,-,-,Ala > Thr,835,-,279,233,Serine Protease,Exon 7,p.Ala279Thr,30150,Ala,Thr,alanine,threonine,-,Mild,-,-,14%,-,,,,,
3945,15297,c.835G>A,94,Point,Missense,-,-,-,-,Ala > Thr,835,-,279,233,Serine Protease,Exon 7,p.Ala279Thr,30150,Ala,Thr,alanine,threonine,-,Mild,-,-,6%,16%,,,,,
3945,15620,c.835G>A,94,Point,Missense,No,-,-,-,Ala > Thr,835,-,279,233,Serine Protease,Exon 7,p.Ala279Thr,30150,Ala,Thr,alanine,threonine,-,Mild,-,-,6%,-,,,,,
3945,15621,c.835G>A,94,Point,Missense,-,-,-,-,Ala > Thr,835,-,279,233,Serine Protease,Exon 7,p.Ala279Thr,30150,Ala,Thr,alanine,threonine,-,Mild,-,-,11%,-,,,,,
3945,15622,c.835G>A,94,Point,Missense,No,-,-,-,Ala > Thr,835,-,279,233,Serine Protease,Exon 7,p.Ala279Thr,30150,Ala,Thr,alanine,threonine,-,Mild,-,-,8.67%,-,,,,,
3945,15623,c.835G>A,94,Point,Missense,No,-,-,-,Ala > Thr,835,-,279,233,Serine Protease,Exon 7,p.Ala279Thr,30150,Ala,Thr,alanine,threonine,-,Mild,-,-,6%,-,,,,,
3945,15624,c.835G>A,94,Point,Missense,No,-,-,-,Ala > Thr,835,-,279,233,Serine Protease,Exon 7,p.Ala279Thr,30150,Ala,Thr,alanine,threonine,-,Mild,-,-,7%,-,,,,,
3945,15625,c.835G>A,94,Point,Missense,No,-,-,-,Ala > Thr,835,-,279,233,Serine Protease,Exon 7,p.Ala279Thr,30150,Ala,Thr,alanine,threonine,-,Mild,-,-,8%,-,,,,,
3945,15626,c.835G>A,94,Point,Missense,No,-,-,-,Ala > Thr,835,-,279,233,Serine Protease,Exon 7,p.Ala279Thr,30150,Ala,Thr,alanine,threonine,-,Mild,-,-,12%,-,,,,,
3945,15627,c.835G>A,94,Point,Missense,No,-,-,-,Ala > Thr,835,-,279,233,Serine Protease,Exon 7,p.Ala279Thr,30150,Ala,Thr,alanine,threonine,-,Mild,-,-,11%,-,,,,,
3945,15628,c.835G>A,94,Point,Missense,No,-,-,-,Ala > Thr,835,-,279,233,Serine Protease,Exon 7,p.Ala279Thr,30150,Ala,Thr,alanine,threonine,-,Mild,-,-,9%,-,,,,,
3945,15629,c.835G>A,94,Point,Missense,No,-,-,-,Ala > Thr,835,-,279,233,Serine Protease,Exon 7,p.Ala279Thr,30150,Ala,Thr,alanine,threonine,-,Mild,-,-,6%,-,,,,,
3945,15630,c.835G>A,94,Point,Missense,No,-,-,-,Ala > Thr,835,-,279,233,Serine Protease,Exon 7,p.Ala279Thr,30150,Ala,Thr,alanine,threonine,-,Mild,-,-,18%,-,,,,,
3945,15631,c.835G>A,94,Point,Missense,-,-,-,-,Ala > Thr,835,-,279,233,Serine Protease,Exon 7,p.Ala279Thr,30150,Ala,Thr,alanine,threonine,-,Mild,-,-,15%,-,,,,,
3945,15632,c.835G>A,94,Point,Missense,-,-,-,-,Ala > Thr,835,-,279,233,Serine Protease,Exon 7,p.Ala279Thr,30150,Ala,Thr,alanine,threonine,-,Mild,-,-,8%,-,,,,,
3945,15633,c.835G>A,94,Point,Missense,No,-,-,-,Ala > Thr,835,-,279,233,Serine Protease,Exon 7,p.Ala279Thr,30150,Ala,Thr,alanine,threonine,-,Mild,-,-,7.70%,-,,,,,
3945,15634,c.835G>A,94,Point,Missense,-,-,-,-,Ala > Thr,835,-,279,233,Serine Protease,Exon 7,p.Ala279Thr,30150,Ala,Thr,alanine,threonine,-,Mild,-,-,11%,-,,,,,
3946,13163,c.838G>A,1,Point,Missense,-,-,-,-,Gly > Ser,838,-,280,234,Serine Protease,Exon 7,p.Gly280Ser,30153,Gly,Ser,glycine,serine,-,Severe,-,-,-,-,,,,,
3947,13164,c.838G>C,3,Point,Missense,-,-,-,-,Gly > Arg,838,-,280,234,Serine Protease,Exon 7,p.Gly280Arg,30153,Gly,Arg,glycine,arginine,-,Severe,-,-,<1,<1,,,,,
3947,13165,c.838G>C,3,Point,Missense,-,-,-,-,Gly > Arg,838,-,280,234,Serine Protease,Exon 7,p.Gly280Arg,30153,Gly,Arg,glycine,arginine,-,Moderate,-,-,2%,-,,,,,
3947,14959,c.838G>C,3,Point,Missense,No,-,-,-,Gly > Arg,838,-,280,234,Serine Protease,Exon 7,p.Gly280Arg,30153,Gly,Arg,glycine,arginine,-,Severe,-,-,0%,-,,,,,
3948,13167,c.839G>T,4,Point,Missense,-,-,-,-,Gly > Val,839,-,280,234,Serine Protease,Exon 8,p.Gly280Val,30822,Gly,Val,glycine,valine,-,Severe,-,-,<1,-,,,,,
3948,13168,c.839G>T,4,Point,Missense,-,-,-,-,Gly > Val,839,-,280,234,Serine Protease,Exon 8,p.Gly280Val,30822,Gly,Val,glycine,valine,-,Moderate,-,-,2%,-,,,,,
3948,13169,c.839G>T,4,Point,Missense,-,-,-,-,Gly > Val,839,-,280,234,Serine Protease,Exon 8,p.Gly280Val,30822,Gly,Val,glycine,valine,-,Severe,-,-,<1,<1,,,,,
3948,15635,c.839G>T,4,Point,Missense,No,-,-,-,Gly > Val,839,-,280,234,Serine Protease,Exon 8,p.Gly280Val,30822,Gly,Val,glycine,valine,-,Severe,-,-,<1,-,,,,,
3949,13170,c.839G>A,2,Point,Missense,-,-,-,-,Gly > Asp,839,-,280,234,Serine Protease,Exon 8,p.Gly280Asp,30822,Gly,Asp,glycine,aspartic acid,-,Severe,-,-,-,-,,,,,
3949,15191,c.839G>A,2,Point,Missense,No,-,-,-,Gly > Asp,839,-,280,234,Serine Protease,Exon 8,p.Gly280Asp,30822,Gly,Asp,glycine,aspartic acid,-,Moderate,-,-,-,-,,,,,
3950,13171,c.844T>A,1,Point,Missense,-,-,-,-,His > Gln,844,-,282,236,Serine Protease,Exon 8,p.His282Gln,30829,His,Gln,histidine,glutamine,-,Severe,-,-,<1,-,,,,,
3951,13172,c.845A>G,3,Point,Missense,-,-,-,-,His > Arg,845,-,282,236,Serine Protease,Exon 8,p.His282Arg,30828,His,Arg,histidine,arginine,-,Mild,-,-,32%,-,,,,,
3951,15636,c.845A>G,3,Point,Missense,No,-,-,-,His > Arg,845,-,282,236,Serine Protease,Exon 8,p.His282Arg,30828,His,Arg,histidine,arginine,-,Mild,-,-,45%,-,,,,,
3951,15637,c.845A>G,3,Point,Missense,-,-,-,-,His > Arg,845,-,282,236,Serine Protease,Exon 8,p.His282Arg,30828,His,Arg,histidine,arginine,-,Mild,-,-,40%,-,,,,,
3952,13174,c.851T>A,1,Point,Missense,-,-,-,-,Ile > Asn,851,-,284,238,Serine Protease,Exon 8,p.Ile284Asn,30834,Ile,Asn,isoleucine,asparagine,-,Mild,-,-,20%,-,,,,,
3953,13175,c.862delG,1,Deletion,Frameshift,-,-,-,Frameshift,Glu288fs,862,-,288,242,Serine Protease,Exon 8,p.(Glu288Asnfs*9),30845,Glu288fs,-,glutamic acid,-,-,Severe,-,-,<1,22%,,,,,
3954,13176,c.862G>T,2,Point,Nonsense,-,-,-,Type I,Glu288*,862,-,288,242,Serine Protease,Exon 8,p.(Glu288*),30845,Glu288*,-,glutamic acid,-,-,Severe,-,-,<1,<1,,,,,
3954,13177,c.862G>T,2,Point,Nonsense,-,-,-,Type I,Glu288*,862,-,288,242,Serine Protease,Exon 8,p.(Glu288*),30845,Glu288*,-,glutamic acid,-,-,-,-,-,-,-,,,,,
3955,13178,c.865C>T,1,Point,Missense,-,-,-,Type II,His289Tyr,865,-,289,243,Serine Protease,Exon 8,p.His289Tyr289-,30848,His289Tyr,-,histidine,tyrosine,-,Severe,-,-,<1,75%,,,,,
3956,13179,c.869delC,3,Deletion,Frameshift,-,-,-,Frameshift,Thr290fs,869,-,290,244,Serine Protease,Exon 8,p.(Thr290Lysfs*7),30852,Thr290fs,-,threonine,-,-,Moderate,-,-,1%,-,,,,,
3956,13180,c.869delC,3,Deletion,Frameshift,-,-,-,Frameshift,Thr290fs,869,-,290,244,Serine Protease,Exon 8,p.(Thr290Lysfs*7),30852,Thr290fs,-,threonine,-,-,Severe,-,-,-,-,,,,,
3956,14960,c.869delC,3,Deletion,Frameshift,No,-,-,Frameshift,Thr290fs,869,-,290,244,Serine Protease,Exon 8,p.(Thr290Lysfs*7),30852,Thr290fs,-,threonine,-,-,Severe,-,-,0%,-,,,,,
3957,13181,c.870dupA,1,Duplication,Frameshift,-,-,-,-,Glu dup,870,-,291,245,Serine Protease,Exon 8,p.(Glu291Argfs*21),30853,Glu dup,-,glutamic acid,-,-,Severe,-,-,<1,-,,,,,
3958,13182,c.871G>A,4,Point,Missense,-,-,-,-,Glu > Lys,871,-,291,245,Serine Protease,Exon 8,p.Glu291Lys,30854,Glu,Lys,glutamic acid,lysine,-,-,-,-,-,-,,,,,
3958,13183,c.871G>A,4,Point,Missense,-,-,-,-,Glu > Lys,871,-,291,245,Serine Protease,Exon 8,p.Glu291Lys,30854,Glu,Lys,glutamic acid,lysine,-,Severe,-,-,<1,-,,,,,
3958,13184,c.871G>A,4,Point,Missense,-,-,-,-,Glu > Lys,871,-,291,245,Serine Protease,Exon 8,p.Glu291Lys,30854,Glu,Lys,glutamic acid,lysine,-,-,-,-,-,-,,,,,
3958,13185,c.871G>A,4,Point,Missense,-,-,-,-,Glu > Lys,871,-,291,245,Serine Protease,Exon 8,p.Glu291Lys,30854,Glu,Lys,glutamic acid,lysine,-,Moderate,-,-,2%,74%,,,,,
3959,13186,c.871G>T,1,Point,Nonsense,-,-,-,-,Glu > *,871,-,291,245,Serine Protease,Exon 8,p.(Glu291*),30854,Glu,*,glutamic acid,-,-,-,-,-,-,-,,,,,
3960,13187,c.872A>G,3,Point,Missense,-,-,-,-,Glu > Gly,872,-,291,245,Serine Protease,Exon 8,p.Glu291Gly,30855,Glu,Gly,glutamic acid,glycine,-,Mild,-,-,12%,-,,,,,
3960,13188,c.872A>G,3,Point,Missense,-,-,-,-,Glu > Gly,872,-,291,245,Serine Protease,Exon 8,p.Glu291Gly,30855,Glu,Gly,glutamic acid,glycine,-,Moderate,-,-,3%,110%,,,,,
3960,14961,c.872A>G,3,Point,Missense,No,-,-,-,Glu > Gly,872,-,291,245,Serine Protease,Exon 8,p.Glu291Gly,30855,Glu,Gly,glutamic acid,glycine,-,Moderate,-,-,4.20%,-,,,,,
3961,13189,c.872A>T,1,Point,Missense,-,-,-,-,Glu > Val,872,-,291,245,Serine Protease,Exon 8,p.Glu291Val,30855,Glu,Val,glutamic acid,valine,-,Moderate,-,-,3%,39%,,,,,
3962,13190,c.873G>T,1,Point,Missense,-,-,-,-,Glu > Asp,873,-,291,245,Serine Protease,Exon 8,p.Glu291Asp,30856,Glu,Asp,glutamic acid,aspartic acid,-,Mild,-,-,6%,-,,,,,
3963,13191,c.874delC,1,Deletion,Frameshift,-,-,-,Frameshift,Gln292fs,874,-,292,246,Serine Protease,Exon 8,p.(Gln292Lysfs*5),30857,Gln292fs,-,glutamine,-,-,Severe,-,-,<1,3%,,,,,
3964,13192,c.874C>A,2,Point,Missense,-,-,-,-,Gln > Lys,874,-,292,246,Serine Protease,Exon 8,p.Gln292Lys,30857,Gln,Lys,glutamine,lysine,-,Severe,-,-,<1,-,,,,,
3964,15638,c.874C>A,2,Point,Missense,No,-,-,-,Gln > Lys,874,-,292,246,Serine Protease,Exon 8,p.Gln292Lys,30857,Gln,Lys,glutamine,lysine,-,Severe,-,-,<1,-,,,,,
3965,13193,c.880C>T,92,Point,Nonsense,Yes,-,-,Inhibitor,Arg > *,880,-,294,248,Serine Protease,Exon 8,p.(Arg294*),30863,Arg,*,arginine,-,-,Severe,-,-,<1,<0.1,,,,,
3965,13195,c.880C>T,92,Point,Nonsense,-,-,-,Inhibitor,Arg > *,880,-,294,248,Serine Protease,Exon 8,p.(Arg294*),30863,Arg,*,arginine,-,-,Severe,-,-,<1,4%,,,,,
3965,13196,c.880C>T,92,Point,Nonsense,-,-,-,Inhibitor,Arg > *,880,-,294,248,Serine Protease,Exon 8,p.(Arg294*),30863,Arg,*,arginine,-,-,Moderate,-,-,4%,-,,,,,
3965,13197,c.880C>T,92,Point,Nonsense,-,-,-,Inhibitor,Arg > *,880,-,294,248,Serine Protease,Exon 8,p.(Arg294*),30863,Arg,*,arginine,-,-,Severe,-,-,<1,-,,,,,
3965,13198,c.880C>T,92,Point,Nonsense,-,-,-,Inhibitor,Arg > *,880,-,294,248,Serine Protease,Exon 8,p.(Arg294*),30863,Arg,*,arginine,-,-,Severe,-,-,<1,<1,,,,,
3965,13199,c.880C>T,92,Point,Nonsense,-,-,-,Inhibitor,Arg > *,880,-,294,248,Serine Protease,Exon 8,p.(Arg294*),30863,Arg,*,arginine,-,-,Severe,-,-,<1,<1,,,,,
3965,13200,c.880C>T,92,Point,Nonsense,-,-,-,Inhibitor,Arg > *,880,-,294,248,Serine Protease,Exon 8,p.(Arg294*),30863,Arg,*,arginine,-,-,Severe,-,-,<1,<1,,,,,
3965,13201,c.880C>T,92,Point,Nonsense,-,-,-,Inhibitor,Arg > *,880,-,294,248,Serine Protease,Exon 8,p.(Arg294*),30863,Arg,*,arginine,-,-,Severe,-,-,<1,<1,,,,,
3965,13202,c.880C>T,92,Point,Nonsense,-,-,-,Inhibitor,Arg > *,880,-,294,248,Serine Protease,Exon 8,p.(Arg294*),30863,Arg,*,arginine,-,-,Severe,-,-,<1,<1,,,,,
3965,13203,c.880C>T,92,Point,Nonsense,-,-,-,Inhibitor,Arg > *,880,-,294,248,Serine Protease,Exon 8,p.(Arg294*),30863,Arg,*,arginine,-,-,Severe,-,-,-,-,,,,,
3965,13204,c.880C>T,92,Point,Nonsense,-,-,-,Inhibitor,Arg > *,880,-,294,248,Serine Protease,Exon 8,p.(Arg294*),30863,Arg,*,arginine,-,-,Severe,-,-,<1,<1,,,,,
3965,13205,c.880C>T,92,Point,Nonsense,-,-,-,Inhibitor,Arg > *,880,-,294,248,Serine Protease,Exon 8,p.(Arg294*),30863,Arg,*,arginine,-,-,Severe,-,-,<1,-,,,,,
3965,13206,c.880C>T,92,Point,Nonsense,-,-,-,Inhibitor,Arg > *,880,-,294,248,Serine Protease,Exon 8,p.(Arg294*),30863,Arg,*,arginine,-,-,Severe,-,-,<1,-,,,,,
3965,13207,c.880C>T,92,Point,Nonsense,-,-,-,Inhibitor,Arg > *,880,-,294,248,Serine Protease,Exon 8,p.(Arg294*),30863,Arg,*,arginine,-,-,-,-,-,-,-,,,,,
3965,13208,c.880C>T,92,Point,Nonsense,-,-,-,Inhibitor,Arg > *,880,-,294,248,Serine Protease,Exon 8,p.(Arg294*),30863,Arg,*,arginine,-,-,Severe,-,-,<1,<1,,,,,
3965,13209,c.880C>T,92,Point,Nonsense,-,-,-,Inhibitor,Arg > *,880,-,294,248,Serine Protease,Exon 8,p.(Arg294*),30863,Arg,*,arginine,-,-,Severe,-,-,<1,-,,,,,
3965,13210,c.880C>T,92,Point,Nonsense,Yes,-,-,Inhibitor,Arg > *,880,-,294,248,Serine Protease,Exon 8,p.(Arg294*),30863,Arg,*,arginine,-,-,Severe,-,-,<1,<1,,,,,
3965,13211,c.880C>T,92,Point,Nonsense,-,-,-,Inhibitor,Arg > *,880,-,294,248,Serine Protease,Exon 8,p.(Arg294*),30863,Arg,*,arginine,-,-,Severe,-,-,<1,<1,,,,,
3965,13212,c.880C>T,92,Point,Nonsense,-,-,-,Inhibitor,Arg > *,880,-,294,248,Serine Protease,Exon 8,p.(Arg294*),30863,Arg,*,arginine,-,-,-,-,-,-,-,,,,,
3965,13213,c.880C>T,92,Point,Nonsense,-,-,-,Inhibitor,Arg > *,880,-,294,248,Serine Protease,Exon 8,p.(Arg294*),30863,Arg,*,arginine,-,-,Severe,-,-,<1,-,,,,,
3965,13214,c.880C>T,92,Point,Nonsense,-,-,-,Inhibitor,Arg > *,880,-,294,248,Serine Protease,Exon 8,p.(Arg294*),30863,Arg,*,arginine,-,-,Severe,-,-,<1,<1,,,,,
3965,13215,c.880C>T,92,Point,Nonsense,-,-,-,Inhibitor,Arg > *,880,-,294,248,Serine Protease,Exon 8,p.(Arg294*),30863,Arg,*,arginine,-,-,Moderate,-,-,2%,<1,,,,,
3965,13216,c.880C>T,92,Point,Nonsense,-,-,-,Inhibitor,Arg > *,880,-,294,248,Serine Protease,Exon 8,p.(Arg294*),30863,Arg,*,arginine,-,-,Severe,-,-,<1,1%,,,,,
3965,13217,c.880C>T,92,Point,Nonsense,-,-,-,Inhibitor,Arg > *,880,-,294,248,Serine Protease,Exon 8,p.(Arg294*),30863,Arg,*,arginine,-,-,Moderate,-,-,3%,1.10%,,,,,
3965,13218,c.880C>T,92,Point,Nonsense,-,-,-,Inhibitor,Arg > *,880,-,294,248,Serine Protease,Exon 8,p.(Arg294*),30863,Arg,*,arginine,-,-,Severe,-,-,-,-,,,,,
3965,13219,c.880C>T,92,Point,Nonsense,Yes,-,-,Inhibitor,Arg > *,880,-,294,248,Serine Protease,Exon 8,p.(Arg294*),30863,Arg,*,arginine,-,-,Severe,-,-,-,-,,,,,
3965,13220,c.880C>T,92,Point,Nonsense,-,-,-,Inhibitor,Arg > *,880,-,294,248,Serine Protease,Exon 8,p.(Arg294*),30863,Arg,*,arginine,-,-,-,-,-,-,-,,,,,
3965,13221,c.880C>T,92,Point,Nonsense,-,-,-,Inhibitor,Arg > *,880,-,294,248,Serine Protease,Exon 8,p.(Arg294*),30863,Arg,*,arginine,-,-,Severe,-,-,<1,-,,,,,
3965,13222,c.880C>T,92,Point,Nonsense,-,-,-,Inhibitor,Arg > *,880,-,294,248,Serine Protease,Exon 8,p.(Arg294*),30863,Arg,*,arginine,-,-,Severe,-,-,<1,-,,,,,
3965,13223,c.880C>T,92,Point,Nonsense,-,-,-,Inhibitor,Arg > *,880,-,294,248,Serine Protease,Exon 8,p.(Arg294*),30863,Arg,*,arginine,-,-,Severe,-,-,<1,-,,,,,
3965,13224,c.880C>T,92,Point,Nonsense,-,-,-,Inhibitor,Arg > *,880,-,294,248,Serine Protease,Exon 8,p.(Arg294*),30863,Arg,*,arginine,-,-,Severe,-,-,<1,-,,,,,
3965,13225,c.880C>T,92,Point,Nonsense,-,-,-,Inhibitor,Arg > *,880,-,294,248,Serine Protease,Exon 8,p.(Arg294*),30863,Arg,*,arginine,-,-,Moderate,-,-,1%,-,,,,,
3965,13226,c.880C>T,92,Point,Nonsense,-,-,-,Inhibitor,Arg > *,880,-,294,248,Serine Protease,Exon 8,p.(Arg294*),30863,Arg,*,arginine,-,-,Moderate,-,-,2%,-,,,,,
3965,13227,c.880C>T,92,Point,Nonsense,-,-,-,Inhibitor,Arg > *,880,-,294,248,Serine Protease,Exon 8,p.(Arg294*),30863,Arg,*,arginine,-,-,-,-,-,-,-,,,,,
3965,13228,c.880C>T,92,Point,Nonsense,-,-,-,Inhibitor,Arg > *,880,-,294,248,Serine Protease,Exon 8,p.(Arg294*),30863,Arg,*,arginine,-,-,Severe,-,-,<1,<1,,,,,
3965,13229,c.880C>T,92,Point,Nonsense,-,-,-,Inhibitor,Arg > *,880,-,294,248,Serine Protease,Exon 8,p.(Arg294*),30863,Arg,*,arginine,-,-,Severe,-,-,<1,-,,,,,
3965,13230,c.880C>T,92,Point,Nonsense,-,-,-,Inhibitor,Arg > *,880,-,294,248,Serine Protease,Exon 8,p.(Arg294*),30863,Arg,*,arginine,-,-,Severe,-,-,<1,-,,,,,
3965,13231,c.880C>T,92,Point,Nonsense,-,-,-,Inhibitor,Arg > *,880,-,294,248,Serine Protease,Exon 8,p.(Arg294*),30863,Arg,*,arginine,-,-,Severe,-,-,<1,-,,,,,
3965,13232,c.880C>T,92,Point,Nonsense,-,-,-,Inhibitor,Arg > *,880,-,294,248,Serine Protease,Exon 8,p.(Arg294*),30863,Arg,*,arginine,-,-,Severe,-,-,<1,<10,,,,,
3965,13233,c.880C>T,92,Point,Nonsense,-,-,-,Inhibitor,Arg > *,880,-,294,248,Serine Protease,Exon 8,p.(Arg294*),30863,Arg,*,arginine,-,-,-,-,-,-,-,,,,,
3965,13234,c.880C>T,92,Point,Nonsense,No,-,-,Inhibitor,Arg > *,880,-,294,248,Serine Protease,Exon 8,p.(Arg294*),30863,Arg,*,arginine,-,-,Severe,-,-,<1,<1,,,,,
3965,13235,c.880C>T,92,Point,Nonsense,No,-,-,Inhibitor,Arg > *,880,-,294,248,Serine Protease,Exon 8,p.(Arg294*),30863,Arg,*,arginine,-,-,Severe,-,-,<1,9%,,,,,
3965,13236,c.880C>T,92,Point,Nonsense,Yes,-,-,Inhibitor,Arg > *,880,-,294,248,Serine Protease,Exon 8,p.(Arg294*),30863,Arg,*,arginine,-,-,Severe,-,-,<1,<10,,,,,
3965,13237,c.880C>T,92,Point,Nonsense,-,-,-,Inhibitor,Arg > *,880,-,294,248,Serine Protease,Exon 8,p.(Arg294*),30863,Arg,*,arginine,-,-,Moderate,-,-,1.60%,-,,,,,
3965,13238,c.880C>T,92,Point,Nonsense,-,-,-,Inhibitor,Arg > *,880,-,294,248,Serine Protease,Exon 8,p.(Arg294*),30863,Arg,*,arginine,-,-,Severe,-,-,<1,-,,,,,
3965,13239,c.880C>T,92,Point,Nonsense,Yes,-,-,Inhibitor,Arg > *,880,-,294,248,Serine Protease,Exon 8,p.(Arg294*),30863,Arg,*,arginine,-,-,Severe,-,-,<1,-,,,,,
3965,13241,c.880C>T,92,Point,Nonsense,-,-,-,Inhibitor,Arg > *,880,-,294,248,Serine Protease,Exon 8,p.(Arg294*),30863,Arg,*,arginine,-,-,Severe,-,-,<1,-,,,,,
3965,13242,c.880C>T,92,Point,Nonsense,-,-,-,Inhibitor,Arg > *,880,-,294,248,Serine Protease,Exon 8,p.(Arg294*),30863,Arg,*,arginine,-,-,Severe,-,-,<1,-,,,,,
3965,13243,c.880C>T,92,Point,Nonsense,-,-,-,Inhibitor,Arg > *,880,-,294,248,Serine Protease,Exon 8,p.(Arg294*),30863,Arg,*,arginine,-,-,Moderate,-,-,1.30%,-,,,,,
3965,13244,c.880C>T,92,Point,Nonsense,-,-,-,Inhibitor,Arg > *,880,-,294,248,Serine Protease,Exon 8,p.(Arg294*),30863,Arg,*,arginine,-,-,Severe,-,-,<1,-,,,,,
3965,13245,c.880C>T,92,Point,Nonsense,-,-,-,Inhibitor,Arg > *,880,-,294,248,Serine Protease,Exon 8,p.(Arg294*),30863,Arg,*,arginine,-,-,Severe,-,-,<1,-,,,,,
3965,13246,c.880C>T,92,Point,Nonsense,-,-,-,Inhibitor,Arg > *,880,-,294,248,Serine Protease,Exon 8,p.(Arg294*),30863,Arg,*,arginine,-,-,Severe,-,-,<1,-,,,,,
3965,13247,c.880C>T,92,Point,Nonsense,-,-,-,Inhibitor,Arg > *,880,-,294,248,Serine Protease,Exon 8,p.(Arg294*),30863,Arg,*,arginine,-,-,-,-,-,-,-,,,,,
3965,13248,c.880C>T,92,Point,Nonsense,-,-,-,Inhibitor,Arg > *,880,-,294,248,Serine Protease,Exon 8,p.(Arg294*),30863,Arg,*,arginine,-,-,-,-,-,-,-,,,,,
3965,13249,c.880C>T,92,Point,Nonsense,-,-,-,Inhibitor,Arg > *,880,-,294,248,Serine Protease,Exon 8,p.(Arg294*),30863,Arg,*,arginine,-,-,Moderate,-,-,2.90%,-,,,,,
3965,13250,c.880C>T,92,Point,Nonsense,-,-,-,Inhibitor,Arg > *,880,-,294,248,Serine Protease,Exon 8,p.(Arg294*),30863,Arg,*,arginine,-,-,Severe,-,-,-,-,,,,,
3965,13252,c.880C>T,92,Point,Nonsense,-,-,-,Inhibitor,Arg > *,880,-,294,248,Serine Protease,Exon 8,p.(Arg294*),30863,Arg,*,arginine,-,-,Severe,-,-,<1,<1,,,,,
3965,14976,c.880C>T,92,Point,Nonsense,-,-,-,Inhibitor,Arg > *,880,-,294,248,Serine Protease,Exon 8,p.(Arg294*),30863,Arg,*,arginine,-,-,Severe,-,-,-,-,,,,,
3965,14977,c.880C>T,92,Point,Nonsense,-,-,-,Inhibitor,Arg > *,880,-,294,248,Serine Protease,Exon 8,p.(Arg294*),30863,Arg,*,arginine,-,-,Severe,-,-,<1,<1,,,,,
3965,14978,c.880C>T,92,Point,Nonsense,No,-,-,Inhibitor,Arg > *,880,-,294,248,Serine Protease,Exon 8,p.(Arg294*),30863,Arg,*,arginine,-,-,Severe,-,-,0%,-,,,,,
3965,14979,c.880C>T,92,Point,Nonsense,No,-,-,Inhibitor,Arg > *,880,-,294,248,Serine Protease,Exon 8,p.(Arg294*),30863,Arg,*,arginine,-,-,Severe,-,-,-,-,,,,,
3965,14982,c.880C>T,92,Point,Nonsense,No,-,-,Inhibitor,Arg > *,880,-,294,248,Serine Protease,Exon 8,p.(Arg294*),30863,Arg,*,arginine,-,-,Severe,-,-,<1,-,,,,,
3965,15112,c.880C>T,92,Point,Nonsense,No,-,-,Inhibitor,Arg > *,880,-,294,248,Serine Protease,Exon 8,p.(Arg294*),30863,Arg,*,arginine,-,-,Moderate,-,-,-,-,,,,,
3965,15148,c.880C>T,92,Point,Nonsense,No,-,-,Inhibitor,Arg > *,880,-,294,248,Serine Protease,Exon 8,p.(Arg294*),30863,Arg,*,arginine,-,-,Moderate,-,-,-,-,,,,,
3965,15149,c.880C>T,92,Point,Nonsense,No,-,-,Inhibitor,Arg > *,880,-,294,248,Serine Protease,Exon 8,p.(Arg294*),30863,Arg,*,arginine,-,-,Moderate,-,-,-,-,,,,,
3965,15216,c.880C>T,92,Point,Nonsense,No,-,-,Inhibitor,Arg > *,880,-,294,248,Serine Protease,Exon 8,p.(Arg294*),30863,Arg,*,arginine,-,-,Severe,-,-,-,-,,,,,
3965,15217,c.880C>T,92,Point,Nonsense,No,-,-,Inhibitor,Arg > *,880,-,294,248,Serine Protease,Exon 8,p.(Arg294*),30863,Arg,*,arginine,-,-,Moderate,-,-,-,-,,,,,
3965,15252,c.880C>T,92,Point,Nonsense,-,-,-,Inhibitor,Arg > *,880,-,294,248,Serine Protease,Exon 8,p.(Arg294*),30863,Arg,*,arginine,-,-,-,-,-,-,-,,,,,
3965,15262,c.880C>T,92,Point,Nonsense,-,-,-,Inhibitor,Arg > *,880,-,294,248,Serine Protease,Exon 8,p.(Arg294*),30863,Arg,*,arginine,-,-,Severe,-,-,<1,<1,,,,,
3965,15263,c.880C>T,92,Point,Nonsense,-,-,-,Inhibitor,Arg > *,880,-,294,248,Serine Protease,Exon 8,p.(Arg294*),30863,Arg,*,arginine,-,-,Severe,-,-,<1,<1,,,,,
3965,15270,c.880C>T,92,Point,Nonsense,-,-,-,Inhibitor,Arg > *,880,-,294,248,Serine Protease,Exon 8,p.(Arg294*),30863,Arg,*,arginine,-,-,Severe,-,-,<1,-,,,,,
3965,16108,c.880C>T,92,Point,Nonsense,-,-,-,Inhibitor,Arg > *,880,-,294,248,Serine Protease,Exon 8,p.(Arg294*),30863,Arg,*,arginine,-,-,Severe,-,-,<1,-,,,,,
3965,16109,c.880C>T,92,Point,Nonsense,Yes,-,-,Inhibitor,Arg > *,880,-,294,248,Serine Protease,Exon 8,p.(Arg294*),30863,Arg,*,arginine,-,-,Severe,-,-,<1,-,,,,,
3965,16110,c.880C>T,92,Point,Nonsense,No,-,-,Inhibitor,Arg > *,880,-,294,248,Serine Protease,Exon 8,p.(Arg294*),30863,Arg,*,arginine,-,-,Severe,-,-,<1,-,,,,,
3965,16111,c.880C>T,92,Point,Nonsense,No,-,-,Inhibitor,Arg > *,880,-,294,248,Serine Protease,Exon 8,p.(Arg294*),30863,Arg,*,arginine,-,-,Severe,-,-,<1,-,,,,,
3965,16112,c.880C>T,92,Point,Nonsense,No,-,-,Inhibitor,Arg > *,880,-,294,248,Serine Protease,Exon 8,p.(Arg294*),30863,Arg,*,arginine,-,-,Severe,-,-,<1,-,,,,,
3965,16113,c.880C>T,92,Point,Nonsense,Yes,-,-,Inhibitor,Arg > *,880,-,294,248,Serine Protease,Exon 8,p.(Arg294*),30863,Arg,*,arginine,-,-,Severe,-,-,<1,-,,,,,
3965,16114,c.880C>T,92,Point,Nonsense,No,-,-,Inhibitor,Arg > *,880,-,294,248,Serine Protease,Exon 8,p.(Arg294*),30863,Arg,*,arginine,-,-,Severe,-,-,<1,-,,,,,
3965,16115,c.880C>T,92,Point,Nonsense,No,-,-,Inhibitor,Arg > *,880,-,294,248,Serine Protease,Exon 8,p.(Arg294*),30863,Arg,*,arginine,-,-,Severe,-,-,<1,-,,,,,
3965,16116,c.880C>T,92,Point,Nonsense,No,-,-,Inhibitor,Arg > *,880,-,294,248,Serine Protease,Exon 8,p.(Arg294*),30863,Arg,*,arginine,-,-,Severe,-,-,<1,-,,,,,
3965,16117,c.880C>T,92,Point,Nonsense,No,-,-,Inhibitor,Arg > *,880,-,294,248,Serine Protease,Exon 8,p.(Arg294*),30863,Arg,*,arginine,-,-,Moderate,-,-,1%,-,,,,,
3965,16118,c.880C>T,92,Point,Nonsense,No,-,-,Inhibitor,Arg > *,880,-,294,248,Serine Protease,Exon 8,p.(Arg294*),30863,Arg,*,arginine,-,-,Severe,-,-,<1,-,,,,,
3965,16119,c.880C>T,92,Point,Nonsense,No,-,-,Inhibitor,Arg > *,880,-,294,248,Serine Protease,Exon 8,p.(Arg294*),30863,Arg,*,arginine,-,-,Severe,-,-,<1,-,,,,,
3965,16120,c.880C>T,92,Point,Nonsense,No,-,-,Inhibitor,Arg > *,880,-,294,248,Serine Protease,Exon 8,p.(Arg294*),30863,Arg,*,arginine,-,-,Severe,-,-,<1,-,,,,,
3965,16121,c.880C>T,92,Point,Nonsense,No,-,-,Inhibitor,Arg > *,880,-,294,248,Serine Protease,Exon 8,p.(Arg294*),30863,Arg,*,arginine,-,-,Severe,-,-,<1,-,,,,,
3965,16122,c.880C>T,92,Point,Nonsense,-,-,-,Inhibitor,Arg > *,880,-,294,248,Serine Protease,Exon 8,p.(Arg294*),30863,Arg,*,arginine,-,-,Severe,-,-,<1,-,,,,,
3965,16123,c.880C>T,92,Point,Nonsense,No,-,-,Inhibitor,Arg > *,880,-,294,248,Serine Protease,Exon 8,p.(Arg294*),30863,Arg,*,arginine,-,-,Severe,-,-,<1,-,,,,,
3965,16124,c.880C>T,92,Point,Nonsense,No,-,-,Inhibitor,Arg > *,880,-,294,248,Serine Protease,Exon 8,p.(Arg294*),30863,Arg,*,arginine,-,-,Severe,-,-,<1,-,,,,,
3965,16125,c.880C>T,92,Point,Nonsense,No,-,-,Inhibitor,Arg > *,880,-,294,248,Serine Protease,Exon 8,p.(Arg294*),30863,Arg,*,arginine,-,-,Severe,-,-,<1,-,,,,,
3965,16126,c.880C>T,92,Point,Nonsense,No,-,-,Inhibitor,Arg > *,880,-,294,248,Serine Protease,Exon 8,p.(Arg294*),30863,Arg,*,arginine,-,-,Severe,-,-,<1,-,,,,,
3965,16127,c.880C>T,92,Point,Nonsense,Yes,-,-,Inhibitor,Arg > *,880,-,294,248,Serine Protease,Exon 8,p.(Arg294*),30863,Arg,*,arginine,-,-,Severe,-,-,<1,-,,,,,
3965,16128,c.880C>T,92,Point,Nonsense,No,-,-,Inhibitor,Arg > *,880,-,294,248,Serine Protease,Exon 8,p.(Arg294*),30863,Arg,*,arginine,-,-,Severe,-,-,<1,-,,,,,
3966,13251,c.880C>G,1,Point,Missense,-,-,-,-,Arg > Gly,880,-,294,248,Serine Protease,Exon 8,p.Arg294Gly,30863,Arg,Gly,arginine,glycine,-,Severe,-,-,<1,-,,,,,
3967,13253,c.881G>A,140,Point,Missense,-,-,-,"Double (see 10,512)",Arg > Gln,881,-,294,248,Serine Protease,Exon 8,p.Arg294Gln,30864,Arg,Gln,arginine,glutamine,-,Moderate,-,-,2%,3%,,,,,
3967,13254,c.881G>A,140,Point,Missense,-,-,-,"Double (see 10,512)",Arg > Gln,881,-,294,248,Serine Protease,Exon 8,p.Arg294Gln,30864,Arg,Gln,arginine,glutamine,-,Moderate,-,-,3%,4%,,,,,
3967,13255,c.881G>A,140,Point,Missense,-,-,-,"Double (see 10,512)",Arg > Gln,881,-,294,248,Serine Protease,Exon 8,p.Arg294Gln,30864,Arg,Gln,arginine,glutamine,-,Moderate,-,-,1%,1%,,,,,
3967,13256,c.881G>A,140,Point,Missense,-,-,-,"Double (see 10,512)",Arg > Gln,881,-,294,248,Serine Protease,Exon 8,p.Arg294Gln,30864,Arg,Gln,arginine,glutamine,-,Moderate,-,-,4%,3%,,,,,
3967,13257,c.881G>A,140,Point,Missense,-,-,-,"Double (see 10,512)",Arg > Gln,881,-,294,248,Serine Protease,Exon 8,p.Arg294Gln,30864,Arg,Gln,arginine,glutamine,-,Moderate,-,-,2%,2%,,,,,
3967,13258,c.881G>A,140,Point,Missense,-,-,-,"Double (see 10,512)",Arg > Gln,881,-,294,248,Serine Protease,Exon 8,p.Arg294Gln,30864,Arg,Gln,arginine,glutamine,-,Moderate,-,-,3%,2%,,,,,
3967,13259,c.881G>A,140,Point,Missense,-,-,-,"Double (see 10,512)",Arg > Gln,881,-,294,248,Serine Protease,Exon 8,p.Arg294Gln,30864,Arg,Gln,arginine,glutamine,-,Moderate,-,-,3%,4%,,,,,
3967,13260,c.881G>A,140,Point,Missense,-,-,-,"Double (see 10,512)",Arg > Gln,881,-,294,248,Serine Protease,Exon 8,p.Arg294Gln,30864,Arg,Gln,arginine,glutamine,-,Moderate,-,-,3%,2%,,,,,
3967,13261,c.881G>A,140,Point,Missense,-,-,-,"Double (see 10,512)",Arg > Gln,881,-,294,248,Serine Protease,Exon 8,p.Arg294Gln,30864,Arg,Gln,arginine,glutamine,-,Severe,-,-,<1,-,,,,,
3967,13262,c.881G>A,140,Point,Missense,-,-,-,"Double (see 10,512)",Arg > Gln,881,-,294,248,Serine Protease,Exon 8,p.Arg294Gln,30864,Arg,Gln,arginine,glutamine,-,Moderate,-,-,3%,-,,,,,
3967,13263,c.881G>A,140,Point,Missense,-,-,-,"Double (see 10,512)",Arg > Gln,881,-,294,248,Serine Protease,Exon 8,p.Arg294Gln,30864,Arg,Gln,arginine,glutamine,-,-,-,-,-,-,,,,,
3967,13264,c.881G>A,140,Point,Missense,No,-,-,"Double (see 10,512)",Arg > Gln,881,-,294,248,Serine Protease,Exon 8,p.Arg294Gln,30864,Arg,Gln,arginine,glutamine,-,Severe,-,-,<1,<1,,,,,
3967,13265,c.881G>A,140,Point,Missense,-,-,-,"Double (see 10,512)",Arg > Gln,881,-,294,248,Serine Protease,Exon 8,p.Arg294Gln,30864,Arg,Gln,arginine,glutamine,-,Moderate,-,-,3%,<10,,,,,
3967,13266,c.881G>A,140,Point,Missense,-,-,-,"Double (see 10,512)",Arg > Gln,881,-,294,248,Serine Protease,Exon 8,p.Arg294Gln,30864,Arg,Gln,arginine,glutamine,-,Mild,-,-,6%,9%,,,,,
3967,13267,c.881G>A,140,Point,Missense,-,-,-,"Double (see 10,512)",Arg > Gln,881,-,294,248,Serine Protease,Exon 8,p.Arg294Gln,30864,Arg,Gln,arginine,glutamine,-,Mild,-,-,6%,3%,,,,,
3967,13268,c.881G>A,140,Point,Missense,-,-,-,"Double (see 10,512)",Arg > Gln,881,-,294,248,Serine Protease,Exon 8,p.Arg294Gln,30864,Arg,Gln,arginine,glutamine,-,Moderate,-,-,4%,-,,,,,
3967,13269,c.881G>A,140,Point,Missense,-,-,-,"Double (see 10,512)",Arg > Gln,881,-,294,248,Serine Protease,Exon 8,p.Arg294Gln,30864,Arg,Gln,arginine,glutamine,-,Severe,-,-,0.20%,-,,,,,
3967,13270,c.881G>A,140,Point,Missense,-,-,-,"Double (see 10,512)",Arg > Gln,881,-,294,248,Serine Protease,Exon 8,p.Arg294Gln,30864,Arg,Gln,arginine,glutamine,-,Mild,-,-,15%,-,,,,,
3967,13271,c.881G>A,140,Point,Missense,-,-,-,"Double (see 10,512)",Arg > Gln,881,-,294,248,Serine Protease,Exon 8,p.Arg294Gln,30864,Arg,Gln,arginine,glutamine,-,Moderate,-,-,3%,3%,,,,,
3967,13272,c.881G>A,140,Point,Missense,-,-,-,"Double (see 10,512)",Arg > Gln,881,-,294,248,Serine Protease,Exon 8,p.Arg294Gln,30864,Arg,Gln,arginine,glutamine,-,-,-,-,-,-,,,,,
3967,13273,c.881G>A,140,Point,Missense,-,-,-,"Double (see 10,512)",Arg > Gln,881,-,294,248,Serine Protease,Exon 8,p.Arg294Gln,30864,Arg,Gln,arginine,glutamine,-,Mild,-,-,10%,-,,,,,
3967,13274,c.881G>A,140,Point,Missense,-,-,-,"Double (see 10,512)",Arg > Gln,881,-,294,248,Serine Protease,Exon 8,p.Arg294Gln,30864,Arg,Gln,arginine,glutamine,-,Moderate,-,-,3%,-,,,,,
3967,13275,c.881G>A,140,Point,Missense,-,-,-,"Double (see 10,512)",Arg > Gln,881,-,294,248,Serine Protease,Exon 8,p.Arg294Gln,30864,Arg,Gln,arginine,glutamine,-,Mild,-,-,7%,-,,,,,
3967,13276,c.881G>A,140,Point,Missense,-,-,-,"Double (see 10,512)",Arg > Gln,881,-,294,248,Serine Protease,Exon 8,p.Arg294Gln,30864,Arg,Gln,arginine,glutamine,-,Moderate,-,-,4%,19%,,,,,
3967,13277,c.881G>A,140,Point,Missense,-,-,-,"Double (see 10,512)",Arg > Gln,881,-,294,248,Serine Protease,Exon 8,p.Arg294Gln,30864,Arg,Gln,arginine,glutamine,-,Moderate,-,-,5.50%,-,,,,,
3967,13278,c.881G>A,140,Point,Missense,-,-,-,"Double (see 10,512)",Arg > Gln,881,-,294,248,Serine Protease,Exon 8,p.Arg294Gln,30864,Arg,Gln,arginine,glutamine,-,-,-,-,-,-,,,,,
3967,13279,c.881G>A,140,Point,Missense,-,-,-,"Double (see 10,512)",Arg > Gln,881,-,294,248,Serine Protease,Exon 8,p.Arg294Gln,30864,Arg,Gln,arginine,glutamine,-,Moderate,-,-,-,-,,,,,
3967,13280,c.881G>A,140,Point,Missense,-,-,-,"Double (see 10,512)",Arg > Gln,881,-,294,248,Serine Protease,Exon 8,p.Arg294Gln,30864,Arg,Gln,arginine,glutamine,-,Moderate,-,-,2%,1.70%,,,,,
3967,13281,c.881G>A,140,Point,Missense,-,-,-,"Double (see 10,512)",Arg > Gln,881,-,294,248,Serine Protease,Exon 8,p.Arg294Gln,30864,Arg,Gln,arginine,glutamine,-,Mild,-,-,6%,<6,,,,,
3967,13282,c.881G>A,140,Point,Missense,-,-,-,"Double (see 10,512)",Arg > Gln,881,-,294,248,Serine Protease,Exon 8,p.Arg294Gln,30864,Arg,Gln,arginine,glutamine,-,Moderate,-,-,5%,1.70%,,,,,
3967,13283,c.881G>A,140,Point,Missense,-,-,-,"Double (see 10,512)",Arg > Gln,881,-,294,248,Serine Protease,Exon 8,p.Arg294Gln,30864,Arg,Gln,arginine,glutamine,-,Moderate,-,-,-,-,,,,,
3967,13284,c.881G>A,140,Point,Missense,-,-,-,"Double (see 10,512)",Arg > Gln,881,-,294,248,Serine Protease,Exon 8,p.Arg294Gln,30864,Arg,Gln,arginine,glutamine,-,Moderate,-,-,2%,1.50%,,,,,
3967,13285,c.881G>A,140,Point,Missense,-,-,-,"Double (see 10,512)",Arg > Gln,881,-,294,248,Serine Protease,Exon 8,p.Arg294Gln,30864,Arg,Gln,arginine,glutamine,-,Moderate,-,-,2%,-,,,,,
3967,13286,c.881G>A,140,Point,Missense,-,-,-,"Double (see 10,512)",Arg > Gln,881,-,294,248,Serine Protease,Exon 8,p.Arg294Gln,30864,Arg,Gln,arginine,glutamine,-,Moderate,-,-,2%,-,,,,,
3967,13287,c.881G>A,140,Point,Missense,-,-,-,"Double (see 10,512)",Arg > Gln,881,-,294,248,Serine Protease,Exon 8,p.Arg294Gln,30864,Arg,Gln,arginine,glutamine,-,Moderate,-,-,4%,-,,,,,
3967,13288,c.881G>A,140,Point,Missense,-,-,-,"Double (see 10,512)",Arg > Gln,881,-,294,248,Serine Protease,Exon 8,p.Arg294Gln,30864,Arg,Gln,arginine,glutamine,-,Moderate,-,-,5%,-,,,,,
3967,13289,c.881G>A,140,Point,Missense,-,-,-,"Double (see 10,512)",Arg > Gln,881,-,294,248,Serine Protease,Exon 8,p.Arg294Gln,30864,Arg,Gln,arginine,glutamine,-,Severe,-,-,<1,-,,,,,
3967,13290,c.881G>A,140,Point,Missense,-,-,-,"Double (see 10,512)",Arg > Gln,881,-,294,248,Serine Protease,Exon 8,p.Arg294Gln,30864,Arg,Gln,arginine,glutamine,-,Moderate,-,-,3%,-,,,,,
3967,13291,c.881G>A,140,Point,Missense,-,-,-,"Double (see 10,512)",Arg > Gln,881,-,294,248,Serine Protease,Exon 8,p.Arg294Gln,30864,Arg,Gln,arginine,glutamine,-,-,-,-,-,-,,,,,
3967,13292,c.881G>A,140,Point,Missense,-,-,-,"Double (see 10,512)",Arg > Gln,881,-,294,248,Serine Protease,Exon 8,p.Arg294Gln,30864,Arg,Gln,arginine,glutamine,-,Moderate,-,-,2%,-,,,,,
3967,13293,c.881G>A,140,Point,Missense,-,-,-,"Double (see 10,512)",Arg > Gln,881,-,294,248,Serine Protease,Exon 8,p.Arg294Gln,30864,Arg,Gln,arginine,glutamine,-,Moderate,-,-,3%,-,,,,,
3967,13294,c.881G>A,140,Point,Missense,-,-,-,"Double (see 10,512)",Arg > Gln,881,-,294,248,Serine Protease,Exon 8,p.Arg294Gln,30864,Arg,Gln,arginine,glutamine,-,Moderate,-,-,2%,-,,,,,
3967,13295,c.881G>A,140,Point,Missense,-,-,-,"Double (see 10,512)",Arg > Gln,881,-,294,248,Serine Protease,Exon 8,p.Arg294Gln,30864,Arg,Gln,arginine,glutamine,-,Moderate,-,-,5%,-,,,,,
3967,13296,c.881G>A,140,Point,Missense,-,-,-,"Double (see 10,512)",Arg > Gln,881,-,294,248,Serine Protease,Exon 8,p.Arg294Gln,30864,Arg,Gln,arginine,glutamine,-,Moderate,-,-,1%,-,,,,,
3967,13297,c.881G>A,140,Point,Missense,-,-,-,"Double (see 10,512)",Arg > Gln,881,-,294,248,Serine Protease,Exon 8,p.Arg294Gln,30864,Arg,Gln,arginine,glutamine,-,Moderate,-,-,3%,-,,,,,
3967,13298,c.881G>A,140,Point,Missense,-,-,-,"Double (see 10,512)",Arg > Gln,881,-,294,248,Serine Protease,Exon 8,p.Arg294Gln,30864,Arg,Gln,arginine,glutamine,-,-,-,-,-,-,,,,,
3967,13299,c.881G>A,140,Point,Missense,-,-,-,"Double (see 10,512)",Arg > Gln,881,-,294,248,Serine Protease,Exon 8,p.Arg294Gln,30864,Arg,Gln,arginine,glutamine,-,Mild,-,-,9%,-,,,,,
3967,13300,c.881G>A,140,Point,Missense,-,-,-,"Double (see 10,512)",Arg > Gln,881,-,294,248,Serine Protease,Exon 8,p.Arg294Gln,30864,Arg,Gln,arginine,glutamine,-,Moderate,-,-,1%,-,,,,,
3967,13301,c.881G>A,140,Point,Missense,-,-,-,"Double (see 10,512)",Arg > Gln,881,-,294,248,Serine Protease,Exon 8,p.Arg294Gln,30864,Arg,Gln,arginine,glutamine,-,Moderate,-,-,2%,<6,,,,,
3967,13302,c.881G>A,140,Point,Missense,-,-,-,"Double (see 10,512)",Arg > Gln,881,-,294,248,Serine Protease,Exon 8,p.Arg294Gln,30864,Arg,Gln,arginine,glutamine,-,Moderate,-,-,1%,1%,,,,,
3967,13303,c.881G>A,140,Point,Missense,-,-,-,"Double (see 10,512)",Arg > Gln,881,-,294,248,Serine Protease,Exon 8,p.Arg294Gln,30864,Arg,Gln,arginine,glutamine,-,Severe,-,-,<1,<1,,,,,
3967,13304,c.881G>A,140,Point,Missense,-,-,-,"Double (see 10,512)",Arg > Gln,881,-,294,248,Serine Protease,Exon 8,p.Arg294Gln,30864,Arg,Gln,arginine,glutamine,-,-,-,-,-,-,,,,,
3967,13305,c.881G>A,140,Point,Missense,-,-,-,"Double (see 10,512)",Arg > Gln,881,-,294,248,Serine Protease,Exon 8,p.Arg294Gln,30864,Arg,Gln,arginine,glutamine,-,Mild,-,-,7%,-,,,,,
3967,13306,c.881G>A,140,Point,Missense,-,-,-,"Double (see 10,512)",Arg > Gln,881,-,294,248,Serine Protease,Exon 8,p.Arg294Gln,30864,Arg,Gln,arginine,glutamine,-,Mild,-,-,7%,-,,,,,
3967,13307,c.881G>A,140,Point,Missense,-,-,-,"Double (see 10,512)",Arg > Gln,881,-,294,248,Serine Protease,Exon 8,p.Arg294Gln,30864,Arg,Gln,arginine,glutamine,-,-,-,-,-,-,,,,,
3967,13308,c.881G>A,140,Point,Missense,-,-,-,"Double (see 10,512)",Arg > Gln,881,-,294,248,Serine Protease,Exon 8,p.Arg294Gln,30864,Arg,Gln,arginine,glutamine,-,Severe,-,-,<1,<1,,,,,
3967,13309,c.881G>A,140,Point,Missense,-,-,-,"Double (see 10,512)",Arg > Gln,881,-,294,248,Serine Protease,Exon 8,p.Arg294Gln,30864,Arg,Gln,arginine,glutamine,-,Moderate,-,-,4%,<10,,,,,
3967,13310,c.881G>A,140,Point,Missense,-,-,-,"Double (see 10,512)",Arg > Gln,881,-,294,248,Serine Protease,Exon 8,p.Arg294Gln,30864,Arg,Gln,arginine,glutamine,-,-,-,-,-,-,,,,,
3967,13311,c.881G>A,140,Point,Missense,-,-,-,"Double (see 10,512)",Arg > Gln,881,-,294,248,Serine Protease,Exon 8,p.Arg294Gln,30864,Arg,Gln,arginine,glutamine,-,Moderate,-,-,3%,4%,,,,,
3967,13312,c.881G>A,140,Point,Missense,-,-,-,"Double (see 10,512)",Arg > Gln,881,-,294,248,Serine Protease,Exon 8,p.Arg294Gln,30864,Arg,Gln,arginine,glutamine,-,Moderate,-,-,3.50%,-,,,,,
3967,13313,c.881G>A,140,Point,Missense,No,-,-,"Double (see 10,512)",Arg > Gln,881,-,294,248,Serine Protease,Exon 8,p.Arg294Gln,30864,Arg,Gln,arginine,glutamine,-,Moderate,-,-,3%,-,,,,,
3967,13314,c.881G>A,140,Point,Missense,No,-,-,"Double (see 10,512)",Arg > Gln,881,-,294,248,Serine Protease,Exon 8,p.Arg294Gln,30864,Arg,Gln,arginine,glutamine,-,Mild,-,-,6%,<10,,,,,
3967,13315,c.881G>A,140,Point,Missense,No,-,-,"Double (see 10,512)",Arg > Gln,881,-,294,248,Serine Protease,Exon 8,p.Arg294Gln,30864,Arg,Gln,arginine,glutamine,-,Mild,-,-,11%,5%,,,,,
3967,13316,c.881G>A,140,Point,Missense,-,-,-,"Double (see 10,512)",Arg > Gln,881,-,294,248,Serine Protease,Exon 8,p.Arg294Gln,30864,Arg,Gln,arginine,glutamine,-,Moderate,-,-,5%,-,,,,,
3967,13317,c.881G>A,140,Point,Missense,-,-,-,"Double (see 10,512)",Arg > Gln,881,-,294,248,Serine Protease,Exon 8,p.Arg294Gln,30864,Arg,Gln,arginine,glutamine,-,Moderate,-,-,4%,-,,,,,
3967,13318,c.881G>A,140,Point,Missense,-,-,-,"Double (see 10,512)",Arg > Gln,881,-,294,248,Serine Protease,Exon 8,p.Arg294Gln,30864,Arg,Gln,arginine,glutamine,-,Severe,-,-,<1,-,,,,,
3967,13319,c.881G>A,140,Point,Missense,-,-,-,"Double (see 10,512)",Arg > Gln,881,-,294,248,Serine Protease,Exon 8,p.Arg294Gln,30864,Arg,Gln,arginine,glutamine,-,Severe,-,-,<1,-,,,,,
3967,13320,c.881G>A,140,Point,Missense,-,-,-,"Double (see 10,512)",Arg > Gln,881,-,294,248,Serine Protease,Exon 8,p.Arg294Gln,30864,Arg,Gln,arginine,glutamine,-,Severe,-,-,<1,-,,,,,
3967,13321,c.881G>A,140,Point,Missense,-,-,-,"Double (see 10,512)",Arg > Gln,881,-,294,248,Serine Protease,Exon 8,p.Arg294Gln,30864,Arg,Gln,arginine,glutamine,-,Severe,-,-,<1,-,,,,,
3967,13322,c.881G>A,140,Point,Missense,-,-,-,"Double (see 10,512)",Arg > Gln,881,-,294,248,Serine Protease,Exon 8,p.Arg294Gln,30864,Arg,Gln,arginine,glutamine,-,Moderate,-,-,3%,-,,,,,
3967,13323,c.881G>A,140,Point,Missense,-,-,-,"Double (see 10,512)",Arg > Gln,881,-,294,248,Serine Protease,Exon 8,p.Arg294Gln,30864,Arg,Gln,arginine,glutamine,-,-,-,-,-,-,,,,,
3967,13324,c.881G>A,140,Point,Missense,-,-,-,"Double (see 10,512)",Arg > Gln,881,-,294,248,Serine Protease,Exon 8,p.Arg294Gln,30864,Arg,Gln,arginine,glutamine,-,Moderate,-,-,4.50%,-,,,,,
3967,13325,c.881G>A,140,Point,Missense,-,-,-,"Double (see 10,512)",Arg > Gln,881,-,294,248,Serine Protease,Exon 8,p.Arg294Gln,30864,Arg,Gln,arginine,glutamine,-,-,-,-,-,2%,,,,,
3967,13326,c.881G>A,140,Point,Missense,-,-,-,"Double (see 10,512)",Arg > Gln,881,-,294,248,Serine Protease,Exon 8,p.Arg294Gln,30864,Arg,Gln,arginine,glutamine,-,Moderate,-,-,3%,-,,,,,
3967,13327,c.881G>A,140,Point,Missense,-,-,-,"Double (see 10,512)",Arg > Gln,881,-,294,248,Serine Protease,Exon 8,p.Arg294Gln,30864,Arg,Gln,arginine,glutamine,-,-,-,-,-,-,,,,,
3967,13328,c.881G>A,140,Point,Missense,-,-,-,"Double (see 10,512)",Arg > Gln,881,-,294,248,Serine Protease,Exon 8,p.Arg294Gln,30864,Arg,Gln,arginine,glutamine,-,-,-,-,-,-,,,,,
3967,13329,c.881G>A,140,Point,Missense,-,-,-,"Double (see 10,512)",Arg > Gln,881,-,294,248,Serine Protease,Exon 8,p.Arg294Gln,30864,Arg,Gln,arginine,glutamine,-,-,-,-,-,-,,,,,
3967,13330,c.881G>A,140,Point,Missense,-,-,-,"Double (see 10,512)",Arg > Gln,881,-,294,248,Serine Protease,Exon 8,p.Arg294Gln,30864,Arg,Gln,arginine,glutamine,-,-,-,-,-,-,,,,,
3967,13331,c.881G>A,140,Point,Missense,-,-,-,"Double (see 10,512)",Arg > Gln,881,-,294,248,Serine Protease,Exon 8,p.Arg294Gln,30864,Arg,Gln,arginine,glutamine,-,-,-,-,-,-,,,,,
3967,13332,c.881G>A,140,Point,Missense,-,-,-,"Double (see 10,512)",Arg > Gln,881,-,294,248,Serine Protease,Exon 8,p.Arg294Gln,30864,Arg,Gln,arginine,glutamine,-,Mild,-,-,6.10%,-,,,,,
3967,13333,c.881G>A,140,Point,Missense,-,-,-,"Double (see 10,512)",Arg > Gln,881,-,294,248,Serine Protease,Exon 8,p.Arg294Gln,30864,Arg,Gln,arginine,glutamine,-,Severe,-,-,0%,-,,,,,
3967,13334,c.881G>A,140,Point,Missense,-,-,-,"Double (see 10,512)",Arg > Gln,881,-,294,248,Serine Protease,Exon 8,p.Arg294Gln,30864,Arg,Gln,arginine,glutamine,-,-,-,-,-,-,,,,,
3967,13335,c.881G>A,140,Point,Missense,-,-,-,"Double (see 10,512)",Arg > Gln,881,-,294,248,Serine Protease,Exon 8,p.Arg294Gln,30864,Arg,Gln,arginine,glutamine,-,Moderate,-,-,1.30%,-,,,,,
3967,13336,c.881G>A,140,Point,Missense,-,-,-,"Double (see 10,512)",Arg > Gln,881,-,294,248,Serine Protease,Exon 8,p.Arg294Gln,30864,Arg,Gln,arginine,glutamine,-,Moderate,-,-,1.80%,-,,,,,
3967,13337,c.881G>A,140,Point,Missense,-,-,-,"Double (see 10,512)",Arg > Gln,881,-,294,248,Serine Protease,Exon 8,p.Arg294Gln,30864,Arg,Gln,arginine,glutamine,-,Moderate,-,-,2 to 5,-,,,,,
3967,13338,c.881G>A,140,Point,Missense,-,-,-,"Double (see 10,512)",Arg > Gln,881,-,294,248,Serine Protease,Exon 8,p.Arg294Gln,30864,Arg,Gln,arginine,glutamine,-,Moderate,-,-,2.50%,2%,,,,,
3967,13339,c.881G>A,140,Point,Missense,-,-,-,"Double (see 10,512)",Arg > Gln,881,-,294,248,Serine Protease,Exon 8,p.Arg294Gln,30864,Arg,Gln,arginine,glutamine,-,Moderate,-,-,3%,-,,,,,
3967,13340,c.881G>A,140,Point,Missense,-,-,-,"Double (see 10,512)",Arg > Gln,881,-,294,248,Serine Protease,Exon 8,p.Arg294Gln,30864,Arg,Gln,arginine,glutamine,-,Moderate,-,-,2.40%,-,,,,,
3967,13341,c.881G>A,140,Point,Missense,-,-,-,"Double (see 10,512)",Arg > Gln,881,-,294,248,Serine Protease,Exon 8,p.Arg294Gln,30864,Arg,Gln,arginine,glutamine,-,Severe,-,-,<1,-,,,,,
3967,15015,c.881G>A,140,Point,Missense,No,-,-,"Double (see 10,512)",Arg > Gln,881,-,294,248,Serine Protease,Exon 8,p.Arg294Gln,30864,Arg,Gln,arginine,glutamine,-,Moderate,-,-,3.50%,-,,,,,
3967,15016,c.881G>A,140,Point,Missense,No,-,-,"Double (see 10,512)",Arg > Gln,881,-,294,248,Serine Protease,Exon 8,p.Arg294Gln,30864,Arg,Gln,arginine,glutamine,-,Mild,-,-,12%,-,,,,,
3967,15113,c.881G>A,140,Point,Missense,No,-,-,"Double (see 10,512)",Arg > Gln,881,-,294,248,Serine Protease,Exon 8,p.Arg294Gln,30864,Arg,Gln,arginine,glutamine,-,Moderate,-,-,-,-,,,,,
3967,15150,c.881G>A,140,Point,Missense,No,-,-,"Double (see 10,512)",Arg > Gln,881,-,294,248,Serine Protease,Exon 8,p.Arg294Gln,30864,Arg,Gln,arginine,glutamine,-,Moderate,-,-,-,-,,,,,
3967,15151,c.881G>A,140,Point,Missense,No,-,-,"Double (see 10,512)",Arg > Gln,881,-,294,248,Serine Protease,Exon 8,p.Arg294Gln,30864,Arg,Gln,arginine,glutamine,-,Moderate,-,-,-,-,,,,,
3967,15192,c.881G>A,140,Point,Missense,No,-,-,"Double (see 10,512)",Arg > Gln,881,-,294,248,Serine Protease,Exon 8,p.Arg294Gln,30864,Arg,Gln,arginine,glutamine,-,Moderate,-,-,-,-,,,,,
3967,15639,c.881G>A,140,Point,Missense,No,-,-,"Double (see 10,512)",Arg > Gln,881,-,294,248,Serine Protease,Exon 8,p.Arg294Gln,30864,Arg,Gln,arginine,glutamine,-,Moderate,-,-,3%,-,,,,,
3967,15640,c.881G>A,140,Point,Missense,No,-,-,"Double (see 10,512)",Arg > Gln,881,-,294,248,Serine Protease,Exon 8,p.Arg294Gln,30864,Arg,Gln,arginine,glutamine,-,Moderate,-,-,1%,-,,,,,
3967,15641,c.881G>A,140,Point,Missense,-,-,-,"Double (see 10,512)",Arg > Gln,881,-,294,248,Serine Protease,Exon 8,p.Arg294Gln,30864,Arg,Gln,arginine,glutamine,-,Moderate,-,-,3%,-,,,,,
3967,15642,c.881G>A,140,Point,Missense,No,-,-,"Double (see 10,512)",Arg > Gln,881,-,294,248,Serine Protease,Exon 8,p.Arg294Gln,30864,Arg,Gln,arginine,glutamine,-,Moderate,-,-,2%,-,,,,,
3967,15643,c.881G>A,140,Point,Missense,No,-,-,"Double (see 10,512)",Arg > Gln,881,-,294,248,Serine Protease,Exon 8,p.Arg294Gln,30864,Arg,Gln,arginine,glutamine,-,Moderate,-,-,3%,-,,,,,
3967,15644,c.881G>A,140,Point,Missense,No,-,-,"Double (see 10,512)",Arg > Gln,881,-,294,248,Serine Protease,Exon 8,p.Arg294Gln,30864,Arg,Gln,arginine,glutamine,-,Mild,-,-,7%,-,,,,,
3967,15645,c.881G>A,140,Point,Missense,No,-,-,"Double (see 10,512)",Arg > Gln,881,-,294,248,Serine Protease,Exon 8,p.Arg294Gln,30864,Arg,Gln,arginine,glutamine,-,Severe,-,-,<1,-,,,,,
3967,15646,c.881G>A,140,Point,Missense,-,-,-,"Double (see 10,512)",Arg > Gln,881,-,294,248,Serine Protease,Exon 8,p.Arg294Gln,30864,Arg,Gln,arginine,glutamine,-,Mild,-,-,6%,-,,,,,
3967,15647,c.881G>A,140,Point,Missense,No,-,-,"Double (see 10,512)",Arg > Gln,881,-,294,248,Serine Protease,Exon 8,p.Arg294Gln,30864,Arg,Gln,arginine,glutamine,-,Moderate,-,-,3%,-,,,,,
3967,15648,c.881G>A,140,Point,Missense,-,-,-,"Double (see 10,512)",Arg > Gln,881,-,294,248,Serine Protease,Exon 8,p.Arg294Gln,30864,Arg,Gln,arginine,glutamine,-,Moderate,-,-,4.60%,-,,,,,
3967,15649,c.881G>A,140,Point,Missense,No,-,-,"Double (see 10,512)",Arg > Gln,881,-,294,248,Serine Protease,Exon 8,p.Arg294Gln,30864,Arg,Gln,arginine,glutamine,-,Moderate,-,-,2%,-,,,,,
3967,15650,c.881G>A,140,Point,Missense,No,-,-,"Double (see 10,512)",Arg > Gln,881,-,294,248,Serine Protease,Exon 8,p.Arg294Gln,30864,Arg,Gln,arginine,glutamine,-,Mild,-,-,7%,-,,,,,
3967,15651,c.881G>A,140,Point,Missense,No,-,-,"Double (see 10,512)",Arg > Gln,881,-,294,248,Serine Protease,Exon 8,p.Arg294Gln,30864,Arg,Gln,arginine,glutamine,-,Moderate,-,-,2%,-,,,,,
3967,15652,c.881G>A,140,Point,Missense,No,-,-,"Double (see 10,512)",Arg > Gln,881,-,294,248,Serine Protease,Exon 8,p.Arg294Gln,30864,Arg,Gln,arginine,glutamine,-,Moderate,-,-,3%,-,,,,,
3967,15653,c.881G>A,140,Point,Missense,No,-,-,"Double (see 10,512)",Arg > Gln,881,-,294,248,Serine Protease,Exon 8,p.Arg294Gln,30864,Arg,Gln,arginine,glutamine,-,Moderate,-,-,4.50%,-,,,,,
3967,15654,c.881G>A,140,Point,Missense,No,-,-,"Double (see 10,512)",Arg > Gln,881,-,294,248,Serine Protease,Exon 8,p.Arg294Gln,30864,Arg,Gln,arginine,glutamine,-,Moderate,-,-,2%,-,,,,,
3967,15655,c.881G>A,140,Point,Missense,No,-,-,"Double (see 10,512)",Arg > Gln,881,-,294,248,Serine Protease,Exon 8,p.Arg294Gln,30864,Arg,Gln,arginine,glutamine,-,Moderate,-,-,2%,-,,,,,
3967,15656,c.881G>A,140,Point,Missense,No,-,-,"Double (see 10,512)",Arg > Gln,881,-,294,248,Serine Protease,Exon 8,p.Arg294Gln,30864,Arg,Gln,arginine,glutamine,-,Moderate,-,-,2%,-,,,,,
3967,15657,c.881G>A,140,Point,Missense,No,-,-,"Double (see 10,512)",Arg > Gln,881,-,294,248,Serine Protease,Exon 8,p.Arg294Gln,30864,Arg,Gln,arginine,glutamine,-,Moderate,-,-,4.50%,-,,,,,
3967,15658,c.881G>A,140,Point,Missense,No,-,-,"Double (see 10,512)",Arg > Gln,881,-,294,248,Serine Protease,Exon 8,p.Arg294Gln,30864,Arg,Gln,arginine,glutamine,-,Moderate,-,-,2%,-,,,,,
3967,15659,c.881G>A,140,Point,Missense,No,-,-,"Double (see 10,512)",Arg > Gln,881,-,294,248,Serine Protease,Exon 8,p.Arg294Gln,30864,Arg,Gln,arginine,glutamine,-,Moderate,-,-,3%,-,,,,,
3967,15660,c.881G>A,140,Point,Missense,No,-,-,"Double (see 10,512)",Arg > Gln,881,-,294,248,Serine Protease,Exon 8,p.Arg294Gln,30864,Arg,Gln,arginine,glutamine,-,Severe,-,-,<1,-,,,,,
3967,15661,c.881G>A,140,Point,Missense,-,-,-,"Double (see 10,512)",Arg > Gln,881,-,294,248,Serine Protease,Exon 8,p.Arg294Gln,30864,Arg,Gln,arginine,glutamine,-,Moderate,-,-,3%,-,,,,,
3967,15662,c.881G>A,140,Point,Missense,No,-,-,"Double (see 10,512)",Arg > Gln,881,-,294,248,Serine Protease,Exon 8,p.Arg294Gln,30864,Arg,Gln,arginine,glutamine,-,Moderate,-,-,3%,-,,,,,
3967,15663,c.881G>A,140,Point,Missense,No,-,-,"Double (see 10,512)",Arg > Gln,881,-,294,248,Serine Protease,Exon 8,p.Arg294Gln,30864,Arg,Gln,arginine,glutamine,-,Moderate,-,-,3%,-,,,,,
3967,15664,c.881G>A,140,Point,Missense,No,-,-,"Double (see 10,512)",Arg > Gln,881,-,294,248,Serine Protease,Exon 8,p.Arg294Gln,30864,Arg,Gln,arginine,glutamine,-,Moderate,-,-,2%,-,,,,,
3967,15665,c.881G>A,140,Point,Missense,No,-,-,"Double (see 10,512)",Arg > Gln,881,-,294,248,Serine Protease,Exon 8,p.Arg294Gln,30864,Arg,Gln,arginine,glutamine,-,Moderate,-,-,4%,-,,,,,
3967,15666,c.881G>A,140,Point,Missense,No,-,-,"Double (see 10,512)",Arg > Gln,881,-,294,248,Serine Protease,Exon 8,p.Arg294Gln,30864,Arg,Gln,arginine,glutamine,-,Moderate,-,-,2.80%,-,,,,,
3967,15667,c.881G>A,140,Point,Missense,No,-,-,"Double (see 10,512)",Arg > Gln,881,-,294,248,Serine Protease,Exon 8,p.Arg294Gln,30864,Arg,Gln,arginine,glutamine,-,Moderate,-,-,3%,-,,,,,
3967,15668,c.881G>A,140,Point,Missense,No,-,-,"Double (see 10,512)",Arg > Gln,881,-,294,248,Serine Protease,Exon 8,p.Arg294Gln,30864,Arg,Gln,arginine,glutamine,-,Moderate,-,-,3%,-,,,,,
3967,15669,c.881G>A,140,Point,Missense,No,-,-,"Double (see 10,512)",Arg > Gln,881,-,294,248,Serine Protease,Exon 8,p.Arg294Gln,30864,Arg,Gln,arginine,glutamine,-,Moderate,-,-,4.70%,-,,,,,
3967,15670,c.881G>A,140,Point,Missense,No,-,-,"Double (see 10,512)",Arg > Gln,881,-,294,248,Serine Protease,Exon 8,p.Arg294Gln,30864,Arg,Gln,arginine,glutamine,-,Moderate,-,-,3%,-,,,,,
3967,15671,c.881G>A,140,Point,Missense,No,-,-,"Double (see 10,512)",Arg > Gln,881,-,294,248,Serine Protease,Exon 8,p.Arg294Gln,30864,Arg,Gln,arginine,glutamine,-,Moderate,-,-,2%,-,,,,,
3967,15672,c.881G>A,140,Point,Missense,No,-,-,"Double (see 10,512)",Arg > Gln,881,-,294,248,Serine Protease,Exon 8,p.Arg294Gln,30864,Arg,Gln,arginine,glutamine,-,Moderate,-,-,3.70%,-,,,,,
3967,15673,c.881G>A,140,Point,Missense,No,-,-,"Double (see 10,512)",Arg > Gln,881,-,294,248,Serine Protease,Exon 8,p.Arg294Gln,30864,Arg,Gln,arginine,glutamine,-,Severe,-,-,<1,-,,,,,
3967,15674,c.881G>A,140,Point,Missense,No,-,-,"Double (see 10,512)",Arg > Gln,881,-,294,248,Serine Protease,Exon 8,p.Arg294Gln,30864,Arg,Gln,arginine,glutamine,-,Moderate,-,-,4%,-,,,,,
3967,15675,c.881G>A,140,Point,Missense,No,-,-,"Double (see 10,512)",Arg > Gln,881,-,294,248,Serine Protease,Exon 8,p.Arg294Gln,30864,Arg,Gln,arginine,glutamine,-,Moderate,-,-,3%,-,,,,,
3967,15676,c.881G>A,140,Point,Missense,No,-,-,"Double (see 10,512)",Arg > Gln,881,-,294,248,Serine Protease,Exon 8,p.Arg294Gln,30864,Arg,Gln,arginine,glutamine,-,Moderate,-,-,4%,-,,,,,
3967,15677,c.881G>A,140,Point,Missense,No,-,-,"Double (see 10,512)",Arg > Gln,881,-,294,248,Serine Protease,Exon 8,p.Arg294Gln,30864,Arg,Gln,arginine,glutamine,-,Moderate,-,-,3%,-,,,,,
3967,15678,c.881G>A,140,Point,Missense,No,-,-,"Double (see 10,512)",Arg > Gln,881,-,294,248,Serine Protease,Exon 8,p.Arg294Gln,30864,Arg,Gln,arginine,glutamine,-,Moderate,-,-,3%,-,,,,,
3967,15679,c.881G>A,140,Point,Missense,-,-,-,"Double (see 10,512)",Arg > Gln,881,-,294,248,Serine Protease,Exon 8,p.Arg294Gln,30864,Arg,Gln,arginine,glutamine,-,Moderate,-,-,2%,-,,,,,
3967,15680,c.881G>A,140,Point,Missense,No,-,-,"Double (see 10,512)",Arg > Gln,881,-,294,248,Serine Protease,Exon 8,p.Arg294Gln,30864,Arg,Gln,arginine,glutamine,-,Moderate,-,-,4%,-,,,,,
3967,15681,c.881G>A,140,Point,Missense,No,-,-,"Double (see 10,512)",Arg > Gln,881,-,294,248,Serine Protease,Exon 8,p.Arg294Gln,30864,Arg,Gln,arginine,glutamine,-,Moderate,-,-,3%,-,,,,,
3967,15682,c.881G>A,140,Point,Missense,-,-,-,"Double (see 10,512)",Arg > Gln,881,-,294,248,Serine Protease,Exon 8,p.Arg294Gln,30864,Arg,Gln,arginine,glutamine,-,Moderate,-,-,4%,-,,,,,
3967,15683,c.881G>A,140,Point,Missense,No,-,-,"Double (see 10,512)",Arg > Gln,881,-,294,248,Serine Protease,Exon 8,p.Arg294Gln,30864,Arg,Gln,arginine,glutamine,-,Severe,-,-,<1,-,,,,,
3968,13342,c.886G>A,4,Point,Missense,-,-,-,-,Val > Met,886,-,296,250,Serine Protease,Exon 8,p.Val296Met,30869,Val,Met,valine,methionine,-,-,-,-,-,-,,,,,
3968,13343,c.886G>A,4,Point,Missense,-,-,-,-,Val > Met,886,-,296,250,Serine Protease,Exon 8,p.Val296Met,30869,Val,Met,valine,methionine,-,Moderate,-,-,4%,-,,,,,
3968,13344,c.886G>A,4,Point,Missense,-,-,-,-,Val > Met,886,-,296,250,Serine Protease,Exon 8,p.Val296Met,30869,Val,Met,valine,methionine,-,Moderate,-,-,3%,-,,,,,
3968,15695,c.886G>A,4,Point,Missense,No,-,-,-,Val > Met,886,-,296,250,Serine Protease,Exon 8,p.Val296Met,30869,Val,Met,valine,methionine,-,Moderate,-,-,5%,-,,,,,
3969,13345,c.887T>A,2,Point,Missense,-,-,-,-,Val > Glu,887,-,296,250,Serine Protease,Exon 8,p.Val296Glu,30870,Val,Glu,valine,glutamic acid,-,Severe,-,-,-,-,,,,,
3969,15696,c.887T>A,2,Point,Missense,No,-,-,-,Val > Glu,887,-,296,250,Serine Protease,Exon 8,p.Val296Glu,30870,Val,Glu,valine,glutamic acid,-,Severe,-,-,<1,-,,,,,
3970,13347,c.892C>T,65,Point,Nonsense,-,-,-,-,Arg > *,892,-,298,252,Serine Protease,Exon 8,p.(Arg298*),30875,Arg,*,arginine,-,-,Severe,-,-,<1,<1,,,,,
3970,13348,c.892C>T,65,Point,Nonsense,-,-,-,-,Arg > *,892,-,298,252,Serine Protease,Exon 8,p.(Arg298*),30875,Arg,*,arginine,-,-,Severe,-,-,<1,6%,,,,,
3970,13349,c.892C>T,65,Point,Nonsense,-,-,-,-,Arg > *,892,-,298,252,Serine Protease,Exon 8,p.(Arg298*),30875,Arg,*,arginine,-,-,Severe,-,-,<1,<1,,,,,
3970,13350,c.892C>T,65,Point,Nonsense,-,-,-,-,Arg > *,892,-,298,252,Serine Protease,Exon 8,p.(Arg298*),30875,Arg,*,arginine,-,-,Moderate,-,-,3%,-,,,,,
3970,13351,c.892C>T,65,Point,Nonsense,-,-,-,-,Arg > *,892,-,298,252,Serine Protease,Exon 8,p.(Arg298*),30875,Arg,*,arginine,-,-,Severe,-,-,<1,<1,also Fraser et al (1992),,,,
3970,13352,c.892C>T,65,Point,Nonsense,-,-,-,-,Arg > *,892,-,298,252,Serine Protease,Exon 8,p.(Arg298*),30875,Arg,*,arginine,-,-,Severe,-,-,<1,<1,,,,,
3970,13353,c.892C>T,65,Point,Nonsense,-,-,-,-,Arg > *,892,-,298,252,Serine Protease,Exon 8,p.(Arg298*),30875,Arg,*,arginine,-,-,Severe,-,-,<1,-,,,,,
3970,13354,c.892C>T,65,Point,Nonsense,-,-,-,-,Arg > *,892,-,298,252,Serine Protease,Exon 8,p.(Arg298*),30875,Arg,*,arginine,-,-,-,-,-,-,-,,,,,
3970,13355,c.892C>T,65,Point,Nonsense,-,-,-,-,Arg > *,892,-,298,252,Serine Protease,Exon 8,p.(Arg298*),30875,Arg,*,arginine,-,-,Moderate,-,-,1%,-,,,,,
3970,13356,c.892C>T,65,Point,Nonsense,-,-,-,-,Arg > *,892,-,298,252,Serine Protease,Exon 8,p.(Arg298*),30875,Arg,*,arginine,-,-,Moderate,-,-,3%,<1,,,,,
3970,13357,c.892C>T,65,Point,Nonsense,-,-,-,-,Arg > *,892,-,298,252,Serine Protease,Exon 8,p.(Arg298*),30875,Arg,*,arginine,-,-,Severe,-,-,<1,-,,,,,
3970,13358,c.892C>T,65,Point,Nonsense,-,-,-,-,Arg > *,892,-,298,252,Serine Protease,Exon 8,p.(Arg298*),30875,Arg,*,arginine,-,-,Severe,-,-,<1,-,,,,,
3970,13359,c.892C>T,65,Point,Nonsense,-,-,-,-,Arg > *,892,-,298,252,Serine Protease,Exon 8,p.(Arg298*),30875,Arg,*,arginine,-,-,Severe,-,-,<1,-,,,,,
3970,13360,c.892C>T,65,Point,Nonsense,-,-,-,-,Arg > *,892,-,298,252,Serine Protease,Exon 8,p.(Arg298*),30875,Arg,*,arginine,-,-,Severe,-,-,<1,-,,,,,
3970,13361,c.892C>T,65,Point,Nonsense,-,-,-,-,Arg > *,892,-,298,252,Serine Protease,Exon 8,p.(Arg298*),30875,Arg,*,arginine,-,-,Severe,-,-,<1,-,,,,,
3970,13362,c.892C>T,65,Point,Nonsense,-,-,-,-,Arg > *,892,-,298,252,Serine Protease,Exon 8,p.(Arg298*),30875,Arg,*,arginine,-,-,Severe,-,-,<1,-,,,,,
3970,13363,c.892C>T,65,Point,Nonsense,-,-,-,-,Arg > *,892,-,298,252,Serine Protease,Exon 8,p.(Arg298*),30875,Arg,*,arginine,-,-,Severe,-,-,<1,4%,,,,,
3970,13364,c.892C>T,65,Point,Nonsense,-,-,-,-,Arg > *,892,-,298,252,Serine Protease,Exon 8,p.(Arg298*),30875,Arg,*,arginine,-,-,Severe,-,-,<1,-,,,,,
3970,13365,c.892C>T,65,Point,Nonsense,-,-,-,-,Arg > *,892,-,298,252,Serine Protease,Exon 8,p.(Arg298*),30875,Arg,*,arginine,-,-,Severe,-,-,<1,-,,,,,
3970,13366,c.892C>T,65,Point,Nonsense,-,-,-,-,Arg > *,892,-,298,252,Serine Protease,Exon 8,p.(Arg298*),30875,Arg,*,arginine,-,-,Moderate,-,-,1%,-,,,,,
3970,13367,c.892C>T,65,Point,Nonsense,-,-,-,-,Arg > *,892,-,298,252,Serine Protease,Exon 8,p.(Arg298*),30875,Arg,*,arginine,-,-,Severe,-,-,<1,-,,,,,
3970,13368,c.892C>T,65,Point,Nonsense,-,-,-,-,Arg > *,892,-,298,252,Serine Protease,Exon 8,p.(Arg298*),30875,Arg,*,arginine,-,-,Severe,-,-,<1,-,,,,,
3970,13369,c.892C>T,65,Point,Nonsense,-,-,-,-,Arg > *,892,-,298,252,Serine Protease,Exon 8,p.(Arg298*),30875,Arg,*,arginine,-,-,Moderate,-,-,2%,-,,,,,
3970,13370,c.892C>T,65,Point,Nonsense,-,-,-,-,Arg > *,892,-,298,252,Serine Protease,Exon 8,p.(Arg298*),30875,Arg,*,arginine,-,-,Severe,-,-,<1,<1,,,,,
3970,13371,c.892C>T,65,Point,Nonsense,-,-,-,-,Arg > *,892,-,298,252,Serine Protease,Exon 8,p.(Arg298*),30875,Arg,*,arginine,-,-,Severe,-,-,<1,-,,,,,
3970,13372,c.892C>T,65,Point,Nonsense,-,-,-,-,Arg > *,892,-,298,252,Serine Protease,Exon 8,p.(Arg298*),30875,Arg,*,arginine,-,-,Severe,-,-,<1,<1,,,,,
3970,13373,c.892C>T,65,Point,Nonsense,-,-,-,-,Arg > *,892,-,298,252,Serine Protease,Exon 8,p.(Arg298*),30875,Arg,*,arginine,-,-,-,-,-,-,-,,,,,
3970,13374,c.892C>T,65,Point,Nonsense,-,-,-,-,Arg > *,892,-,298,252,Serine Protease,Exon 8,p.(Arg298*),30875,Arg,*,arginine,-,-,Severe,-,-,<1,<1,,,,,
3970,13375,c.892C>T,65,Point,Nonsense,-,-,-,-,Arg > *,892,-,298,252,Serine Protease,Exon 8,p.(Arg298*),30875,Arg,*,arginine,-,-,Severe,-,-,<1,-,,,,,
3970,13376,c.892C>T,65,Point,Nonsense,-,-,-,-,Arg > *,892,-,298,252,Serine Protease,Exon 8,p.(Arg298*),30875,Arg,*,arginine,-,-,Severe,-,-,<1,<1,,,,,
3970,13377,c.892C>T,65,Point,Nonsense,-,-,-,-,Arg > *,892,-,298,252,Serine Protease,Exon 8,p.(Arg298*),30875,Arg,*,arginine,-,-,-,-,-,-,-,,,,,
3970,13378,c.892C>T,65,Point,Nonsense,-,-,-,-,Arg > *,892,-,298,252,Serine Protease,Exon 8,p.(Arg298*),30875,Arg,*,arginine,-,-,Severe,-,-,<1,<6,,,,,
3970,13379,c.892C>T,65,Point,Nonsense,-,-,-,-,Arg > *,892,-,298,252,Serine Protease,Exon 8,p.(Arg298*),30875,Arg,*,arginine,-,-,Severe,-,-,<1,<1,,,,,
3970,13380,c.892C>T,65,Point,Nonsense,-,-,-,-,Arg > *,892,-,298,252,Serine Protease,Exon 8,p.(Arg298*),30875,Arg,*,arginine,-,-,-,-,-,-,-,,,,,
3970,13381,c.892C>T,65,Point,Nonsense,-,-,-,-,Arg > *,892,-,298,252,Serine Protease,Exon 8,p.(Arg298*),30875,Arg,*,arginine,-,-,Severe,-,-,<1,<1,,,,,
3970,13382,c.892C>T,65,Point,Nonsense,-,-,-,-,Arg > *,892,-,298,252,Serine Protease,Exon 8,p.(Arg298*),30875,Arg,*,arginine,-,-,-,-,-,-,-,,,,,
3970,13383,c.892C>T,65,Point,Nonsense,-,-,-,-,Arg > *,892,-,298,252,Serine Protease,Exon 8,p.(Arg298*),30875,Arg,*,arginine,-,-,-,-,-,-,-,,,,,
3970,13384,c.892C>T,65,Point,Nonsense,-,-,-,-,Arg > *,892,-,298,252,Serine Protease,Exon 8,p.(Arg298*),30875,Arg,*,arginine,-,-,Severe,-,-,-,-,,,,,
3970,13385,c.892C>T,65,Point,Nonsense,-,-,-,-,Arg > *,892,-,298,252,Serine Protease,Exon 8,p.(Arg298*),30875,Arg,*,arginine,-,-,Severe,-,-,<1,-,,,,,
3970,13386,c.892C>T,65,Point,Nonsense,-,-,-,-,Arg > *,892,-,298,252,Serine Protease,Exon 8,p.(Arg298*),30875,Arg,*,arginine,-,-,Severe,-,-,-,-,,,,,
3970,13387,c.892C>T,65,Point,Nonsense,-,-,-,-,Arg > *,892,-,298,252,Serine Protease,Exon 8,p.(Arg298*),30875,Arg,*,arginine,-,-,Severe,-,-,<1,-,,,,,
3970,13388,c.892C>T,65,Point,Nonsense,-,-,-,-,Arg > *,892,-,298,252,Serine Protease,Exon 8,p.(Arg298*),30875,Arg,*,arginine,-,-,Moderate,-,-,1%,-,,,,,
3970,13389,c.892C>T,65,Point,Nonsense,-,-,-,-,Arg > *,892,-,298,252,Serine Protease,Exon 8,p.(Arg298*),30875,Arg,*,arginine,-,-,-,-,-,-,-,,,,,
3970,13390,c.892C>T,65,Point,Nonsense,Yes,-,-,-,Arg > *,892,-,298,252,Serine Protease,Exon 8,p.(Arg298*),30875,Arg,*,arginine,-,-,Severe,-,-,-,-,,,,,
3970,13391,c.892C>T,65,Point,Nonsense,-,-,-,-,Arg > *,892,-,298,252,Serine Protease,Exon 8,p.(Arg298*),30875,Arg,*,arginine,-,-,-,-,-,-,-,,,,,
3970,13392,c.892C>T,65,Point,Nonsense,-,-,-,-,Arg > *,892,-,298,252,Serine Protease,Exon 8,p.(Arg298*),30875,Arg,*,arginine,-,-,-,-,-,-,-,,,,,
3970,13393,c.892C>T,65,Point,Nonsense,-,-,-,-,Arg > *,892,-,298,252,Serine Protease,Exon 8,p.(Arg298*),30875,Arg,*,arginine,-,-,-,-,-,-,-,,,,,
3970,13394,c.892C>T,65,Point,Nonsense,-,-,-,-,Arg > *,892,-,298,252,Serine Protease,Exon 8,p.(Arg298*),30875,Arg,*,arginine,-,-,Moderate,-,-,1%,-,,,,,
3970,14962,c.892C>T,65,Point,Nonsense,No,-,-,-,Arg > *,892,-,298,252,Serine Protease,Exon 8,p.(Arg298*),30875,Arg,*,arginine,-,-,Severe,-,-,-,-,,,,,
3970,14973,c.892C>T,65,Point,Nonsense,No,-,-,-,Arg > *,892,-,298,252,Serine Protease,Exon 8,p.(Arg298*),30875,Arg,*,arginine,-,-,Severe,-,-,<1,-,,,,,
3970,14974,c.892C>T,65,Point,Nonsense,No,-,-,-,Arg > *,892,-,298,252,Serine Protease,Exon 8,p.(Arg298*),30875,Arg,*,arginine,-,-,Severe,-,-,<1,-,,,,,
3970,14983,c.892C>T,65,Point,Nonsense,No,-,-,-,Arg > *,892,-,298,252,Serine Protease,Exon 8,p.(Arg298*),30875,Arg,*,arginine,-,-,Severe,-,-,<1,-,,,,,
3970,14984,c.892C>T,65,Point,Nonsense,No,-,-,-,Arg > *,892,-,298,252,Serine Protease,Exon 8,p.(Arg298*),30875,Arg,*,arginine,-,-,Severe,-,-,<1,-,,,,,
3970,14985,c.892C>T,65,Point,Nonsense,No,-,-,-,Arg > *,892,-,298,252,Serine Protease,Exon 8,p.(Arg298*),30875,Arg,*,arginine,-,-,Severe,-,-,<1,-,,,,,
3970,15043,c.892C>T,65,Point,Nonsense,No,-,-,-,Arg > *,892,-,298,252,Serine Protease,Exon 8,p.(Arg298*),30875,Arg,*,arginine,-,-,Severe,-,-,<1,-,,,,,
3970,15044,c.892C>T,65,Point,Nonsense,No,-,-,-,Arg > *,892,-,298,252,Serine Protease,Exon 8,p.(Arg298*),30875,Arg,*,arginine,-,-,Severe,-,-,<1,-,,,,,
3970,15114,c.892C>T,65,Point,Nonsense,No,-,-,-,Arg > *,892,-,298,252,Serine Protease,Exon 8,p.(Arg298*),30875,Arg,*,arginine,-,-,Moderate,-,-,-,-,,,,,
3970,15115,c.892C>T,65,Point,Nonsense,No,-,-,-,Arg > *,892,-,298,252,Serine Protease,Exon 8,p.(Arg298*),30875,Arg,*,arginine,-,-,Severe,-,-,-,-,,,,,
3970,15218,c.892C>T,65,Point,Nonsense,No,-,-,-,Arg > *,892,-,298,252,Serine Protease,Exon 8,p.(Arg298*),30875,Arg,*,arginine,-,-,Moderate,-,-,-,-,,,,,
3970,15264,c.892C>T,65,Point,Nonsense,-,-,-,-,Arg > *,892,-,298,252,Serine Protease,Exon 8,p.(Arg298*),30875,Arg,*,arginine,-,-,Severe,-,-,<1,6%,,,,,
3970,16129,c.892C>T,65,Point,Nonsense,No,-,-,-,Arg > *,892,-,298,252,Serine Protease,Exon 8,p.(Arg298*),30875,Arg,*,arginine,-,-,Severe,-,-,<1,-,,,,,
3970,16130,c.892C>T,65,Point,Nonsense,No,-,-,-,Arg > *,892,-,298,252,Serine Protease,Exon 8,p.(Arg298*),30875,Arg,*,arginine,-,-,Moderate,-,-,2%,-,,,,,
3970,16131,c.892C>T,65,Point,Nonsense,-,-,-,-,Arg > *,892,-,298,252,Serine Protease,Exon 8,p.(Arg298*),30875,Arg,*,arginine,-,-,Moderate,-,-,2%,-,,,,,
3970,16132,c.892C>T,65,Point,Nonsense,No,-,-,-,Arg > *,892,-,298,252,Serine Protease,Exon 8,p.(Arg298*),30875,Arg,*,arginine,-,-,Severe,-,-,<1,-,,,,,
3970,16133,c.892C>T,65,Point,Nonsense,Yes,-,-,-,Arg > *,892,-,298,252,Serine Protease,Exon 8,p.(Arg298*),30875,Arg,*,arginine,-,-,Severe,-,-,<1,-,,,,,
3971,13395,c.893G>T,1,Point,Missense,-,-,-,-,Arg > Leu,893,-,298,252,Serine Protease,Exon 8,p.Arg298Leu,30876,Arg,Leu,arginine,leucine,-,Mild,-,-,13%,-,,,,,
3972,13396,c.905A>G,2,Point,Missense,-,-,-,-,His > Arg,905,-,302,256,Serine Protease,Exon 8,p.His302Arg,30888,His,Arg,histidine,arginine,-,Mild,-,-,7%,-,,,,,
3972,13397,c.905A>G,2,Point,Missense,-,-,-,-,His > Arg,905,-,302,256,Serine Protease,Exon 8,p.His302Arg,30888,His,Arg,histidine,arginine,-,Mild,-,-,9%,-,,,,,
3973,13398,c.907delC,1,Deletion,Frameshift,-,-,-,Frameshift,His303fs,907,-,303,257,Serine Protease,Exon 8,p.(His303Thrfs*23),30890,His303fs,-,histidine,-,-,Severe,-,-,<1,<8,,,,,
3974,13399,c.907C>T,3,Point,Missense,-,0.000508602,-,-,His > Tyr,907,-,303,257,Serine Protease,Exon 8,p.His303Tyr,30890,His,Tyr,histidine,tyrosine,-,Mild,-,-,30%,-,,,,,
3974,13400,c.907C>T,3,Point,Missense,-,0.000508602,-,-,His > Tyr,907,-,303,257,Serine Protease,Exon 8,p.His303Tyr,30890,His,Tyr,histidine,tyrosine,-,-,-,-,-,-,,,,,
3974,13401,c.907C>T,3,Point,Missense,-,0.000508602,-,-,His > Tyr,907,-,303,257,Serine Protease,Exon 8,p.His303Tyr,30890,His,Tyr,histidine,tyrosine,-,Severe,-,-,<1,<0.1,Also has p.Arg162* Causative,,,,
3975,13402,c.909delC,1,Deletion,Frameshift,-,-,-,Frameshift stop codon 257,His303fs,909,-,303,257,Serine Protease,Exon 8,p.(His303Glnfs*7),30892,His303fs,-,-,-,-,Severe,-,-,<1,<6,,,,,
3976,13403,c.913T>A,1,Point,Missense,-,-,-,-,Tyr > Asn,913,-,305,259,Serine Protease,Exon 8,p.Tyr305Asn,30896,Tyr,Asn,tyrosine,asparagine,-,-,-,-,-,-,,,,,
3977,13404,c.915A>G,6,Point,Missense,-,-,-,-,Tyr > Cys,915,-,305,259,Serine Protease,Exon 8,p.Tyr305Cys,30897,Tyr,Cys,tyrosine,cysteine,-,Moderate,-,-,3%,-,,,,,
3977,13405,c.915A>G,6,Point,Missense,-,-,-,-,Tyr > Cys,915,-,305,259,Serine Protease,Exon 8,p.Tyr305Cys,30897,Tyr,Cys,tyrosine,cysteine,-,Moderate,-,-,1%,-,,,,,
3977,13406,c.915A>G,6,Point,Missense,-,-,-,-,Tyr > Cys,915,-,305,259,Serine Protease,Exon 8,p.Tyr305Cys,30897,Tyr,Cys,tyrosine,cysteine,-,Severe,-,-,-,-,,,,,
3977,13407,c.915A>G,6,Point,Missense,-,-,-,-,Tyr > Cys,915,-,305,259,Serine Protease,Exon 8,p.Tyr305Cys,30897,Tyr,Cys,tyrosine,cysteine,-,-,-,-,-,-,,,,,
3977,13408,c.915A>G,6,Point,Missense,-,-,-,-,Tyr > Cys,915,-,305,259,Serine Protease,Exon 8,p.Tyr305Cys,30897,Tyr,Cys,tyrosine,cysteine,-,Moderate,-,-,2%,-,,,,,
3977,13409,c.915A>G,6,Point,Missense,-,-,-,-,Tyr > Cys,915,-,305,259,Serine Protease,Exon 8,p.Tyr305Cys,30897,Tyr,Cys,tyrosine,cysteine,-,Severe,-,-,<1,<1,,,,,
3978,13412,c.922delG,1,Deletion,Frameshift,-,-,-,Frameshift,Ala308fs,922,-,308,262,Serine Protease,Exon 8,p.(Ala308Leufs*18),30905,Ala308fs,-,alanine,-,-,Severe,-,-,-,-,,,,,
3979,13413,c.928A>T,1,Point,Missense,-,-,-,-,Asn > Tyr,928,-,310,264,Serine Protease,Exon 8,p.Asn310Tyr,30911,Asn,Tyr,asparagine,tyrosine,-,Mild,-,-,25%,25%,,,,,
3980,13414,c.932delA,1,Deletion,Frameshift,-,-,-,Frameshift,Lys311fs,932,-,311,265,Serine Protease,Exon 8,p.(Lys311Serfs*15),30914,Lys311fs,-,lysine,-,-,Moderate,-,-,4.50%,-,,,,,
3981,13415,c.936delC,1,Deletion,Frameshift,-,-,-,"Frameshift, de novo MGF or MGM",Tyr312fs,936,-,312,266,Serine Protease,Exon 8,p.(Tyr312*),30919,Tyr312fs,-,tyrosine,-,-,Severe,-,-,<1,<6,,,,,
3982,13416,c.936C>A,3,Point,Nonsense,-,-,-,-,Tyr > *,936,-,312,266,Serine Protease,Exon 8,p.(Tyr312*),30919,Tyr,*,tyrosine,-,-,Severe,-,-,<1,<1,,,,,
3982,13420,c.936C>A,3,Point,Nonsense,-,-,-,-,Tyr > *,936,-,312,266,Serine Protease,Exon 8,p.(Tyr312*),30919,Tyr,*,tyrosine,-,-,Severe,-,-,<1,-,,,,,
3982,16134,c.936C>A,3,Point,Nonsense,No,-,-,-,Tyr > *,936,-,312,266,Serine Protease,Exon 8,p.(Tyr312*),30919,Tyr,*,tyrosine,-,-,Severe,-,-,<1,-,,,,,
3983,13417,c.936C>G,3,Point,Nonsense,-,-,-,-,Tyr > *,936,-,312,266,Serine Protease,Exon 8,p.(Tyr312*),30919,Tyr,*,tyrosine,-,-,Severe,-,-,<1,-,,,,,
3983,13418,c.936C>G,3,Point,Nonsense,-,-,-,-,Tyr > *,936,-,312,266,Serine Protease,Exon 8,p.(Tyr312*),30919,Tyr,*,tyrosine,-,-,Severe,-,-,0%,-,,,,,
3983,13419,c.936C>G,3,Point,Nonsense,-,-,-,-,Tyr > *,936,-,312,266,Serine Protease,Exon 8,p.(Tyr312*),30919,Tyr,*,tyrosine,-,-,Severe,-,-,<1,-,,,,,
3984,13421,c.941A>G,4,Point,Missense,-,-,-,-,His > Arg,941,-,314,268,Serine Protease,Exon 8,p.His314Arg,30924,His,Arg,histidine,arginine,-,Mild,-,-,7%,-,,,,,
3984,13422,c.941A>G,4,Point,Missense,-,-,-,-,His > Arg,941,-,314,268,Serine Protease,Exon 8,p.His314Arg,30924,His,Arg,histidine,arginine,-,Mild,-,-,6%,-,,,,,
3984,13423,c.941A>G,4,Point,Missense,-,-,-,-,His > Arg,941,-,314,268,Serine Protease,Exon 8,p.His314Arg,30924,His,Arg,histidine,arginine,-,Mild,-,-,6%,2%,,,,,
3984,13424,c.941A>G,4,Point,Missense,-,-,-,-,His > Arg,941,-,314,268,Serine Protease,Exon 8,p.His314Arg,30924,His,Arg,histidine,arginine,-,Mild,-,-,11%,-,,,,,
3985,13425,c.942T>G,3,Point,Missense,-,-,-,-,His > Gln,942,-,314,268,Serine Protease,Exon 8,p.His314Gln,30925,His,Gln,histidine,glutamine,-,Mild,-,-,8%,2%,,,,,
3985,13426,c.942T>G,3,Point,Missense,-,-,-,-,His > Gln,942,-,314,268,Serine Protease,Exon 8,p.His314Gln,30925,His,Gln,histidine,glutamine,-,Mild,-,-,25%,-,,,,,
3985,13427,c.942T>G,3,Point,Missense,-,-,-,-,His > Gln,942,-,314,268,Serine Protease,Exon 8,p.His314Gln,30925,His,Gln,histidine,glutamine,-,Severe,-,-,<1,-,,,,,
3986,13428,c.943G>A,3,Point,Missense,-,-,-,Proposed active site Asp,Asp > Asn,943,-,315,269,Serine Protease,Exon 8,p.Asp315Asn,30926,Asp,Asn,aspartic acid,asparagine,-,-,-,-,-,-,,,,,
3986,13429,c.943G>A,3,Point,Missense,-,-,-,Proposed active site Asp,Asp > Asn,943,-,315,269,Serine Protease,Exon 8,p.Asp315Asn,30926,Asp,Asn,aspartic acid,asparagine,-,Moderate,-,-,1.50%,-,,,,,
3986,15697,c.943G>A,3,Point,Missense,No,-,-,Proposed active site Asp,Asp > Asn,943,-,315,269,Serine Protease,Exon 8,p.Asp315Asn,30926,Asp,Asn,aspartic acid,asparagine,-,Severe,-,-,<1,-,,,,,
3987,13430,c.944A>G,5,Point,Missense,-,-,-,Proposed active site Asp,Asp > Gly,944,-,315,269,Serine Protease,Exon 8,p.Asp315Gly,30927,Asp,Gly,aspartic acid,glycine,-,Severe,-,-,<1,-,,,,,
3987,13431,c.944A>G,5,Point,Missense,-,-,-,Proposed active site Asp,Asp > Gly,944,-,315,269,Serine Protease,Exon 8,p.Asp315Gly,30927,Asp,Gly,aspartic acid,glycine,-,Severe,-,-,<1,-,,,,,
3987,13432,c.944A>G,5,Point,Missense,-,-,-,Proposed active site Asp,Asp > Gly,944,-,315,269,Serine Protease,Exon 8,p.Asp315Gly,30927,Asp,Gly,aspartic acid,glycine,-,Severe,-,-,<1,-,,,,,
3987,15116,c.944A>G,5,Point,Missense,No,-,-,Proposed active site Asp,Asp > Gly,944,-,315,269,Serine Protease,Exon 8,p.Asp315Gly,30927,Asp,Gly,aspartic acid,glycine,-,Severe,-,-,-,-,,,,,
3987,15698,c.944A>G,5,Point,Missense,No,-,-,Proposed active site Asp,Asp > Gly,944,-,315,269,Serine Protease,Exon 8,p.Asp315Gly,30927,Asp,Gly,aspartic acid,glycine,-,Moderate,-,-,2.50%,-,,,,,
3988,13433,c.944A>T,2,Point,Missense,-,-,-,Proposed active site Asp,Asp > Val,944,-,315,269,Serine Protease,Exon 8,p.Asp315Val,30927,Asp,Val,aspartic acid,valine,-,Severe,-,-,<1,<1,,,,,
3988,13434,c.944A>T,2,Point,Missense,-,-,-,Proposed active site Asp,Asp > Val,944,-,315,269,Serine Protease,Exon 8,p.Asp315Val,30927,Asp,Val,aspartic acid,valine,-,Severe,-,-,<1,-,,,,,
3989,13435,c.945C>A,1,Point,Missense,-,-,-,"Proposed active site Asp,de novo mother (34)",Asp > Glu,945,-,315,269,Serine Protease,Exon 8,p.Asp315Glu,30928,Asp,Glu,aspartic acid,glutamic acid,-,Severe,-,-,<1,5%,,,,,
3990,13436,c.946A>T,10,Point,Missense,-,-,-,-,Ile > Phe,946,-,316,270,Serine Protease,Exon 8,p.Ile316Phe,30929,Ile,Phe,isoleucine,phenylalanine,-,-,-,-,-,-,,,,,
3990,13437,c.946A>T,10,Point,Missense,-,-,-,-,Ile > Phe,946,-,316,270,Serine Protease,Exon 8,p.Ile316Phe,30929,Ile,Phe,isoleucine,phenylalanine,-,Severe,-,-,<1,<1,,,,,
3990,13438,c.946A>T,10,Point,Missense,-,-,-,-,Ile > Phe,946,-,316,270,Serine Protease,Exon 8,p.Ile316Phe,30929,Ile,Phe,isoleucine,phenylalanine,-,Moderate,-,-,1%,-,,,,,
3990,13439,c.946A>T,10,Point,Missense,-,-,-,-,Ile > Phe,946,-,316,270,Serine Protease,Exon 8,p.Ile316Phe,30929,Ile,Phe,isoleucine,phenylalanine,-,-,-,-,-,-,,,,,
3990,13440,c.946A>T,10,Point,Missense,-,-,-,-,Ile > Phe,946,-,316,270,Serine Protease,Exon 8,p.Ile316Phe,30929,Ile,Phe,isoleucine,phenylalanine,-,Moderate,-,-,2%,2%,,,,,
3990,15117,c.946A>T,10,Point,Missense,No,-,-,-,Ile > Phe,946,-,316,270,Serine Protease,Exon 8,p.Ile316Phe,30929,Ile,Phe,isoleucine,phenylalanine,-,Moderate,-,-,-,-,,,,,
3990,15194,c.946A>T,10,Point,Missense,No,-,-,-,Ile > Phe,946,-,316,270,Serine Protease,Exon 8,p.Ile316Phe,30929,Ile,Phe,isoleucine,phenylalanine,-,Severe,-,-,-,-,,,,,
3990,15298,c.946A>T,10,Point,Missense,-,-,-,-,Ile > Phe,946,-,316,270,Serine Protease,Exon 8,p.Ile316Phe,30929,Ile,Phe,isoleucine,phenylalanine,-,Severe,-,-,<1,-,,,,,
3990,15299,c.946A>T,10,Point,Missense,-,-,-,-,Ile > Phe,946,-,316,270,Serine Protease,Exon 8,p.Ile316Phe,30929,Ile,Phe,isoleucine,phenylalanine,-,Severe,-,-,<1,36%,,,,,
3990,15300,c.946A>T,10,Point,Missense,-,-,-,-,Ile > Phe,946,-,316,270,Serine Protease,Exon 8,p.Ile316Phe,30929,Ile,Phe,isoleucine,phenylalanine,-,Severe,-,-,<1,-,,,,,
3991,13441,c.947T>C,4,Point,Missense,-,-,-,-,Ile > Thr,947,-,316,270,Serine Protease,Exon 8,p.Ile316Thr,30930,Ile,Thr,isoleucine,threonine,-,Severe,-,-,<1,<1,,,,,
3991,13442,c.947T>C,4,Point,Missense,-,-,-,-,Ile > Thr,947,-,316,270,Serine Protease,Exon 8,p.Ile316Thr,30930,Ile,Thr,isoleucine,threonine,-,Severe,-,-,<1,<1,,,,,
3991,13443,c.947T>C,4,Point,Missense,-,-,-,-,Ile > Thr,947,-,316,270,Serine Protease,Exon 8,p.Ile316Thr,30930,Ile,Thr,isoleucine,threonine,-,-,-,-,-,-,,,,,
3991,15699,c.947T>C,4,Point,Missense,No,-,-,-,Ile > Thr,947,-,316,270,Serine Protease,Exon 8,p.Ile316Thr,30930,Ile,Thr,isoleucine,threonine,-,Moderate,-,-,1%,-,,,,,
3992,13444,c.949G>A,1,Point,Missense,-,-,-,-,Ala > Thr,949,-,317,271,Serine Protease,Exon 8,p.Ala317Thr,30932,Ala,Thr,alanine,threonine,-,Mild,-,-,30%,-,,,,,
3993,13445,c.950C>A,1,Point,Missense,-,-,-,-,Ala > Asp,950,-,317,271,Serine Protease,Exon 8,p.Ala317Asp,30933,Ala,Asp,alanine,aspartic acid,-,Severe,-,-,<1,-,,,,,
3994,13446,c.950C>T,9,Point,Missense,-,-,-,-,Ala > Val,950,-,317,271,Serine Protease,Exon 8,p.Ala317Val,30933,Ala,Val,alanine,valine,-,Mild,-,-,16%,-,,,,,
3994,13447,c.950C>T,9,Point,Missense,-,-,-,-,Ala > Val,950,-,317,271,Serine Protease,Exon 8,p.Ala317Val,30933,Ala,Val,alanine,valine,-,Mild,-,-,20%,-,,,,,
3994,13448,c.950C>T,9,Point,Missense,-,-,-,-,Ala > Val,950,-,317,271,Serine Protease,Exon 8,p.Ala317Val,30933,Ala,Val,alanine,valine,-,-,-,-,-,-,,,,,
3994,13449,c.950C>T,9,Point,Missense,-,-,-,-,Ala > Val,950,-,317,271,Serine Protease,Exon 8,p.Ala317Val,30933,Ala,Val,alanine,valine,-,Mild,-,-,26%,-,,,,,
3994,13450,c.950C>T,9,Point,Missense,-,-,-,-,Ala > Val,950,-,317,271,Serine Protease,Exon 8,p.Ala317Val,30933,Ala,Val,alanine,valine,-,-,-,-,-,-,,,,,
3994,13451,c.950C>T,9,Point,Missense,-,-,-,-,Ala > Val,950,-,317,271,Serine Protease,Exon 8,p.Ala317Val,30933,Ala,Val,alanine,valine,-,-,-,-,-,-,,,,,
3994,13452,c.950C>T,9,Point,Missense,-,-,-,-,Ala > Val,950,-,317,271,Serine Protease,Exon 8,p.Ala317Val,30933,Ala,Val,alanine,valine,-,Moderate,-,-,1%,4%,,,,,
3994,13454,c.950C>T,9,Point,Missense,-,-,-,-,Ala > Val,950,-,317,271,Serine Protease,Exon 8,p.Ala317Val,30933,Ala,Val,alanine,valine,-,Severe,-,-,<1,-,,,,,
3994,15282,c.950C>T,9,Point,Missense,-,-,-,-,Ala > Val,950,-,317,271,Serine Protease,Exon 8,p.Ala317Val,30933,Ala,Val,alanine,valine,-,Mild,-,-,20%,-,24 cases in 10 families (FIX:C range 17-23),,,,
3995,13455,c.953T>G,3,Point,Missense,-,-,-,-,Leu > Arg,953,-,318,272,Serine Protease,Exon 8,p.Leu318Arg,30936,Leu,Arg,leucine,arginine,-,-,-,-,-,-,,,,,
3995,13457,c.953T>G,3,Point,Missense,-,-,-,-,Leu > Arg,953,-,318,272,Serine Protease,Exon 8,p.Leu318Arg,30936,Leu,Arg,leucine,arginine,-,Severe,-,-,<1,2%,,,,,
3995,15700,c.953T>G,3,Point,Missense,No,-,-,-,Leu > Arg,953,-,318,272,Serine Protease,Exon 8,p.Leu318Arg,30936,Leu,Arg,leucine,arginine,-,Severe,-,-,<1,-,,,,,
3996,13456,c.953T>A,1,Point,Missense,-,-,-,-,Leu > His,953,-,318,272,Serine Protease,Exon 8,p.Leu318His,30936,Leu,His,leucine,histidine,-,-,-,-,-,-,,,,,
3997,13458,c.956T>C,4,Point,Missense,-,-,-,-,Leu > Pro,956,-,319,273,Serine Protease,Exon 8,p.Leu319Pro,30939,Leu,Pro,leucine,proline,-,Severe,-,-,<1,-,,,,,
3997,15118,c.956T>C,4,Point,Missense,No,-,-,-,Leu > Pro,956,-,319,273,Serine Protease,Exon 8,p.Leu319Pro,30939,Leu,Pro,leucine,proline,-,Moderate,-,-,-,-,,,,,
3997,15147,c.956T>C,4,Point,Missense,No,-,-,-,Leu > Pro,956,-,319,273,Serine Protease,Exon 8,p.Leu319Pro,30939,Leu,Pro,leucine,proline,-,Moderate,-,-,-,-,,,,,
3997,15701,c.956T>C,4,Point,Missense,-,-,-,-,Leu > Pro,956,-,319,273,Serine Protease,Exon 8,p.Leu319Pro,30939,Leu,Pro,leucine,proline,-,Severe,-,-,<1,-,,,,,
3998,13459,c.956T>G,2,Point,Missense,-,-,-,-,Leu > Arg,956,-,319,273,Serine Protease,Exon 8,p.Leu319Arg,30939,Leu,Arg,leucine,arginine,-,Severe,-,-,<1,-,,,,,
3998,13460,c.956T>G,2,Point,Missense,-,-,-,-,Leu > Arg,956,-,319,273,Serine Protease,Exon 8,p.Leu319Arg,30939,Leu,Arg,leucine,arginine,-,Severe,-,-,<1,<8,,,,,
3999,13461,c.958G>T,1,Point,Nonsense,-,-,-,-,Glu > *,958,-,320,274,Serine Protease,Exon 8,p.(Glu320*),30941,Glu,*,glutamic acid,-,-,Severe,-,-,<1,-,,,,,
4000,13462,c.959A>G,1,Point,Missense,-,-,-,-,Glu > Gly,959,-,320,274,Serine Protease,Exon 8,p.Glu320Gly,30942,Glu,Gly,glutamic acid,glycine,-,Mild,-,-,18%,-,,,,,
4001,13463,c.960delA,1,Deletion,Frameshift,-,-,-,Frameshift,Glu320fs,960,-,320,274,Serine Protease,Exon 8,p.(Glu320Aspfs*6),30943,Glu320fs,-,glutamic acid,-,-,-,-,-,-,-,,,,,
4002,13464,c.962T>A,1,Point,Missense,-,-,-,-,Leu > Gln,962,-,321,275,Serine Protease,Exon 8,p.Leu321Gln,30945,Leu,Gln,leucine,glutamine,-,Severe,-,-,<1,-,,,,,
4003,13465,c.962T>C,4,Point,Missense,-,-,-,-,Leu > Pro,962,-,321,275,Serine Protease,Exon 8,p.Leu321Pro,30945,Leu,Pro,leucine,proline,-,Severe,-,-,<1,14%,,,,,
4003,13466,c.962T>C,4,Point,Missense,-,-,-,-,Leu > Pro,962,-,321,275,Serine Protease,Exon 8,p.Leu321Pro,30945,Leu,Pro,leucine,proline,-,Severe,-,-,<1,<1,,,,,
4003,13467,c.962T>C,4,Point,Missense,-,-,-,-,Leu > Pro,962,-,321,275,Serine Protease,Exon 8,p.Leu321Pro,30945,Leu,Pro,leucine,proline,-,Severe,-,-,<1,-,,,,,
4003,13468,c.962T>C,4,Point,Missense,-,-,-,-,Leu > Pro,962,-,321,275,Serine Protease,Exon 8,p.Leu321Pro,30945,Leu,Pro,leucine,proline,-,Severe,-,-,<1,1%,,,,,
4004,13469,c.962T>G,1,Point,Missense,-,-,-,De novo MGM or MGF,Leu > Arg,962,-,321,275,Serine Protease,Exon 8,p.Leu321Arg,30945,Leu,Arg,leucine,arginine,-,Severe,-,-,<1,<10,,,,,
4005,13470,c.964G>T,1,Point,Missense,-,-,-,-,Asp > Tyr,964,-,322,276,Serine Protease,Exon 8,p.Asp322Tyr,30947,Asp,Tyr,aspartic acid,tyrosine,-,-,-,-,-,9%,,,,,
4006,13471,c.967G>A,1,Point,Missense,-,0.000852723,-,double with 400 K>N (nucleotide 31321 G>C),Glu > Lys,967,-,323,277,Serine Protease,Exon 8,p.Glu323Lys,30950,Glu,Lys,glutamic acid,lysine,-,Mild,-,-,12%,-,,,,,
4007,13472,c.971C>A,3,Point,Missense,-,-,-,-,Pro > His,971,-,324,278,Serine Protease,Exon 8,p.Pro324His,30954,Pro,His,proline,histidine,-,Mild,-,-,30%,-,,,,,
4007,15702,c.971C>A,3,Point,Missense,No,-,-,-,Pro > His,971,-,324,278,Serine Protease,Exon 8,p.Pro324His,30954,Pro,His,proline,histidine,-,Mild,-,-,29%,-,,,,,
4007,15703,c.971C>A,3,Point,Missense,-,-,-,-,Pro > His,971,-,324,278,Serine Protease,Exon 8,p.Pro324His,30954,Pro,His,proline,histidine,-,Mild,-,-,48%,-,,,,,
4008,13473,c.973T>A,1,Point,Missense,-,-,-,-,Leu > Ile,973,-,325,279,Serine Protease,Exon 8,p.Leu325Ile,30956,Leu,Ile,leucine,isoleucine,-,Mild,-,-,13%,13%,,,,,
4009,13474,c.973T>G,1,Point,Missense,-,-,-,-,Leu > Val,973,-,325,279,Serine Protease,Exon 8,p.Leu325Val,30956,Leu,Val,leucine,valine,-,Mild,-,-,12%,-,,,,,
4010,13475,c.974T>C,2,Point,Missense,-,-,-,-,Leu > Ser,974,-,325,279,Serine Protease,Exon 8,p.Leu325Ser,30957,Leu,Ser,leucine,serine,-,Severe,-,-,<1,-,,,,,
4010,13476,c.974T>C,2,Point,Missense,-,-,-,-,Leu > Ser,974,-,325,279,Serine Protease,Exon 8,p.Leu325Ser,30957,Leu,Ser,leucine,serine,-,Severe,-,-,<1,-,,,,,
4011,13477,c.974T>G,1,Point,Nonsense,-,-,-,-,Leu > *,974,-,325,279,Serine Protease,Exon 8,p.(Leu325*),30957,Leu,*,leucine,-,-,Severe,-,-,<1,-,,,,,
4012,13478,c.983A>T,1,Point,Missense,-,-,-,-,Asn > Ile,983,-,328,282,Serine Protease,Exon 8,p.Asn328Ile,30966,Asn,Ile,asparagine,isoleucine,-,Mild,-,-,-,-,,,,,
4013,13479,c.984C>G,1,Point,Missense,-,-,-,-,Asn > Lys,984,-,328,282,Serine Protease,Exon 8,p.Asn328Lys,30967,Asn,Lys,asparagine,lysine,-,Moderate,-,-,3%,<10,,,,,
4014,13480,c.985delA,3,Deletion,Frameshift,-,-,-,Frameshift stop codon 329,Ser329fs*,985,-,329,283,Serine Protease,Exon 8,p.(Ser329Alafs*25),30968,Ser329fs*,-,serine,-,-,Severe,-,-,<1,-,,,,,
4014,13481,c.985delA,3,Deletion,Frameshift,-,-,-,Frameshift stop codon 329,Ser329fs*,985,-,329,283,Serine Protease,Exon 8,p.(Ser329Alafs*25),30968,Ser329fs*,-,serine,-,-,-,-,-,-,-,,,,,
4014,13482,c.985delA,3,Deletion,Frameshift,-,-,-,Frameshift stop codon 329,Ser329fs*,985,-,329,283,Serine Protease,Exon 8,p.(Ser329Alafs*25),30968,Ser329fs*,-,serine,-,-,-,-,-,-,-,,,,,
4015,13483,c.987C>G,3,Point,Missense,-,-,-,-,Ser > Arg,987,-,329,283,Serine Protease,Exon 8,p.Ser329Arg,30970,Ser,Arg,serine,arginine,-,Moderate,-,-,5%,-,,,,,
4015,13484,c.987C>G,3,Point,Missense,-,-,-,-,Ser > Arg,987,-,329,283,Serine Protease,Exon 8,p.Ser329Arg,30970,Ser,Arg,serine,arginine,-,Mild,-,-,6%,-,,,,,
4015,13485,c.987C>G,3,Point,Missense,-,-,-,-,Ser > Arg,987,-,329,283,Serine Protease,Exon 8,p.Ser329Arg,30970,Ser,Arg,serine,arginine,-,Severe,-,-,<1,-,,,,,
4016,13486,c.989A>G,2,Point,Missense,-,-,-,"Double (see 31,328)",Tyr > Cys,989,-,330,284,Serine Protease,Exon 8,p.Tyr330Cys,30972,Tyr,Cys,tyrosine,cysteine,-,-,-,-,-,-,,,,,
4016,13487,c.989A>G,2,Point,Missense,-,-,-,"Double (see 31,328)",Tyr > Cys,989,-,330,284,Serine Protease,Exon 8,p.Tyr330Cys,30972,Tyr,Cys,tyrosine,cysteine,-,Moderate,-,-,<5,-,,,,,
4017,13488,c.990C>A,4,Point,Nonsense,-,-,-,-,Tyr > *,990,-,330,284,Serine Protease,Exon 8,p.(Tyr330*),30973,Tyr,*,tyrosine,-,-,Severe,-,-,<1,2%,,,,,
4017,13489,c.990C>A,4,Point,Nonsense,-,-,-,-,Tyr > *,990,-,330,284,Serine Protease,Exon 8,p.(Tyr330*),30973,Tyr,*,tyrosine,-,-,Moderate,-,-,1%,<1,,,,,
4017,13490,c.990C>A,4,Point,Nonsense,-,-,-,-,Tyr > *,990,-,330,284,Serine Protease,Exon 8,p.(Tyr330*),30973,Tyr,*,tyrosine,-,-,Severe,-,-,-,-,,,,,
4017,13491,c.990C>A,4,Point,Nonsense,-,-,-,-,Tyr > *,990,-,330,284,Serine Protease,Exon 8,p.(Tyr330*),30973,Tyr,*,tyrosine,-,-,Moderate,-,-,1%,-,,,,,
4018,13492,c.991G>T,1,Point,Missense,-,-,-,Type I,Val > Phe,991,-,331,285,Serine Protease,Exon 8,p.Val331Phe,30974,Val,Phe,valine,phenylalanine,-,Severe,-,-,<1,<1,,,,,
4019,13493,c.997C>A,1,Point,Missense,-,-,-,-,Pro > Thr,997,-,333,287,Serine Protease,Exon 8,p.Pro333Thr,30980,Pro,Thr,proline,threonine,-,Mild,-,-,14%,-,,,,,
4020,13496,c.997C>T,2,Point,Missense,-,-,-,-,Pro > Leu,997,-,333,287,Serine Protease,Exon 8,p.Pro333Leu,30981,Pro,Leu,proline,leucine,-,-,-,-,-,-,,,,,
4020,13497,c.997C>T,2,Point,Missense,-,-,-,-,Pro > Leu,997,-,333,287,Serine Protease,Exon 8,p.Pro333Leu,30981,Pro,Leu,proline,leucine,-,Severe,-,-,<1,<1,,,,,
4021,13498,c.1001T>C,3,Point,Missense,-,-,-,-,Ile > Thr,1001,-,334,288,Serine Protease,Exon 8,p.Ile334Thr,30984,Ile,Thr,isoleucine,threonine,-,Mild,-,-,6%,2%,,,,,
4021,15195,c.1001T>C,3,Point,Missense,No,-,-,-,Ile > Thr,1001,-,334,288,Serine Protease,Exon 8,p.Ile334Thr,30984,Ile,Thr,isoleucine,threonine,-,Mild,-,-,-,-,,,,,
4021,15704,c.1001T>C,3,Point,Missense,No,-,-,-,Ile > Thr,1001,-,334,288,Serine Protease,Exon 8,p.Ile334Thr,30984,Ile,Thr,isoleucine,threonine,-,Moderate,-,-,3%,-,,,,,
4022,13499,c.1002T>G,2,Point,Missense,-,-,-,-,Ile > Met,1002,-,334,288,Serine Protease,Exon 8,p.Ile334Met,30985,Ile,Met,isoleucine,methionine,-,Severe,-,-,<1,<1,,,,,
4022,15196,c.1002T>G,2,Point,Missense,No,-,-,-,Ile > Met,1002,-,334,288,Serine Protease,Exon 8,p.Ile334Met,30985,Ile,Met,isoleucine,methionine,-,Moderate,-,-,-,-,,,,,
4023,13500,c.1003T>C,1,Point,Missense,-,-,-,-,Cys > Arg,1003,-,335,289,Serine Protease,Exon 8,p.Cys335Arg,30986,Cys,Arg,cysteine,arginine,-,-,-,-,-,-,,,,,
4024,13501,c.1003T>A,1,Point,Missense,-,-,-,-,Cys > Ser,1003,-,335,289,Serine Protease,Exon 8,p.Cys335Ser,30986,Cys,Ser,cysteine,serine,-,Severe,-,-,<1,-,,,,,
4025,13502,c.1004G>A,3,Point,Missense,-,-,-,-,Cys > Tyr,1004,-,335,289,Serine Protease,Exon 8,p.Cys335Tyr,30987,Cys,Tyr,cysteine,tyrosine,-,Severe,-,-,<1,-,,,,,
4025,13503,c.1004G>A,3,Point,Missense,-,-,-,-,Cys > Tyr,1004,-,335,289,Serine Protease,Exon 8,p.Cys335Tyr,30987,Cys,Tyr,cysteine,tyrosine,-,Severe,-,-,<1,-,,,,,
4025,15120,c.1004G>A,3,Point,Missense,No,-,-,-,Cys > Tyr,1004,-,335,289,Serine Protease,Exon 8,p.Cys335Tyr,30987,Cys,Tyr,cysteine,tyrosine,-,Moderate,-,-,-,-,,,,,
4026,13504,c.1004G>T,4,Point,Missense,-,-,-,-,Cys > Phe,1004,-,335,289,Serine Protease,Exon 8,p.Cys335Phe,30987,Cys,Phe,cysteine,phenylalanine,-,-,-,-,-,-,,,,,
4026,13505,c.1004G>T,4,Point,Missense,-,-,-,-,Cys > Phe,1004,-,335,289,Serine Protease,Exon 8,p.Cys335Phe,30987,Cys,Phe,cysteine,phenylalanine,-,Severe,-,-,<1,-,,,,,
4026,13506,c.1004G>T,4,Point,Missense,-,-,-,-,Cys > Phe,1004,-,335,289,Serine Protease,Exon 8,p.Cys335Phe,30987,Cys,Phe,cysteine,phenylalanine,-,Severe,-,-,<1,-,,,,,
4026,13507,c.1004G>T,4,Point,Missense,-,-,-,-,Cys > Phe,1004,-,335,289,Serine Protease,Exon 8,p.Cys335Phe,30987,Cys,Phe,cysteine,phenylalanine,-,Moderate,-,-,2%,-,,,,,
4027,13508,c.1004G>C,1,Point,Missense,-,-,-,-,Cys > Ser,1004,-,335,289,Serine Protease,Exon 8,p.Cys335Ser,30987,Cys,Ser,cysteine,serine,-,Moderate,-,-,4%,-,,,,,
4028,13509,c.1009G>A,10,Point,Missense,-,-,-,-,Ala > Thr,1009,-,337,291,Serine Protease,Exon 8,p.Ala337Thr,30992,Ala,Thr,alanine,threonine,-,Mild,-,-,7%,9%,,,,,
4028,13510,c.1009G>A,10,Point,Missense,-,-,-,-,Ala > Thr,1009,-,337,291,Serine Protease,Exon 8,p.Ala337Thr,30992,Ala,Thr,alanine,threonine,-,Mild,-,-,9%,11%,,,,,
4028,13511,c.1009G>A,10,Point,Missense,-,-,-,-,Ala > Thr,1009,-,337,291,Serine Protease,Exon 8,p.Ala337Thr,30992,Ala,Thr,alanine,threonine,-,Mild,-,-,7%,10%,,,,,
4028,13512,c.1009G>A,10,Point,Missense,-,-,-,-,Ala > Thr,1009,-,337,291,Serine Protease,Exon 8,p.Ala337Thr,30992,Ala,Thr,alanine,threonine,-,Mild,-,-,10%,-,,,,,
4028,13513,c.1009G>A,10,Point,Missense,-,-,-,-,Ala > Thr,1009,-,337,291,Serine Protease,Exon 8,p.Ala337Thr,30992,Ala,Thr,alanine,threonine,-,Mild,-,-,6%,-,,,,,
4028,13514,c.1009G>A,10,Point,Missense,-,-,-,-,Ala > Thr,1009,-,337,291,Serine Protease,Exon 8,p.Ala337Thr,30992,Ala,Thr,alanine,threonine,-,-,-,-,-,-,,,,,
4028,13515,c.1009G>A,10,Point,Missense,-,-,-,-,Ala > Thr,1009,-,337,291,Serine Protease,Exon 8,p.Ala337Thr,30992,Ala,Thr,alanine,threonine,-,Severe,-,-,<1,-,,,,,
4028,13516,c.1009G>A,10,Point,Missense,-,-,-,-,Ala > Thr,1009,-,337,291,Serine Protease,Exon 8,p.Ala337Thr,30992,Ala,Thr,alanine,threonine,-,Moderate,-,-,1%,-,,,,,
4028,13517,c.1009G>A,10,Point,Missense,-,-,-,-,Ala > Thr,1009,-,337,291,Serine Protease,Exon 8,p.Ala337Thr,30992,Ala,Thr,alanine,threonine,-,Mild,-,-,10%,-,,,,,
4028,15271,c.1009G>A,10,Point,Missense,-,-,-,-,Ala > Thr,1009,-,337,291,Serine Protease,Exon 8,p.Ala337Thr,30992,Ala,Thr,alanine,threonine,-,Mild,-,-,4-16,-,,,,,
4029,13518,c.1009G>C,2,Point,Missense,-,-,-,double with 283 S>R (nucleotide 30970 C>G),Ala > Pro,1009,-,337,291,Serine Protease,Exon 8,p.Ala337Pro,30992,Ala,Pro,alanine,proline,-,Severe,-,-,<1,-,,,,,
4029,13519,c.1009G>C,2,Point,Missense,-,-,-,double with 283 S>R (nucleotide 30970 C>G),Ala > Pro,1009,-,337,291,Serine Protease,Exon 8,p.Ala337Pro,30992,Ala,Pro,alanine,proline,-,Moderate,-,-,2%,3%,,,,,
4030,13520,c.1010C>T,5,Point,Missense,-,-,-,de novo MGF,Ala > Val,1010,-,337,291,Serine Protease,Exon 8,p.Ala337Val,30993,Ala,Val,alanine,valine,-,Mild,-,-,9%,-,,,,,
4030,13521,c.1010C>T,5,Point,Missense,-,-,-,de novo MGF,Ala > Val,1010,-,337,291,Serine Protease,Exon 8,p.Ala337Val,30993,Ala,Val,alanine,valine,-,Mild,-,-,8%,-,,,,,
4030,15705,c.1010C>T,5,Point,Missense,-,-,-,de novo MGF,Ala > Val,1010,-,337,291,Serine Protease,Exon 8,p.Ala337Val,30993,Ala,Val,alanine,valine,-,Mild,-,-,6%,-,,,,,
4030,15706,c.1010C>T,5,Point,Missense,-,-,-,de novo MGF,Ala > Val,1010,-,337,291,Serine Protease,Exon 8,p.Ala337Val,30993,Ala,Val,alanine,valine,-,Mild,-,-,7%,-,,,,,
4030,15707,c.1010C>T,5,Point,Missense,No,-,-,de novo MGF,Ala > Val,1010,-,337,291,Serine Protease,Exon 8,p.Ala337Val,30993,Ala,Val,alanine,valine,-,Mild,-,-,7%,-,,,,,
4031,13522,c.1015A>G,3,Point,Missense,No,-,-,-,Lys > Glu,1015,-,339,293,Serine Protease,Exon 8,p.Lys339Glu,30998,Lys,Glu,lysine,glutamic acid,-,Mild,-,-,17%,80%,,,,,
4031,13523,c.1015A>G,3,Point,Missense,No,-,-,-,Lys > Glu,1015,-,339,293,Serine Protease,Exon 8,p.Lys339Glu,30998,Lys,Glu,lysine,glutamic acid,-,Mild,-,-,19%,80%,,,,,
4031,13524,c.1015A>G,3,Point,Missense,-,-,-,-,Lys > Glu,1015,-,339,293,Serine Protease,Exon 8,p.Lys339Glu,30998,Lys,Glu,lysine,glutamic acid,-,Mild,-,-,30%,-,,,,,
4032,13525,c.1018G>T,2,Point,Nonsense,-,-,-,De novo in MGM (24),Glu > *,1018,-,340,294,Serine Protease,Exon 8,p.(Glu340*),31001,Glu,*,glutamic acid,-,-,Severe,-,-,<1,<1,,,,,
4032,16136,c.1018G>T,2,Point,Nonsense,No,-,-,De novo in MGM (24),Glu > *,1018,-,340,294,Serine Protease,Exon 8,p.(Glu340*),31001,Glu,*,glutamic acid,-,-,Severe,-,-,<1,-,,,,,
4033,13526,c.1022A>G,1,Point,Missense,-,-,-,-,Tyr > Cys,1022,-,341,295,Serine Protease,Exon 8,p.Tyr341Cys,31005,Tyr,Cys,tyrosine,cysteine,-,Severe,-,-,<1,-,,,,,
4034,13528,c.1023C>A,1,Point,Nonsense,-,-,-,-,Tyr > *,1023,-,341,295,Serine Protease,Exon 8,p.(Tyr341*),31006,Tyr,*,tyrosine,-,-,Severe,-,-,<1,-,,,,,
4035,13527,c.1023C>G,3,Point,Nonsense,-,-,-,-,Tyr > *,1023,-,341,295,Serine Protease,Exon 8,p.(Tyr341*),31006,Tyr,*,tyrosine,-,-,Severe,-,-,<1,-,,,,,
4035,13529,c.1023C>G,3,Point,Nonsense,-,-,-,-,Tyr > *,1023,-,341,295,Serine Protease,Exon 8,p.(Tyr341*),31006,Tyr,*,tyrosine,-,-,Severe,-,-,<1,<1,,,,,
4035,13530,c.1023C>G,3,Point,Nonsense,-,-,-,-,Tyr > *,1023,-,341,295,Serine Protease,Exon 8,p.(Tyr341*),31006,Tyr,*,tyrosine,-,-,Severe,-,-,-,-,,,,,
4036,13531,c.1024delA,1,Deletion,Frameshift,-,-,-,Frameshift stop codon 342,Thr342fs*,1024,-,342,296,Serine Protease,Exon 8,p.(Thr342Argfs*12),31007,Thr342fs*,-,threonine,-,-,Moderate,-,-,-,-,,,,,
4037,13532,c.1024A>G,5,Point,Missense,-,-,-,-,Thr > Ala,1024,-,342,296,Serine Protease,Exon 8,p.Thr342Ala,31007,Thr,Ala,threonine,alanine,-,Mild,-,-,18%,-,,,,,
4037,13533,c.1024A>G,5,Point,Missense,-,-,-,-,Thr > Ala,1024,-,342,296,Serine Protease,Exon 8,p.Thr342Ala,31007,Thr,Ala,threonine,alanine,-,Mild,-,-,20%,-,,,,,
4037,13534,c.1024A>G,5,Point,Missense,-,-,-,-,Thr > Ala,1024,-,342,296,Serine Protease,Exon 8,p.Thr342Ala,31007,Thr,Ala,threonine,alanine,-,Mild,-,-,30%,-,,,,,
4037,15708,c.1024A>G,5,Point,Missense,No,-,-,-,Thr > Ala,1024,-,342,296,Serine Protease,Exon 8,p.Thr342Ala,31007,Thr,Ala,threonine,alanine,-,Mild,-,-,16%,-,,,,,
4037,15709,c.1024A>G,5,Point,Missense,No,-,-,-,Thr > Ala,1024,-,342,296,Serine Protease,Exon 8,p.Thr342Ala,31007,Thr,Ala,threonine,alanine,-,Mild,-,-,25%,-,,,,,
4038,13535,c.1024A>C,1,Point,Missense,-,-,-,-,Thr > Arg,1024,-,342,296,Serine Protease,Exon 8,p.Thr342Arg,31007,Thr,Arg,threonine,arginine,-,Severe,-,-,<1,-,,,,,
4039,13536,c.1025C>A,3,Point,Missense,-,-,-,-,Thr > Lys,1025,-,342,296,Serine Protease,Exon 8,p.Thr342Lys,31008,Thr,Lys,threonine,lysine,-,-,-,-,-,-,,,,,
4039,13537,c.1025C>A,3,Point,Missense,-,-,-,-,Thr > Lys,1025,-,342,296,Serine Protease,Exon 8,p.Thr342Lys,31008,Thr,Lys,threonine,lysine,-,Mild,-,-,-,-,,,,,
4039,15710,c.1025C>A,3,Point,Missense,Yes,-,-,-,Thr > Lys,1025,-,342,296,Serine Protease,Exon 8,p.Thr342Lys,31008,Thr,Lys,threonine,lysine,-,Moderate,-,-,3%,-,,,,,
4040,13538,c.1025C>T,322,Point,Missense,-,-,-,"Haplotype differs from 257, 260 and 742",Thr > Met,1025,-,342,296,Serine Protease,Exon 8,p.Thr342Met,31008,Thr,Met,threonine,methionine,-,Moderate,-,-,4%,7%,,,,,
4040,13539,c.1025C>T,322,Point,Missense,-,-,-,"Haplotype differs from 257, 260 and 742",Thr > Met,1025,-,342,296,Serine Protease,Exon 8,p.Thr342Met,31008,Thr,Met,threonine,methionine,-,Mild,-,-,6%,7%,,,,,
4040,13540,c.1025C>T,322,Point,Missense,-,-,-,"Haplotype differs from 257, 260 and 742",Thr > Met,1025,-,342,296,Serine Protease,Exon 8,p.Thr342Met,31008,Thr,Met,threonine,methionine,-,Moderate,-,-,5%,7%,,,,,
4040,13541,c.1025C>T,322,Point,Missense,-,-,-,"Haplotype differs from 257, 260 and 742",Thr > Met,1025,-,342,296,Serine Protease,Exon 8,p.Thr342Met,31008,Thr,Met,threonine,methionine,-,Moderate,-,-,4%,15%,,,,,
4040,13542,c.1025C>T,322,Point,Missense,-,-,-,"Haplotype differs from 257, 260 and 742",Thr > Met,1025,-,342,296,Serine Protease,Exon 8,p.Thr342Met,31008,Thr,Met,threonine,methionine,-,Moderate,-,-,4%,9%,,,,,
4040,13543,c.1025C>T,322,Point,Missense,-,-,-,"Haplotype differs from 257, 260 and 742",Thr > Met,1025,-,342,296,Serine Protease,Exon 8,p.Thr342Met,31008,Thr,Met,threonine,methionine,-,Mild,-,-,6%,5%,,,,,
4040,13544,c.1025C>T,322,Point,Missense,-,-,-,"Haplotype differs from 257, 260 and 742",Thr > Met,1025,-,342,296,Serine Protease,Exon 8,p.Thr342Met,31008,Thr,Met,threonine,methionine,-,Moderate,-,-,2%,6%,,,,,
4040,13545,c.1025C>T,322,Point,Missense,No,-,-,"Haplotype differs from 257, 260 and 742",Thr > Met,1025,-,342,296,Serine Protease,Exon 8,p.Thr342Met,31008,Thr,Met,threonine,methionine,-,Severe,-,-,<1,4 to 14,,,,,
4040,13546,c.1025C>T,322,Point,Missense,-,-,-,"Haplotype differs from 257, 260 and 742",Thr > Met,1025,-,342,296,Serine Protease,Exon 8,p.Thr342Met,31008,Thr,Met,threonine,methionine,-,-,-,-,-,6%,,,,,
4040,13547,c.1025C>T,322,Point,Missense,-,-,-,"Haplotype differs from 257, 260 and 742",Thr > Met,1025,-,342,296,Serine Protease,Exon 8,p.Thr342Met,31008,Thr,Met,threonine,methionine,-,Moderate,-,-,4%,10%,,,,,
4040,13548,c.1025C>T,322,Point,Missense,-,-,-,"Haplotype differs from 257, 260 and 742",Thr > Met,1025,-,342,296,Serine Protease,Exon 8,p.Thr342Met,31008,Thr,Met,threonine,methionine,-,Moderate,-,-,5%,11%,,,,,
4040,13549,c.1025C>T,322,Point,Missense,-,-,-,"Haplotype differs from 257, 260 and 742",Thr > Met,1025,-,342,296,Serine Protease,Exon 8,p.Thr342Met,31008,Thr,Met,threonine,methionine,-,Moderate,-,-,2%,6%,,,,,
4040,13550,c.1025C>T,322,Point,Missense,-,-,-,"Haplotype differs from 257, 260 and 742",Thr > Met,1025,-,342,296,Serine Protease,Exon 8,p.Thr342Met,31008,Thr,Met,threonine,methionine,-,Moderate,-,-,1%,23%,,,,,
4040,13551,c.1025C>T,322,Point,Missense,-,-,-,"Haplotype differs from 257, 260 and 742",Thr > Met,1025,-,342,296,Serine Protease,Exon 8,p.Thr342Met,31008,Thr,Met,threonine,methionine,-,Mild,-,-,6%,7%,,,,,
4040,13552,c.1025C>T,322,Point,Missense,-,-,-,"Haplotype differs from 257, 260 and 742",Thr > Met,1025,-,342,296,Serine Protease,Exon 8,p.Thr342Met,31008,Thr,Met,threonine,methionine,-,Moderate,-,-,5%,7%,,,,,
4040,13553,c.1025C>T,322,Point,Missense,-,-,-,"Haplotype differs from 257, 260 and 742",Thr > Met,1025,-,342,296,Serine Protease,Exon 8,p.Thr342Met,31008,Thr,Met,threonine,methionine,-,Mild,-,-,9%,8%,,,,,
4040,13554,c.1025C>T,322,Point,Missense,-,-,-,"Haplotype differs from 257, 260 and 742",Thr > Met,1025,-,342,296,Serine Protease,Exon 8,p.Thr342Met,31008,Thr,Met,threonine,methionine,-,-,-,-,-,-,,,,,
4040,13555,c.1025C>T,322,Point,Missense,-,-,-,"Haplotype differs from 257, 260 and 742",Thr > Met,1025,-,342,296,Serine Protease,Exon 8,p.Thr342Met,31008,Thr,Met,threonine,methionine,-,Moderate,-,-,2%,-,,,,,
4040,13556,c.1025C>T,322,Point,Missense,-,-,-,"Haplotype differs from 257, 260 and 742",Thr > Met,1025,-,342,296,Serine Protease,Exon 8,p.Thr342Met,31008,Thr,Met,threonine,methionine,-,-,-,-,-,-,,,,,
4040,13557,c.1025C>T,322,Point,Missense,-,-,-,"Haplotype differs from 257, 260 and 742",Thr > Met,1025,-,342,296,Serine Protease,Exon 8,p.Thr342Met,31008,Thr,Met,threonine,methionine,-,Moderate,-,-,5%,10%,,,,,
4040,13558,c.1025C>T,322,Point,Missense,-,-,-,"Haplotype differs from 257, 260 and 742",Thr > Met,1025,-,342,296,Serine Protease,Exon 8,p.Thr342Met,31008,Thr,Met,threonine,methionine,-,Mild,-,-,6%,6%,,,,,
4040,13559,c.1025C>T,322,Point,Missense,-,-,-,"Haplotype differs from 257, 260 and 742",Thr > Met,1025,-,342,296,Serine Protease,Exon 8,p.Thr342Met,31008,Thr,Met,threonine,methionine,-,Moderate,-,-,5%,8%,,,,,
4040,13560,c.1025C>T,322,Point,Missense,-,-,-,"Haplotype differs from 257, 260 and 742",Thr > Met,1025,-,342,296,Serine Protease,Exon 8,p.Thr342Met,31008,Thr,Met,threonine,methionine,-,Moderate,-,-,3%,8%,,,,,
4040,13561,c.1025C>T,322,Point,Missense,-,-,-,"Haplotype differs from 257, 260 and 742",Thr > Met,1025,-,342,296,Serine Protease,Exon 8,p.Thr342Met,31008,Thr,Met,threonine,methionine,-,Moderate,-,-,4%,10%,,,,,
4040,13562,c.1025C>T,322,Point,Missense,-,-,-,"Haplotype differs from 257, 260 and 742",Thr > Met,1025,-,342,296,Serine Protease,Exon 8,p.Thr342Met,31008,Thr,Met,threonine,methionine,-,Mild,-,-,7%,-,,,,,
4040,13563,c.1025C>T,322,Point,Missense,-,-,-,"Haplotype differs from 257, 260 and 742",Thr > Met,1025,-,342,296,Serine Protease,Exon 8,p.Thr342Met,31008,Thr,Met,threonine,methionine,-,Moderate,-,-,2%,11%,,,,,
4040,13564,c.1025C>T,322,Point,Missense,-,-,-,"Haplotype differs from 257, 260 and 742",Thr > Met,1025,-,342,296,Serine Protease,Exon 8,p.Thr342Met,31008,Thr,Met,threonine,methionine,-,Moderate,-,-,5%,17%,,,,,
4040,13565,c.1025C>T,322,Point,Missense,-,-,-,"Haplotype differs from 257, 260 and 742",Thr > Met,1025,-,342,296,Serine Protease,Exon 8,p.Thr342Met,31008,Thr,Met,threonine,methionine,-,Mild,-,-,15%,-,,,,,
4040,13566,c.1025C>T,322,Point,Missense,-,-,-,"Haplotype differs from 257, 260 and 742",Thr > Met,1025,-,342,296,Serine Protease,Exon 8,p.Thr342Met,31008,Thr,Met,threonine,methionine,-,Moderate,-,-,2%,-,,,,,
4040,13567,c.1025C>T,322,Point,Missense,-,-,-,"Haplotype differs from 257, 260 and 742",Thr > Met,1025,-,342,296,Serine Protease,Exon 8,p.Thr342Met,31008,Thr,Met,threonine,methionine,-,Moderate,-,-,2%,-,,,,,
4040,13568,c.1025C>T,322,Point,Missense,-,-,-,"Haplotype differs from 257, 260 and 742",Thr > Met,1025,-,342,296,Serine Protease,Exon 8,p.Thr342Met,31008,Thr,Met,threonine,methionine,-,Moderate,-,-,4%,4%,,,,,
4040,13569,c.1025C>T,322,Point,Missense,-,-,-,"Haplotype differs from 257, 260 and 742",Thr > Met,1025,-,342,296,Serine Protease,Exon 8,p.Thr342Met,31008,Thr,Met,threonine,methionine,-,Moderate,-,-,2%,-,,,,,
4040,13570,c.1025C>T,322,Point,Missense,-,-,-,"Haplotype differs from 257, 260 and 742",Thr > Met,1025,-,342,296,Serine Protease,Exon 8,p.Thr342Met,31008,Thr,Met,threonine,methionine,-,Mild,-,-,8%,-,,,,,
4040,13571,c.1025C>T,322,Point,Missense,-,-,-,"Haplotype differs from 257, 260 and 742",Thr > Met,1025,-,342,296,Serine Protease,Exon 8,p.Thr342Met,31008,Thr,Met,threonine,methionine,-,Moderate,-,-,2%,5%,,,,,
4040,13572,c.1025C>T,322,Point,Missense,-,-,-,"Haplotype differs from 257, 260 and 742",Thr > Met,1025,-,342,296,Serine Protease,Exon 8,p.Thr342Met,31008,Thr,Met,threonine,methionine,-,-,-,-,-,6%,,,,,
4040,13573,c.1025C>T,322,Point,Missense,-,-,-,"Haplotype differs from 257, 260 and 742",Thr > Met,1025,-,342,296,Serine Protease,Exon 8,p.Thr342Met,31008,Thr,Met,threonine,methionine,-,Moderate,-,-,2%,7%,,,,,
4040,13574,c.1025C>T,322,Point,Missense,-,-,-,"Haplotype differs from 257, 260 and 742",Thr > Met,1025,-,342,296,Serine Protease,Exon 8,p.Thr342Met,31008,Thr,Met,threonine,methionine,-,Moderate,-,-,2%,3%,,,,,
4040,13575,c.1025C>T,322,Point,Missense,-,-,-,"Haplotype differs from 257, 260 and 742",Thr > Met,1025,-,342,296,Serine Protease,Exon 8,p.Thr342Met,31008,Thr,Met,threonine,methionine,-,Moderate,-,-,5%,-,,,,,
4040,13576,c.1025C>T,322,Point,Missense,-,-,-,"Haplotype differs from 257, 260 and 742",Thr > Met,1025,-,342,296,Serine Protease,Exon 8,p.Thr342Met,31008,Thr,Met,threonine,methionine,-,Mild,-,-,15%,-,,,,,
4040,13577,c.1025C>T,322,Point,Missense,-,-,-,"Haplotype differs from 257, 260 and 742",Thr > Met,1025,-,342,296,Serine Protease,Exon 8,p.Thr342Met,31008,Thr,Met,threonine,methionine,-,Mild,-,-,8%,-,,,,,
4040,13578,c.1025C>T,322,Point,Missense,-,-,-,"Haplotype differs from 257, 260 and 742",Thr > Met,1025,-,342,296,Serine Protease,Exon 8,p.Thr342Met,31008,Thr,Met,threonine,methionine,-,Mild,-,-,7%,-,,,,,
4040,13579,c.1025C>T,322,Point,Missense,-,-,-,"Haplotype differs from 257, 260 and 742",Thr > Met,1025,-,342,296,Serine Protease,Exon 8,p.Thr342Met,31008,Thr,Met,threonine,methionine,-,Mild,-,-,9%,9%,,,,,
4040,13580,c.1025C>T,322,Point,Missense,-,-,-,"Haplotype differs from 257, 260 and 742",Thr > Met,1025,-,342,296,Serine Protease,Exon 8,p.Thr342Met,31008,Thr,Met,threonine,methionine,-,Mild,-,-,8%,7%,,,,,
4040,13581,c.1025C>T,322,Point,Missense,-,-,-,"Haplotype differs from 257, 260 and 742",Thr > Met,1025,-,342,296,Serine Protease,Exon 8,p.Thr342Met,31008,Thr,Met,threonine,methionine,-,Moderate,-,-,5%,-,,,,,
4040,13582,c.1025C>T,322,Point,Missense,-,-,-,"Haplotype differs from 257, 260 and 742",Thr > Met,1025,-,342,296,Serine Protease,Exon 8,p.Thr342Met,31008,Thr,Met,threonine,methionine,-,Moderate,-,-,4%,-,,,,,
4040,13583,c.1025C>T,322,Point,Missense,-,-,-,"Haplotype differs from 257, 260 and 742",Thr > Met,1025,-,342,296,Serine Protease,Exon 8,p.Thr342Met,31008,Thr,Met,threonine,methionine,-,Mild,-,-,10%,-,,,,,
4040,13584,c.1025C>T,322,Point,Missense,-,-,-,"Haplotype differs from 257, 260 and 742",Thr > Met,1025,-,342,296,Serine Protease,Exon 8,p.Thr342Met,31008,Thr,Met,threonine,methionine,-,Moderate,-,-,-,-,,,,,
4040,13585,c.1025C>T,322,Point,Missense,-,-,-,"Haplotype differs from 257, 260 and 742",Thr > Met,1025,-,342,296,Serine Protease,Exon 8,p.Thr342Met,31008,Thr,Met,threonine,methionine,-,Moderate,-,-,4%,13%,,,,,
4040,13586,c.1025C>T,322,Point,Missense,-,-,-,"Haplotype differs from 257, 260 and 742",Thr > Met,1025,-,342,296,Serine Protease,Exon 8,p.Thr342Met,31008,Thr,Met,threonine,methionine,-,Mild,-,-,-,-,,,,,
4040,13587,c.1025C>T,322,Point,Missense,-,-,-,"Haplotype differs from 257, 260 and 742",Thr > Met,1025,-,342,296,Serine Protease,Exon 8,p.Thr342Met,31008,Thr,Met,threonine,methionine,-,Mild,-,-,6%,9%,,,,,
4040,13588,c.1025C>T,322,Point,Missense,-,-,-,"Haplotype differs from 257, 260 and 742",Thr > Met,1025,-,342,296,Serine Protease,Exon 8,p.Thr342Met,31008,Thr,Met,threonine,methionine,-,Moderate,-,-,3%,5.50%,,,,,
4040,13589,c.1025C>T,322,Point,Missense,-,-,-,"Haplotype differs from 257, 260 and 742",Thr > Met,1025,-,342,296,Serine Protease,Exon 8,p.Thr342Met,31008,Thr,Met,threonine,methionine,-,Mild,-,-,7%,6%,,,,,
4040,13590,c.1025C>T,322,Point,Missense,-,-,-,"Haplotype differs from 257, 260 and 742",Thr > Met,1025,-,342,296,Serine Protease,Exon 8,p.Thr342Met,31008,Thr,Met,threonine,methionine,-,Mild,-,-,-,-,,,,,
4040,13591,c.1025C>T,322,Point,Missense,-,-,-,"Haplotype differs from 257, 260 and 742",Thr > Met,1025,-,342,296,Serine Protease,Exon 8,p.Thr342Met,31008,Thr,Met,threonine,methionine,-,Moderate,-,-,3.50%,4.40%,,,,,
4040,13592,c.1025C>T,322,Point,Missense,-,-,-,"Haplotype differs from 257, 260 and 742",Thr > Met,1025,-,342,296,Serine Protease,Exon 8,p.Thr342Met,31008,Thr,Met,threonine,methionine,-,Mild,-,-,9%,12%,,,,,
4040,13593,c.1025C>T,322,Point,Missense,-,-,-,"Haplotype differs from 257, 260 and 742",Thr > Met,1025,-,342,296,Serine Protease,Exon 8,p.Thr342Met,31008,Thr,Met,threonine,methionine,-,Moderate,-,-,5%,7%,,,,,
4040,13594,c.1025C>T,322,Point,Missense,-,-,-,"Haplotype differs from 257, 260 and 742",Thr > Met,1025,-,342,296,Serine Protease,Exon 8,p.Thr342Met,31008,Thr,Met,threonine,methionine,-,Moderate,-,-,3%,7.80%,,,,,
4040,13595,c.1025C>T,322,Point,Missense,-,-,-,"Haplotype differs from 257, 260 and 742",Thr > Met,1025,-,342,296,Serine Protease,Exon 8,p.Thr342Met,31008,Thr,Met,threonine,methionine,-,Moderate,-,-,2.90%,7.50%,,,,,
4040,13596,c.1025C>T,322,Point,Missense,-,-,-,"Haplotype differs from 257, 260 and 742",Thr > Met,1025,-,342,296,Serine Protease,Exon 8,p.Thr342Met,31008,Thr,Met,threonine,methionine,-,Moderate,-,-,5%,-,,,,,
4040,13597,c.1025C>T,322,Point,Missense,-,-,-,"Haplotype differs from 257, 260 and 742",Thr > Met,1025,-,342,296,Serine Protease,Exon 8,p.Thr342Met,31008,Thr,Met,threonine,methionine,-,-,-,-,-,-,,,,,
4040,13598,c.1025C>T,322,Point,Missense,-,-,-,"Haplotype differs from 257, 260 and 742",Thr > Met,1025,-,342,296,Serine Protease,Exon 8,p.Thr342Met,31008,Thr,Met,threonine,methionine,-,Moderate,-,-,2.50%,-,,,,,
4040,13599,c.1025C>T,322,Point,Missense,-,-,-,"Haplotype differs from 257, 260 and 742",Thr > Met,1025,-,342,296,Serine Protease,Exon 8,p.Thr342Met,31008,Thr,Met,threonine,methionine,-,Mild,-,-,7%,-,,,,,
4040,13600,c.1025C>T,322,Point,Missense,-,-,-,"Haplotype differs from 257, 260 and 742",Thr > Met,1025,-,342,296,Serine Protease,Exon 8,p.Thr342Met,31008,Thr,Met,threonine,methionine,-,Mild,-,-,6%,-,,,,,
4040,13601,c.1025C>T,322,Point,Missense,-,-,-,"Haplotype differs from 257, 260 and 742",Thr > Met,1025,-,342,296,Serine Protease,Exon 8,p.Thr342Met,31008,Thr,Met,threonine,methionine,-,Mild,-,-,9%,-,,,,,
4040,13602,c.1025C>T,322,Point,Missense,-,-,-,"Haplotype differs from 257, 260 and 742",Thr > Met,1025,-,342,296,Serine Protease,Exon 8,p.Thr342Met,31008,Thr,Met,threonine,methionine,-,Moderate,-,-,3%,-,,,,,
4040,13603,c.1025C>T,322,Point,Missense,-,-,-,"Haplotype differs from 257, 260 and 742",Thr > Met,1025,-,342,296,Serine Protease,Exon 8,p.Thr342Met,31008,Thr,Met,threonine,methionine,-,Mild,-,-,7%,-,,,,,
4040,13604,c.1025C>T,322,Point,Missense,-,-,-,"Haplotype differs from 257, 260 and 742",Thr > Met,1025,-,342,296,Serine Protease,Exon 8,p.Thr342Met,31008,Thr,Met,threonine,methionine,-,Moderate,-,-,2%,-,,,,,
4040,13605,c.1025C>T,322,Point,Missense,-,-,-,"Haplotype differs from 257, 260 and 742",Thr > Met,1025,-,342,296,Serine Protease,Exon 8,p.Thr342Met,31008,Thr,Met,threonine,methionine,-,Moderate,-,-,4%,-,,,,,
4040,13606,c.1025C>T,322,Point,Missense,-,-,-,"Haplotype differs from 257, 260 and 742",Thr > Met,1025,-,342,296,Serine Protease,Exon 8,p.Thr342Met,31008,Thr,Met,threonine,methionine,-,Mild,-,-,8%,-,,,,,
4040,13607,c.1025C>T,322,Point,Missense,-,-,-,"Haplotype differs from 257, 260 and 742",Thr > Met,1025,-,342,296,Serine Protease,Exon 8,p.Thr342Met,31008,Thr,Met,threonine,methionine,-,-,-,-,-,-,,,,,
4040,13608,c.1025C>T,322,Point,Missense,-,-,-,"Haplotype differs from 257, 260 and 742",Thr > Met,1025,-,342,296,Serine Protease,Exon 8,p.Thr342Met,31008,Thr,Met,threonine,methionine,-,Mild,-,-,16%,-,,,,,
4040,13609,c.1025C>T,322,Point,Missense,-,-,-,"Haplotype differs from 257, 260 and 742",Thr > Met,1025,-,342,296,Serine Protease,Exon 8,p.Thr342Met,31008,Thr,Met,threonine,methionine,-,Moderate,-,-,3%,-,,,,,
4040,13610,c.1025C>T,322,Point,Missense,-,-,-,"Haplotype differs from 257, 260 and 742",Thr > Met,1025,-,342,296,Serine Protease,Exon 8,p.Thr342Met,31008,Thr,Met,threonine,methionine,-,Moderate,-,-,4%,-,,,,,
4040,13611,c.1025C>T,322,Point,Missense,-,-,-,"Haplotype differs from 257, 260 and 742",Thr > Met,1025,-,342,296,Serine Protease,Exon 8,p.Thr342Met,31008,Thr,Met,threonine,methionine,-,Moderate,-,-,2%,-,,,,,
4040,13612,c.1025C>T,322,Point,Missense,-,-,-,"Haplotype differs from 257, 260 and 742",Thr > Met,1025,-,342,296,Serine Protease,Exon 8,p.Thr342Met,31008,Thr,Met,threonine,methionine,-,Moderate,-,-,3%,-,,,,,
4040,13613,c.1025C>T,322,Point,Missense,-,-,-,"Haplotype differs from 257, 260 and 742",Thr > Met,1025,-,342,296,Serine Protease,Exon 8,p.Thr342Met,31008,Thr,Met,threonine,methionine,-,Moderate,-,-,2%,-,,,,,
4040,13614,c.1025C>T,322,Point,Missense,-,-,-,"Haplotype differs from 257, 260 and 742",Thr > Met,1025,-,342,296,Serine Protease,Exon 8,p.Thr342Met,31008,Thr,Met,threonine,methionine,-,Moderate,-,-,4%,-,,,,,
4040,13615,c.1025C>T,322,Point,Missense,-,-,-,"Haplotype differs from 257, 260 and 742",Thr > Met,1025,-,342,296,Serine Protease,Exon 8,p.Thr342Met,31008,Thr,Met,threonine,methionine,-,-,-,-,-,-,,,,,
4040,13616,c.1025C>T,322,Point,Missense,-,-,-,"Haplotype differs from 257, 260 and 742",Thr > Met,1025,-,342,296,Serine Protease,Exon 8,p.Thr342Met,31008,Thr,Met,threonine,methionine,-,-,-,-,-,-,,,,,
4040,13617,c.1025C>T,322,Point,Missense,-,-,-,"Haplotype differs from 257, 260 and 742",Thr > Met,1025,-,342,296,Serine Protease,Exon 8,p.Thr342Met,31008,Thr,Met,threonine,methionine,-,Severe,-,-,<1,-,,,,,
4040,13618,c.1025C>T,322,Point,Missense,-,-,-,"Haplotype differs from 257, 260 and 742",Thr > Met,1025,-,342,296,Serine Protease,Exon 8,p.Thr342Met,31008,Thr,Met,threonine,methionine,-,Mild,-,-,6%,9%,,,,,
4040,13619,c.1025C>T,322,Point,Missense,-,-,-,"Haplotype differs from 257, 260 and 742",Thr > Met,1025,-,342,296,Serine Protease,Exon 8,p.Thr342Met,31008,Thr,Met,threonine,methionine,-,-,-,-,-,4%,,,,,
4040,13620,c.1025C>T,322,Point,Missense,-,-,-,"Haplotype differs from 257, 260 and 742",Thr > Met,1025,-,342,296,Serine Protease,Exon 8,p.Thr342Met,31008,Thr,Met,threonine,methionine,-,Moderate,-,-,2%,10%,,,,,
4040,13621,c.1025C>T,322,Point,Missense,-,-,-,"Haplotype differs from 257, 260 and 742",Thr > Met,1025,-,342,296,Serine Protease,Exon 8,p.Thr342Met,31008,Thr,Met,threonine,methionine,-,Mild,-,-,7%,11%,,,,,
4040,13622,c.1025C>T,322,Point,Missense,-,-,-,"Haplotype differs from 257, 260 and 742",Thr > Met,1025,-,342,296,Serine Protease,Exon 8,p.Thr342Met,31008,Thr,Met,threonine,methionine,-,Moderate,-,-,4%,-,,,,,
4040,13623,c.1025C>T,322,Point,Missense,-,-,-,"Haplotype differs from 257, 260 and 742",Thr > Met,1025,-,342,296,Serine Protease,Exon 8,p.Thr342Met,31008,Thr,Met,threonine,methionine,-,Moderate,-,-,3%,-,,,,,
4040,13624,c.1025C>T,322,Point,Missense,-,-,-,"Haplotype differs from 257, 260 and 742",Thr > Met,1025,-,342,296,Serine Protease,Exon 8,p.Thr342Met,31008,Thr,Met,threonine,methionine,-,Moderate,-,-,3%,-,,,,,
4040,13625,c.1025C>T,322,Point,Missense,-,-,-,"Haplotype differs from 257, 260 and 742",Thr > Met,1025,-,342,296,Serine Protease,Exon 8,p.Thr342Met,31008,Thr,Met,threonine,methionine,-,-,-,-,-,-,,,,,
4040,13626,c.1025C>T,322,Point,Missense,-,-,-,"Haplotype differs from 257, 260 and 742",Thr > Met,1025,-,342,296,Serine Protease,Exon 8,p.Thr342Met,31008,Thr,Met,threonine,methionine,-,Mild,-,-,12%,-,,,,,
4040,13627,c.1025C>T,322,Point,Missense,-,-,-,"Haplotype differs from 257, 260 and 742",Thr > Met,1025,-,342,296,Serine Protease,Exon 8,p.Thr342Met,31008,Thr,Met,threonine,methionine,-,Mild,-,-,15%,10%,,,,,
4040,13628,c.1025C>T,322,Point,Missense,-,-,-,"Haplotype differs from 257, 260 and 742",Thr > Met,1025,-,342,296,Serine Protease,Exon 8,p.Thr342Met,31008,Thr,Met,threonine,methionine,-,-,-,-,-,-,,,,,
4040,13629,c.1025C>T,322,Point,Missense,-,-,-,"Haplotype differs from 257, 260 and 742",Thr > Met,1025,-,342,296,Serine Protease,Exon 8,p.Thr342Met,31008,Thr,Met,threonine,methionine,-,Severe,-,-,<1,-,,,,,
4040,13630,c.1025C>T,322,Point,Missense,-,-,-,"Haplotype differs from 257, 260 and 742",Thr > Met,1025,-,342,296,Serine Protease,Exon 8,p.Thr342Met,31008,Thr,Met,threonine,methionine,-,Moderate,-,-,5%,-,,,,,
4040,13631,c.1025C>T,322,Point,Missense,-,-,-,"Haplotype differs from 257, 260 and 742",Thr > Met,1025,-,342,296,Serine Protease,Exon 8,p.Thr342Met,31008,Thr,Met,threonine,methionine,-,Mild,-,-,11%,-,,,,,
4040,13632,c.1025C>T,322,Point,Missense,-,-,-,"Haplotype differs from 257, 260 and 742",Thr > Met,1025,-,342,296,Serine Protease,Exon 8,p.Thr342Met,31008,Thr,Met,threonine,methionine,-,Mild,-,-,28%,-,,,,,
4040,13633,c.1025C>T,322,Point,Missense,-,-,-,"Haplotype differs from 257, 260 and 742",Thr > Met,1025,-,342,296,Serine Protease,Exon 8,p.Thr342Met,31008,Thr,Met,threonine,methionine,-,-,-,-,-,-,,,,,
4040,13634,c.1025C>T,322,Point,Missense,-,-,-,"Haplotype differs from 257, 260 and 742",Thr > Met,1025,-,342,296,Serine Protease,Exon 8,p.Thr342Met,31008,Thr,Met,threonine,methionine,-,-,-,-,-,-,,,,,
4040,13635,c.1025C>T,322,Point,Missense,-,-,-,"Haplotype differs from 257, 260 and 742",Thr > Met,1025,-,342,296,Serine Protease,Exon 8,p.Thr342Met,31008,Thr,Met,threonine,methionine,-,-,-,-,-,-,,,,,
4040,13636,c.1025C>T,322,Point,Missense,-,-,-,"Haplotype differs from 257, 260 and 742",Thr > Met,1025,-,342,296,Serine Protease,Exon 8,p.Thr342Met,31008,Thr,Met,threonine,methionine,-,Mild,-,-,12%,-,,,,,
4040,13637,c.1025C>T,322,Point,Missense,-,-,-,"Haplotype differs from 257, 260 and 742",Thr > Met,1025,-,342,296,Serine Protease,Exon 8,p.Thr342Met,31008,Thr,Met,threonine,methionine,-,Moderate,-,-,3%,8%,,,,,
4040,13638,c.1025C>T,322,Point,Missense,-,-,-,"Haplotype differs from 257, 260 and 742",Thr > Met,1025,-,342,296,Serine Protease,Exon 8,p.Thr342Met,31008,Thr,Met,threonine,methionine,-,Moderate,-,-,3%,8%,,,,,
4040,13639,c.1025C>T,322,Point,Missense,-,-,-,"Haplotype differs from 257, 260 and 742",Thr > Met,1025,-,342,296,Serine Protease,Exon 8,p.Thr342Met,31008,Thr,Met,threonine,methionine,-,Severe,-,-,<1,-,,,,,
4040,13640,c.1025C>T,322,Point,Missense,-,-,-,"Haplotype differs from 257, 260 and 742",Thr > Met,1025,-,342,296,Serine Protease,Exon 8,p.Thr342Met,31008,Thr,Met,threonine,methionine,-,Moderate,-,-,2%,-,,,,,
4040,13641,c.1025C>T,322,Point,Missense,-,-,-,"Haplotype differs from 257, 260 and 742",Thr > Met,1025,-,342,296,Serine Protease,Exon 8,p.Thr342Met,31008,Thr,Met,threonine,methionine,-,-,-,-,-,-,,,,,
4040,13642,c.1025C>T,322,Point,Missense,-,-,-,"Haplotype differs from 257, 260 and 742",Thr > Met,1025,-,342,296,Serine Protease,Exon 8,p.Thr342Met,31008,Thr,Met,threonine,methionine,-,Mild,-,-,4 to 12,-,,,,,
4040,13643,c.1025C>T,322,Point,Missense,-,-,-,"Haplotype differs from 257, 260 and 742",Thr > Met,1025,-,342,296,Serine Protease,Exon 8,p.Thr342Met,31008,Thr,Met,threonine,methionine,-,Moderate,-,-,2%,-,,,,,
4040,13644,c.1025C>T,322,Point,Missense,-,-,-,"Haplotype differs from 257, 260 and 742",Thr > Met,1025,-,342,296,Serine Protease,Exon 8,p.Thr342Met,31008,Thr,Met,threonine,methionine,-,-,-,-,-,-,,,,,
4040,13645,c.1025C>T,322,Point,Missense,-,-,-,"Haplotype differs from 257, 260 and 742",Thr > Met,1025,-,342,296,Serine Protease,Exon 8,p.Thr342Met,31008,Thr,Met,threonine,methionine,-,Severe,-,-,<1,-,,,,,
4040,13646,c.1025C>T,322,Point,Missense,-,-,-,"Haplotype differs from 257, 260 and 742",Thr > Met,1025,-,342,296,Serine Protease,Exon 8,p.Thr342Met,31008,Thr,Met,threonine,methionine,-,-,-,-,-,-,,,,,
4040,13647,c.1025C>T,322,Point,Missense,-,-,-,"Haplotype differs from 257, 260 and 742",Thr > Met,1025,-,342,296,Serine Protease,Exon 8,p.Thr342Met,31008,Thr,Met,threonine,methionine,-,Mild,-,-,11%,5%,,,,,
4040,13648,c.1025C>T,322,Point,Missense,-,-,-,"Haplotype differs from 257, 260 and 742",Thr > Met,1025,-,342,296,Serine Protease,Exon 8,p.Thr342Met,31008,Thr,Met,threonine,methionine,-,Moderate,-,-,4%,-,,,,,
4040,13649,c.1025C>T,322,Point,Missense,-,-,-,"Haplotype differs from 257, 260 and 742",Thr > Met,1025,-,342,296,Serine Protease,Exon 8,p.Thr342Met,31008,Thr,Met,threonine,methionine,-,-,-,-,-,8%,,,,,
4040,13650,c.1025C>T,322,Point,Missense,-,-,-,"Haplotype differs from 257, 260 and 742",Thr > Met,1025,-,342,296,Serine Protease,Exon 8,p.Thr342Met,31008,Thr,Met,threonine,methionine,-,-,-,-,-,-,,,,,
4040,13651,c.1025C>T,322,Point,Missense,-,-,-,"Haplotype differs from 257, 260 and 742",Thr > Met,1025,-,342,296,Serine Protease,Exon 8,p.Thr342Met,31008,Thr,Met,threonine,methionine,-,-,-,-,-,-,,,,,
4040,13652,c.1025C>T,322,Point,Missense,-,-,-,"Haplotype differs from 257, 260 and 742",Thr > Met,1025,-,342,296,Serine Protease,Exon 8,p.Thr342Met,31008,Thr,Met,threonine,methionine,-,-,-,-,-,-,,,,,
4040,13653,c.1025C>T,322,Point,Missense,-,-,-,"Haplotype differs from 257, 260 and 742",Thr > Met,1025,-,342,296,Serine Protease,Exon 8,p.Thr342Met,31008,Thr,Met,threonine,methionine,-,-,-,-,-,-,,,,,
4040,13654,c.1025C>T,322,Point,Missense,-,-,-,"Haplotype differs from 257, 260 and 742",Thr > Met,1025,-,342,296,Serine Protease,Exon 8,p.Thr342Met,31008,Thr,Met,threonine,methionine,-,-,-,-,-,-,,,,,
4040,13655,c.1025C>T,322,Point,Missense,-,-,-,"Haplotype differs from 257, 260 and 742",Thr > Met,1025,-,342,296,Serine Protease,Exon 8,p.Thr342Met,31008,Thr,Met,threonine,methionine,-,Moderate,-,-,3%,-,,,,,
4040,13656,c.1025C>T,322,Point,Missense,-,-,-,"Haplotype differs from 257, 260 and 742",Thr > Met,1025,-,342,296,Serine Protease,Exon 8,p.Thr342Met,31008,Thr,Met,threonine,methionine,-,-,-,-,-,-,,,,,
4040,13657,c.1025C>T,322,Point,Missense,-,-,-,"Haplotype differs from 257, 260 and 742",Thr > Met,1025,-,342,296,Serine Protease,Exon 8,p.Thr342Met,31008,Thr,Met,threonine,methionine,-,Moderate,-,-,5%,-,,,,,
4040,13658,c.1025C>T,322,Point,Missense,-,-,-,"Haplotype differs from 257, 260 and 742",Thr > Met,1025,-,342,296,Serine Protease,Exon 8,p.Thr342Met,31008,Thr,Met,threonine,methionine,-,Moderate,-,-,3%,-,,,,,
4040,13659,c.1025C>T,322,Point,Missense,-,-,-,"Haplotype differs from 257, 260 and 742",Thr > Met,1025,-,342,296,Serine Protease,Exon 8,p.Thr342Met,31008,Thr,Met,threonine,methionine,-,Mild,-,-,-,-,,,,,
4040,13660,c.1025C>T,322,Point,Missense,-,-,-,"Haplotype differs from 257, 260 and 742",Thr > Met,1025,-,342,296,Serine Protease,Exon 8,p.Thr342Met,31008,Thr,Met,threonine,methionine,-,-,-,-,-,-,,,,,
4040,13661,c.1025C>T,322,Point,Missense,-,-,-,"Haplotype differs from 257, 260 and 742",Thr > Met,1025,-,342,296,Serine Protease,Exon 8,p.Thr342Met,31008,Thr,Met,threonine,methionine,-,-,-,-,-,-,,,,,
4040,15017,c.1025C>T,322,Point,Missense,No,-,-,"Haplotype differs from 257, 260 and 742",Thr > Met,1025,-,342,296,Serine Protease,Exon 8,p.Thr342Met,31008,Thr,Met,threonine,methionine,-,Moderate,-,-,3%,-,,,,,
4040,15197,c.1025C>T,322,Point,Missense,No,-,-,"Haplotype differs from 257, 260 and 742",Thr > Met,1025,-,342,296,Serine Protease,Exon 8,p.Thr342Met,31008,Thr,Met,threonine,methionine,-,Moderate,-,-,-,-,,,,,
4040,15198,c.1025C>T,322,Point,Missense,No,-,-,"Haplotype differs from 257, 260 and 742",Thr > Met,1025,-,342,296,Serine Protease,Exon 8,p.Thr342Met,31008,Thr,Met,threonine,methionine,-,Mild,-,-,-,-,,,,,
4040,15265,c.1025C>T,322,Point,Missense,-,-,-,"Haplotype differs from 257, 260 and 742",Thr > Met,1025,-,342,296,Serine Protease,Exon 8,p.Thr342Met,31008,Thr,Met,threonine,methionine,-,Moderate,-,-,4%,15%,,,,,
4040,15302,c.1025C>T,322,Point,Missense,-,-,-,"Haplotype differs from 257, 260 and 742",Thr > Met,1025,-,342,296,Serine Protease,Exon 8,p.Thr342Met,31008,Thr,Met,threonine,methionine,-,-,-,-,-,-,,,,,
4040,15332,c.1025C>T,322,Point,Missense,-,-,-,"Haplotype differs from 257, 260 and 742",Thr > Met,1025,-,342,296,Serine Protease,Exon 8,p.Thr342Met,31008,Thr,Met,threonine,methionine,-,-,-,-,-,-,,,,,
4040,15711,c.1025C>T,322,Point,Missense,No,-,-,"Haplotype differs from 257, 260 and 742",Thr > Met,1025,-,342,296,Serine Protease,Exon 8,p.Thr342Met,31008,Thr,Met,threonine,methionine,-,Moderate,-,-,4%,-,,,,,
4040,15712,c.1025C>T,322,Point,Missense,No,-,-,"Haplotype differs from 257, 260 and 742",Thr > Met,1025,-,342,296,Serine Protease,Exon 8,p.Thr342Met,31008,Thr,Met,threonine,methionine,-,Moderate,-,-,2%,-,,,,,
4040,15713,c.1025C>T,322,Point,Missense,No,-,-,"Haplotype differs from 257, 260 and 742",Thr > Met,1025,-,342,296,Serine Protease,Exon 8,p.Thr342Met,31008,Thr,Met,threonine,methionine,-,Moderate,-,-,2%,-,,,,,
4040,15714,c.1025C>T,322,Point,Missense,No,-,-,"Haplotype differs from 257, 260 and 742",Thr > Met,1025,-,342,296,Serine Protease,Exon 8,p.Thr342Met,31008,Thr,Met,threonine,methionine,-,Moderate,-,-,3%,-,,,,,
4040,15715,c.1025C>T,322,Point,Missense,No,-,-,"Haplotype differs from 257, 260 and 742",Thr > Met,1025,-,342,296,Serine Protease,Exon 8,p.Thr342Met,31008,Thr,Met,threonine,methionine,-,Moderate,-,-,2%,-,,,,,
4040,15716,c.1025C>T,322,Point,Missense,-,-,-,"Haplotype differs from 257, 260 and 742",Thr > Met,1025,-,342,296,Serine Protease,Exon 8,p.Thr342Met,31008,Thr,Met,threonine,methionine,-,Moderate,-,-,5%,-,,,,,
4040,15717,c.1025C>T,322,Point,Missense,No,-,-,"Haplotype differs from 257, 260 and 742",Thr > Met,1025,-,342,296,Serine Protease,Exon 8,p.Thr342Met,31008,Thr,Met,threonine,methionine,-,Moderate,-,-,3%,-,,,,,
4040,15718,c.1025C>T,322,Point,Missense,No,-,-,"Haplotype differs from 257, 260 and 742",Thr > Met,1025,-,342,296,Serine Protease,Exon 8,p.Thr342Met,31008,Thr,Met,threonine,methionine,-,Severe,-,-,<1,-,,,,,
4040,15719,c.1025C>T,322,Point,Missense,No,-,-,"Haplotype differs from 257, 260 and 742",Thr > Met,1025,-,342,296,Serine Protease,Exon 8,p.Thr342Met,31008,Thr,Met,threonine,methionine,-,Moderate,-,-,4%,-,,,,,
4040,15720,c.1025C>T,322,Point,Missense,No,-,-,"Haplotype differs from 257, 260 and 742",Thr > Met,1025,-,342,296,Serine Protease,Exon 8,p.Thr342Met,31008,Thr,Met,threonine,methionine,-,Moderate,-,-,1%,-,,,,,
4040,15721,c.1025C>T,322,Point,Missense,No,-,-,"Haplotype differs from 257, 260 and 742",Thr > Met,1025,-,342,296,Serine Protease,Exon 8,p.Thr342Met,31008,Thr,Met,threonine,methionine,-,Moderate,-,-,3%,-,,,,,
4040,15722,c.1025C>T,322,Point,Missense,No,-,-,"Haplotype differs from 257, 260 and 742",Thr > Met,1025,-,342,296,Serine Protease,Exon 8,p.Thr342Met,31008,Thr,Met,threonine,methionine,-,Moderate,-,-,3%,-,,,,,
4040,15723,c.1025C>T,322,Point,Missense,No,-,-,"Haplotype differs from 257, 260 and 742",Thr > Met,1025,-,342,296,Serine Protease,Exon 8,p.Thr342Met,31008,Thr,Met,threonine,methionine,-,Mild,-,-,6%,-,,,,,
4040,15724,c.1025C>T,322,Point,Missense,No,-,-,"Haplotype differs from 257, 260 and 742",Thr > Met,1025,-,342,296,Serine Protease,Exon 8,p.Thr342Met,31008,Thr,Met,threonine,methionine,-,Moderate,-,-,4%,-,,,,,
4040,15725,c.1025C>T,322,Point,Missense,No,-,-,"Haplotype differs from 257, 260 and 742",Thr > Met,1025,-,342,296,Serine Protease,Exon 8,p.Thr342Met,31008,Thr,Met,threonine,methionine,-,Moderate,-,-,3%,-,,,,,
4040,15726,c.1025C>T,322,Point,Missense,-,-,-,"Haplotype differs from 257, 260 and 742",Thr > Met,1025,-,342,296,Serine Protease,Exon 8,p.Thr342Met,31008,Thr,Met,threonine,methionine,-,Moderate,-,-,2%,-,,,,,
4040,15727,c.1025C>T,322,Point,Missense,No,-,-,"Haplotype differs from 257, 260 and 742",Thr > Met,1025,-,342,296,Serine Protease,Exon 8,p.Thr342Met,31008,Thr,Met,threonine,methionine,-,Moderate,-,-,3%,-,,,,,
4040,15728,c.1025C>T,322,Point,Missense,No,-,-,"Haplotype differs from 257, 260 and 742",Thr > Met,1025,-,342,296,Serine Protease,Exon 8,p.Thr342Met,31008,Thr,Met,threonine,methionine,-,Moderate,-,-,4%,-,,,,,
4040,15729,c.1025C>T,322,Point,Missense,No,-,-,"Haplotype differs from 257, 260 and 742",Thr > Met,1025,-,342,296,Serine Protease,Exon 8,p.Thr342Met,31008,Thr,Met,threonine,methionine,-,Mild,-,-,11%,-,,,,,
4040,15730,c.1025C>T,322,Point,Missense,No,-,-,"Haplotype differs from 257, 260 and 742",Thr > Met,1025,-,342,296,Serine Protease,Exon 8,p.Thr342Met,31008,Thr,Met,threonine,methionine,-,Moderate,-,-,4%,-,,,,,
4040,15731,c.1025C>T,322,Point,Missense,-,-,-,"Haplotype differs from 257, 260 and 742",Thr > Met,1025,-,342,296,Serine Protease,Exon 8,p.Thr342Met,31008,Thr,Met,threonine,methionine,-,Moderate,-,-,2%,-,,,,,
4040,15732,c.1025C>T,322,Point,Missense,No,-,-,"Haplotype differs from 257, 260 and 742",Thr > Met,1025,-,342,296,Serine Protease,Exon 8,p.Thr342Met,31008,Thr,Met,threonine,methionine,-,Moderate,-,-,2%,-,,,,,
4040,15733,c.1025C>T,322,Point,Missense,No,-,-,"Haplotype differs from 257, 260 and 742",Thr > Met,1025,-,342,296,Serine Protease,Exon 8,p.Thr342Met,31008,Thr,Met,threonine,methionine,-,Moderate,-,-,3%,-,,,,,
4040,15734,c.1025C>T,322,Point,Missense,No,-,-,"Haplotype differs from 257, 260 and 742",Thr > Met,1025,-,342,296,Serine Protease,Exon 8,p.Thr342Met,31008,Thr,Met,threonine,methionine,-,Moderate,-,-,5%,-,,,,,
4040,15735,c.1025C>T,322,Point,Missense,No,-,-,"Haplotype differs from 257, 260 and 742",Thr > Met,1025,-,342,296,Serine Protease,Exon 8,p.Thr342Met,31008,Thr,Met,threonine,methionine,-,Moderate,-,-,5%,-,,,,,
4040,15736,c.1025C>T,322,Point,Missense,No,-,-,"Haplotype differs from 257, 260 and 742",Thr > Met,1025,-,342,296,Serine Protease,Exon 8,p.Thr342Met,31008,Thr,Met,threonine,methionine,-,Moderate,-,-,4%,-,,,,,
4040,15737,c.1025C>T,322,Point,Missense,No,-,-,"Haplotype differs from 257, 260 and 742",Thr > Met,1025,-,342,296,Serine Protease,Exon 8,p.Thr342Met,31008,Thr,Met,threonine,methionine,-,Moderate,-,-,3%,-,,,,,
4040,15738,c.1025C>T,322,Point,Missense,-,-,-,"Haplotype differs from 257, 260 and 742",Thr > Met,1025,-,342,296,Serine Protease,Exon 8,p.Thr342Met,31008,Thr,Met,threonine,methionine,-,Moderate,-,-,3%,-,,,,,
4040,15739,c.1025C>T,322,Point,Missense,No,-,-,"Haplotype differs from 257, 260 and 742",Thr > Met,1025,-,342,296,Serine Protease,Exon 8,p.Thr342Met,31008,Thr,Met,threonine,methionine,-,Mild,-,-,6%,-,,,,,
4040,15740,c.1025C>T,322,Point,Missense,No,-,-,"Haplotype differs from 257, 260 and 742",Thr > Met,1025,-,342,296,Serine Protease,Exon 8,p.Thr342Met,31008,Thr,Met,threonine,methionine,-,Moderate,-,-,2%,-,,,,,
4040,15741,c.1025C>T,322,Point,Missense,No,-,-,"Haplotype differs from 257, 260 and 742",Thr > Met,1025,-,342,296,Serine Protease,Exon 8,p.Thr342Met,31008,Thr,Met,threonine,methionine,-,Moderate,-,-,5%,-,,,,,
4040,15742,c.1025C>T,322,Point,Missense,-,-,-,"Haplotype differs from 257, 260 and 742",Thr > Met,1025,-,342,296,Serine Protease,Exon 8,p.Thr342Met,31008,Thr,Met,threonine,methionine,-,Mild,-,-,8%,-,,,,,
4040,15743,c.1025C>T,322,Point,Missense,-,-,-,"Haplotype differs from 257, 260 and 742",Thr > Met,1025,-,342,296,Serine Protease,Exon 8,p.Thr342Met,31008,Thr,Met,threonine,methionine,-,Mild,-,-,8%,-,,,,,
4040,15744,c.1025C>T,322,Point,Missense,-,-,-,"Haplotype differs from 257, 260 and 742",Thr > Met,1025,-,342,296,Serine Protease,Exon 8,p.Thr342Met,31008,Thr,Met,threonine,methionine,-,Moderate,-,-,5%,-,,,,,
4040,15745,c.1025C>T,322,Point,Missense,-,-,-,"Haplotype differs from 257, 260 and 742",Thr > Met,1025,-,342,296,Serine Protease,Exon 8,p.Thr342Met,31008,Thr,Met,threonine,methionine,-,Mild,-,-,8%,-,,,,,
4040,15746,c.1025C>T,322,Point,Missense,-,-,-,"Haplotype differs from 257, 260 and 742",Thr > Met,1025,-,342,296,Serine Protease,Exon 8,p.Thr342Met,31008,Thr,Met,threonine,methionine,-,Moderate,-,-,1%,-,,,,,
4040,15747,c.1025C>T,322,Point,Missense,-,-,-,"Haplotype differs from 257, 260 and 742",Thr > Met,1025,-,342,296,Serine Protease,Exon 8,p.Thr342Met,31008,Thr,Met,threonine,methionine,-,Mild,-,-,7%,-,,,,,
4040,15748,c.1025C>T,322,Point,Missense,No,-,-,"Haplotype differs from 257, 260 and 742",Thr > Met,1025,-,342,296,Serine Protease,Exon 8,p.Thr342Met,31008,Thr,Met,threonine,methionine,-,Moderate,-,-,3%,-,,,,,
4040,15749,c.1025C>T,322,Point,Missense,No,-,-,"Haplotype differs from 257, 260 and 742",Thr > Met,1025,-,342,296,Serine Protease,Exon 8,p.Thr342Met,31008,Thr,Met,threonine,methionine,-,Mild,-,-,9%,-,,,,,
4040,15750,c.1025C>T,322,Point,Missense,No,-,-,"Haplotype differs from 257, 260 and 742",Thr > Met,1025,-,342,296,Serine Protease,Exon 8,p.Thr342Met,31008,Thr,Met,threonine,methionine,-,Moderate,-,-,2%,-,,,,,
4040,15751,c.1025C>T,322,Point,Missense,No,-,-,"Haplotype differs from 257, 260 and 742",Thr > Met,1025,-,342,296,Serine Protease,Exon 8,p.Thr342Met,31008,Thr,Met,threonine,methionine,-,Moderate,-,-,4%,-,,,,,
4040,15752,c.1025C>T,322,Point,Missense,No,-,-,"Haplotype differs from 257, 260 and 742",Thr > Met,1025,-,342,296,Serine Protease,Exon 8,p.Thr342Met,31008,Thr,Met,threonine,methionine,-,Moderate,-,-,2%,-,,,,,
4040,15753,c.1025C>T,322,Point,Missense,No,-,-,"Haplotype differs from 257, 260 and 742",Thr > Met,1025,-,342,296,Serine Protease,Exon 8,p.Thr342Met,31008,Thr,Met,threonine,methionine,-,Moderate,-,-,3%,-,,,,,
4040,15754,c.1025C>T,322,Point,Missense,No,-,-,"Haplotype differs from 257, 260 and 742",Thr > Met,1025,-,342,296,Serine Protease,Exon 8,p.Thr342Met,31008,Thr,Met,threonine,methionine,-,Moderate,-,-,4%,-,,,,,
4040,15755,c.1025C>T,322,Point,Missense,-,-,-,"Haplotype differs from 257, 260 and 742",Thr > Met,1025,-,342,296,Serine Protease,Exon 8,p.Thr342Met,31008,Thr,Met,threonine,methionine,-,Moderate,-,-,3%,-,,,,,
4040,15756,c.1025C>T,322,Point,Missense,No,-,-,"Haplotype differs from 257, 260 and 742",Thr > Met,1025,-,342,296,Serine Protease,Exon 8,p.Thr342Met,31008,Thr,Met,threonine,methionine,-,Moderate,-,-,2%,-,,,,,
4040,15757,c.1025C>T,322,Point,Missense,No,-,-,"Haplotype differs from 257, 260 and 742",Thr > Met,1025,-,342,296,Serine Protease,Exon 8,p.Thr342Met,31008,Thr,Met,threonine,methionine,-,Moderate,-,-,4%,-,,,,,
4040,15758,c.1025C>T,322,Point,Missense,No,-,-,"Haplotype differs from 257, 260 and 742",Thr > Met,1025,-,342,296,Serine Protease,Exon 8,p.Thr342Met,31008,Thr,Met,threonine,methionine,-,Moderate,-,-,3%,-,,,,,
4040,15759,c.1025C>T,322,Point,Missense,No,-,-,"Haplotype differs from 257, 260 and 742",Thr > Met,1025,-,342,296,Serine Protease,Exon 8,p.Thr342Met,31008,Thr,Met,threonine,methionine,-,Moderate,-,-,3%,-,,,,,
4040,15760,c.1025C>T,322,Point,Missense,No,-,-,"Haplotype differs from 257, 260 and 742",Thr > Met,1025,-,342,296,Serine Protease,Exon 8,p.Thr342Met,31008,Thr,Met,threonine,methionine,-,Moderate,-,-,3%,-,,,,,
4040,15761,c.1025C>T,322,Point,Missense,No,-,-,"Haplotype differs from 257, 260 and 742",Thr > Met,1025,-,342,296,Serine Protease,Exon 8,p.Thr342Met,31008,Thr,Met,threonine,methionine,-,Moderate,-,-,2%,-,,,,,
4040,15762,c.1025C>T,322,Point,Missense,No,-,-,"Haplotype differs from 257, 260 and 742",Thr > Met,1025,-,342,296,Serine Protease,Exon 8,p.Thr342Met,31008,Thr,Met,threonine,methionine,-,Moderate,-,-,2%,-,,,,,
4040,15763,c.1025C>T,322,Point,Missense,No,-,-,"Haplotype differs from 257, 260 and 742",Thr > Met,1025,-,342,296,Serine Protease,Exon 8,p.Thr342Met,31008,Thr,Met,threonine,methionine,-,Moderate,-,-,1%,-,,,,,
4040,15764,c.1025C>T,322,Point,Missense,No,-,-,"Haplotype differs from 257, 260 and 742",Thr > Met,1025,-,342,296,Serine Protease,Exon 8,p.Thr342Met,31008,Thr,Met,threonine,methionine,-,Moderate,-,-,2%,-,,,,,
4040,15765,c.1025C>T,322,Point,Missense,No,-,-,"Haplotype differs from 257, 260 and 742",Thr > Met,1025,-,342,296,Serine Protease,Exon 8,p.Thr342Met,31008,Thr,Met,threonine,methionine,-,Moderate,-,-,2%,-,,,,,
4040,15766,c.1025C>T,322,Point,Missense,No,-,-,"Haplotype differs from 257, 260 and 742",Thr > Met,1025,-,342,296,Serine Protease,Exon 8,p.Thr342Met,31008,Thr,Met,threonine,methionine,-,Moderate,-,-,2%,-,,,,,
4040,15767,c.1025C>T,322,Point,Missense,No,-,-,"Haplotype differs from 257, 260 and 742",Thr > Met,1025,-,342,296,Serine Protease,Exon 8,p.Thr342Met,31008,Thr,Met,threonine,methionine,-,Moderate,-,-,4%,-,,,,,
4040,15768,c.1025C>T,322,Point,Missense,No,-,-,"Haplotype differs from 257, 260 and 742",Thr > Met,1025,-,342,296,Serine Protease,Exon 8,p.Thr342Met,31008,Thr,Met,threonine,methionine,-,Mild,-,-,8%,-,,,,,
4040,15769,c.1025C>T,322,Point,Missense,No,-,-,"Haplotype differs from 257, 260 and 742",Thr > Met,1025,-,342,296,Serine Protease,Exon 8,p.Thr342Met,31008,Thr,Met,threonine,methionine,-,Moderate,-,-,3.33%,-,,,,,
4040,15770,c.1025C>T,322,Point,Missense,No,-,-,"Haplotype differs from 257, 260 and 742",Thr > Met,1025,-,342,296,Serine Protease,Exon 8,p.Thr342Met,31008,Thr,Met,threonine,methionine,-,Severe,-,-,<1,-,,,,,
4040,15771,c.1025C>T,322,Point,Missense,-,-,-,"Haplotype differs from 257, 260 and 742",Thr > Met,1025,-,342,296,Serine Protease,Exon 8,p.Thr342Met,31008,Thr,Met,threonine,methionine,-,Moderate,-,-,4%,-,,,,,
4040,15772,c.1025C>T,322,Point,Missense,No,-,-,"Haplotype differs from 257, 260 and 742",Thr > Met,1025,-,342,296,Serine Protease,Exon 8,p.Thr342Met,31008,Thr,Met,threonine,methionine,-,Moderate,-,-,4%,-,,,,,
4040,15773,c.1025C>T,322,Point,Missense,No,-,-,"Haplotype differs from 257, 260 and 742",Thr > Met,1025,-,342,296,Serine Protease,Exon 8,p.Thr342Met,31008,Thr,Met,threonine,methionine,-,Mild,-,-,9%,-,,,,,
4040,15774,c.1025C>T,322,Point,Missense,No,-,-,"Haplotype differs from 257, 260 and 742",Thr > Met,1025,-,342,296,Serine Protease,Exon 8,p.Thr342Met,31008,Thr,Met,threonine,methionine,-,Moderate,-,-,3%,-,,,,,
4040,15775,c.1025C>T,322,Point,Missense,No,-,-,"Haplotype differs from 257, 260 and 742",Thr > Met,1025,-,342,296,Serine Protease,Exon 8,p.Thr342Met,31008,Thr,Met,threonine,methionine,-,Moderate,-,-,4%,-,,,,,
4040,15776,c.1025C>T,322,Point,Missense,No,-,-,"Haplotype differs from 257, 260 and 742",Thr > Met,1025,-,342,296,Serine Protease,Exon 8,p.Thr342Met,31008,Thr,Met,threonine,methionine,-,Moderate,-,-,3%,-,,,,,
4040,15777,c.1025C>T,322,Point,Missense,No,-,-,"Haplotype differs from 257, 260 and 742",Thr > Met,1025,-,342,296,Serine Protease,Exon 8,p.Thr342Met,31008,Thr,Met,threonine,methionine,-,Moderate,-,-,3%,-,,,,,
4040,15778,c.1025C>T,322,Point,Missense,No,-,-,"Haplotype differs from 257, 260 and 742",Thr > Met,1025,-,342,296,Serine Protease,Exon 8,p.Thr342Met,31008,Thr,Met,threonine,methionine,-,Moderate,-,-,2%,-,,,,,
4040,15779,c.1025C>T,322,Point,Missense,No,-,-,"Haplotype differs from 257, 260 and 742",Thr > Met,1025,-,342,296,Serine Protease,Exon 8,p.Thr342Met,31008,Thr,Met,threonine,methionine,-,Moderate,-,-,3%,-,,,,,
4040,15780,c.1025C>T,322,Point,Missense,No,-,-,"Haplotype differs from 257, 260 and 742",Thr > Met,1025,-,342,296,Serine Protease,Exon 8,p.Thr342Met,31008,Thr,Met,threonine,methionine,-,Moderate,-,-,3%,-,,,,,
4040,15781,c.1025C>T,322,Point,Missense,No,-,-,"Haplotype differs from 257, 260 and 742",Thr > Met,1025,-,342,296,Serine Protease,Exon 8,p.Thr342Met,31008,Thr,Met,threonine,methionine,-,Moderate,-,-,3%,-,,,,,
4040,15782,c.1025C>T,322,Point,Missense,No,-,-,"Haplotype differs from 257, 260 and 742",Thr > Met,1025,-,342,296,Serine Protease,Exon 8,p.Thr342Met,31008,Thr,Met,threonine,methionine,-,Moderate,-,-,4%,-,,,,,
4040,15783,c.1025C>T,322,Point,Missense,No,-,-,"Haplotype differs from 257, 260 and 742",Thr > Met,1025,-,342,296,Serine Protease,Exon 8,p.Thr342Met,31008,Thr,Met,threonine,methionine,-,Moderate,-,-,4%,-,,,,,
4040,15784,c.1025C>T,322,Point,Missense,No,-,-,"Haplotype differs from 257, 260 and 742",Thr > Met,1025,-,342,296,Serine Protease,Exon 8,p.Thr342Met,31008,Thr,Met,threonine,methionine,-,Moderate,-,-,5%,-,,,,,
4040,15785,c.1025C>T,322,Point,Missense,No,-,-,"Haplotype differs from 257, 260 and 742",Thr > Met,1025,-,342,296,Serine Protease,Exon 8,p.Thr342Met,31008,Thr,Met,threonine,methionine,-,Mild,-,-,12%,-,,,,,
4040,15786,c.1025C>T,322,Point,Missense,No,-,-,"Haplotype differs from 257, 260 and 742",Thr > Met,1025,-,342,296,Serine Protease,Exon 8,p.Thr342Met,31008,Thr,Met,threonine,methionine,-,Mild,-,-,8%,-,,,,,
4040,15787,c.1025C>T,322,Point,Missense,No,-,-,"Haplotype differs from 257, 260 and 742",Thr > Met,1025,-,342,296,Serine Protease,Exon 8,p.Thr342Met,31008,Thr,Met,threonine,methionine,-,Mild,-,-,8.60%,-,,,,,
4040,15788,c.1025C>T,322,Point,Missense,-,-,-,"Haplotype differs from 257, 260 and 742",Thr > Met,1025,-,342,296,Serine Protease,Exon 8,p.Thr342Met,31008,Thr,Met,threonine,methionine,-,Moderate,-,-,4%,-,,,,,
4040,15789,c.1025C>T,322,Point,Missense,No,-,-,"Haplotype differs from 257, 260 and 742",Thr > Met,1025,-,342,296,Serine Protease,Exon 8,p.Thr342Met,31008,Thr,Met,threonine,methionine,-,Moderate,-,-,4%,-,,,,,
4040,15790,c.1025C>T,322,Point,Missense,No,-,-,"Haplotype differs from 257, 260 and 742",Thr > Met,1025,-,342,296,Serine Protease,Exon 8,p.Thr342Met,31008,Thr,Met,threonine,methionine,-,Moderate,-,-,3%,-,,,,,
4040,15791,c.1025C>T,322,Point,Missense,No,-,-,"Haplotype differs from 257, 260 and 742",Thr > Met,1025,-,342,296,Serine Protease,Exon 8,p.Thr342Met,31008,Thr,Met,threonine,methionine,-,Mild,-,-,6%,-,,,,,
4040,15792,c.1025C>T,322,Point,Missense,-,-,-,"Haplotype differs from 257, 260 and 742",Thr > Met,1025,-,342,296,Serine Protease,Exon 8,p.Thr342Met,31008,Thr,Met,threonine,methionine,-,Moderate,-,-,2%,-,,,,,
4040,15793,c.1025C>T,322,Point,Missense,No,-,-,"Haplotype differs from 257, 260 and 742",Thr > Met,1025,-,342,296,Serine Protease,Exon 8,p.Thr342Met,31008,Thr,Met,threonine,methionine,-,Moderate,-,-,3%,-,,,,,
4040,15794,c.1025C>T,322,Point,Missense,No,-,-,"Haplotype differs from 257, 260 and 742",Thr > Met,1025,-,342,296,Serine Protease,Exon 8,p.Thr342Met,31008,Thr,Met,threonine,methionine,-,Moderate,-,-,3%,-,,,,,
4040,15795,c.1025C>T,322,Point,Missense,No,-,-,"Haplotype differs from 257, 260 and 742",Thr > Met,1025,-,342,296,Serine Protease,Exon 8,p.Thr342Met,31008,Thr,Met,threonine,methionine,-,Moderate,-,-,3%,-,,,,,
4040,15796,c.1025C>T,322,Point,Missense,No,-,-,"Haplotype differs from 257, 260 and 742",Thr > Met,1025,-,342,296,Serine Protease,Exon 8,p.Thr342Met,31008,Thr,Met,threonine,methionine,-,Moderate,-,-,4%,-,,,,,
4040,15797,c.1025C>T,322,Point,Missense,No,-,-,"Haplotype differs from 257, 260 and 742",Thr > Met,1025,-,342,296,Serine Protease,Exon 8,p.Thr342Met,31008,Thr,Met,threonine,methionine,-,Moderate,-,-,3%,-,,,,,
4040,15798,c.1025C>T,322,Point,Missense,No,-,-,"Haplotype differs from 257, 260 and 742",Thr > Met,1025,-,342,296,Serine Protease,Exon 8,p.Thr342Met,31008,Thr,Met,threonine,methionine,-,Moderate,-,-,3.50%,-,,,,,
4040,15799,c.1025C>T,322,Point,Missense,No,-,-,"Haplotype differs from 257, 260 and 742",Thr > Met,1025,-,342,296,Serine Protease,Exon 8,p.Thr342Met,31008,Thr,Met,threonine,methionine,-,Moderate,-,-,3%,-,,,,,
4040,15800,c.1025C>T,322,Point,Missense,No,-,-,"Haplotype differs from 257, 260 and 742",Thr > Met,1025,-,342,296,Serine Protease,Exon 8,p.Thr342Met,31008,Thr,Met,threonine,methionine,-,Moderate,-,-,2%,-,,,,,
4040,15801,c.1025C>T,322,Point,Missense,No,-,-,"Haplotype differs from 257, 260 and 742",Thr > Met,1025,-,342,296,Serine Protease,Exon 8,p.Thr342Met,31008,Thr,Met,threonine,methionine,-,Moderate,-,-,4.40%,-,,,,,
4040,15802,c.1025C>T,322,Point,Missense,No,-,-,"Haplotype differs from 257, 260 and 742",Thr > Met,1025,-,342,296,Serine Protease,Exon 8,p.Thr342Met,31008,Thr,Met,threonine,methionine,-,Moderate,-,-,1.20%,-,,,,,
4040,15803,c.1025C>T,322,Point,Missense,No,-,-,"Haplotype differs from 257, 260 and 742",Thr > Met,1025,-,342,296,Serine Protease,Exon 8,p.Thr342Met,31008,Thr,Met,threonine,methionine,-,Moderate,-,-,1%,-,,,,,
4040,15804,c.1025C>T,322,Point,Missense,No,-,-,"Haplotype differs from 257, 260 and 742",Thr > Met,1025,-,342,296,Serine Protease,Exon 8,p.Thr342Met,31008,Thr,Met,threonine,methionine,-,Moderate,-,-,1.30%,-,,,,,
4040,15805,c.1025C>T,322,Point,Missense,No,-,-,"Haplotype differs from 257, 260 and 742",Thr > Met,1025,-,342,296,Serine Protease,Exon 8,p.Thr342Met,31008,Thr,Met,threonine,methionine,-,Moderate,-,-,2.60%,-,,,,,
4040,15806,c.1025C>T,322,Point,Missense,No,-,-,"Haplotype differs from 257, 260 and 742",Thr > Met,1025,-,342,296,Serine Protease,Exon 8,p.Thr342Met,31008,Thr,Met,threonine,methionine,-,Moderate,-,-,5%,-,,,,,
4040,15807,c.1025C>T,322,Point,Missense,No,-,-,"Haplotype differs from 257, 260 and 742",Thr > Met,1025,-,342,296,Serine Protease,Exon 8,p.Thr342Met,31008,Thr,Met,threonine,methionine,-,Moderate,-,-,2%,-,,,,,
4040,15808,c.1025C>T,322,Point,Missense,No,-,-,"Haplotype differs from 257, 260 and 742",Thr > Met,1025,-,342,296,Serine Protease,Exon 8,p.Thr342Met,31008,Thr,Met,threonine,methionine,-,Moderate,-,-,4%,-,,,,,
4040,15809,c.1025C>T,322,Point,Missense,No,-,-,"Haplotype differs from 257, 260 and 742",Thr > Met,1025,-,342,296,Serine Protease,Exon 8,p.Thr342Met,31008,Thr,Met,threonine,methionine,-,Moderate,-,-,3%,-,,,,,
4040,15810,c.1025C>T,322,Point,Missense,-,-,-,"Haplotype differs from 257, 260 and 742",Thr > Met,1025,-,342,296,Serine Protease,Exon 8,p.Thr342Met,31008,Thr,Met,threonine,methionine,-,Moderate,-,-,4%,-,,,,,
4040,15811,c.1025C>T,322,Point,Missense,No,-,-,"Haplotype differs from 257, 260 and 742",Thr > Met,1025,-,342,296,Serine Protease,Exon 8,p.Thr342Met,31008,Thr,Met,threonine,methionine,-,Moderate,-,-,2.50%,-,,,,,
4040,15812,c.1025C>T,322,Point,Missense,No,-,-,"Haplotype differs from 257, 260 and 742",Thr > Met,1025,-,342,296,Serine Protease,Exon 8,p.Thr342Met,31008,Thr,Met,threonine,methionine,-,Moderate,-,-,4%,-,,,,,
4040,15813,c.1025C>T,322,Point,Missense,No,-,-,"Haplotype differs from 257, 260 and 742",Thr > Met,1025,-,342,296,Serine Protease,Exon 8,p.Thr342Met,31008,Thr,Met,threonine,methionine,-,Moderate,-,-,3%,-,,,,,
4040,15814,c.1025C>T,322,Point,Missense,No,-,-,"Haplotype differs from 257, 260 and 742",Thr > Met,1025,-,342,296,Serine Protease,Exon 8,p.Thr342Met,31008,Thr,Met,threonine,methionine,-,Moderate,-,-,2%,-,,,,,
4040,15815,c.1025C>T,322,Point,Missense,No,-,-,"Haplotype differs from 257, 260 and 742",Thr > Met,1025,-,342,296,Serine Protease,Exon 8,p.Thr342Met,31008,Thr,Met,threonine,methionine,-,Moderate,-,-,3%,-,,,,,
4040,15816,c.1025C>T,322,Point,Missense,No,-,-,"Haplotype differs from 257, 260 and 742",Thr > Met,1025,-,342,296,Serine Protease,Exon 8,p.Thr342Met,31008,Thr,Met,threonine,methionine,-,Moderate,-,-,5%,-,,,,,
4040,15817,c.1025C>T,322,Point,Missense,No,-,-,"Haplotype differs from 257, 260 and 742",Thr > Met,1025,-,342,296,Serine Protease,Exon 8,p.Thr342Met,31008,Thr,Met,threonine,methionine,-,Mild,-,-,5.30%,-,,,,,
4040,15818,c.1025C>T,322,Point,Missense,No,-,-,"Haplotype differs from 257, 260 and 742",Thr > Met,1025,-,342,296,Serine Protease,Exon 8,p.Thr342Met,31008,Thr,Met,threonine,methionine,-,Moderate,-,-,3%,-,,,,,
4040,15819,c.1025C>T,322,Point,Missense,No,-,-,"Haplotype differs from 257, 260 and 742",Thr > Met,1025,-,342,296,Serine Protease,Exon 8,p.Thr342Met,31008,Thr,Met,threonine,methionine,-,Moderate,-,-,3%,-,,,,,
4040,15820,c.1025C>T,322,Point,Missense,No,-,-,"Haplotype differs from 257, 260 and 742",Thr > Met,1025,-,342,296,Serine Protease,Exon 8,p.Thr342Met,31008,Thr,Met,threonine,methionine,-,Moderate,-,-,3%,-,,,,,
4040,15821,c.1025C>T,322,Point,Missense,No,-,-,"Haplotype differs from 257, 260 and 742",Thr > Met,1025,-,342,296,Serine Protease,Exon 8,p.Thr342Met,31008,Thr,Met,threonine,methionine,-,Moderate,-,-,4%,-,,,,,
4040,15822,c.1025C>T,322,Point,Missense,No,-,-,"Haplotype differs from 257, 260 and 742",Thr > Met,1025,-,342,296,Serine Protease,Exon 8,p.Thr342Met,31008,Thr,Met,threonine,methionine,-,Moderate,-,-,4%,-,,,,,
4040,15823,c.1025C>T,322,Point,Missense,No,-,-,"Haplotype differs from 257, 260 and 742",Thr > Met,1025,-,342,296,Serine Protease,Exon 8,p.Thr342Met,31008,Thr,Met,threonine,methionine,-,Mild,-,-,8%,-,,,,,
4040,15824,c.1025C>T,322,Point,Missense,No,-,-,"Haplotype differs from 257, 260 and 742",Thr > Met,1025,-,342,296,Serine Protease,Exon 8,p.Thr342Met,31008,Thr,Met,threonine,methionine,-,Mild,-,-,6.60%,-,,,,,
4040,15825,c.1025C>T,322,Point,Missense,No,-,-,"Haplotype differs from 257, 260 and 742",Thr > Met,1025,-,342,296,Serine Protease,Exon 8,p.Thr342Met,31008,Thr,Met,threonine,methionine,-,Moderate,-,-,5%,-,,,,,
4040,15826,c.1025C>T,322,Point,Missense,No,-,-,"Haplotype differs from 257, 260 and 742",Thr > Met,1025,-,342,296,Serine Protease,Exon 8,p.Thr342Met,31008,Thr,Met,threonine,methionine,-,Mild,-,-,13%,-,,,,,
4040,15827,c.1025C>T,322,Point,Missense,-,-,-,"Haplotype differs from 257, 260 and 742",Thr > Met,1025,-,342,296,Serine Protease,Exon 8,p.Thr342Met,31008,Thr,Met,threonine,methionine,-,Moderate,-,-,5%,-,,,,,
4040,15828,c.1025C>T,322,Point,Missense,No,-,-,"Haplotype differs from 257, 260 and 742",Thr > Met,1025,-,342,296,Serine Protease,Exon 8,p.Thr342Met,31008,Thr,Met,threonine,methionine,-,Mild,-,-,10%,-,,,,,
4040,15829,c.1025C>T,322,Point,Missense,No,-,-,"Haplotype differs from 257, 260 and 742",Thr > Met,1025,-,342,296,Serine Protease,Exon 8,p.Thr342Met,31008,Thr,Met,threonine,methionine,-,Moderate,-,-,3%,-,,,,,
4040,15830,c.1025C>T,322,Point,Missense,No,-,-,"Haplotype differs from 257, 260 and 742",Thr > Met,1025,-,342,296,Serine Protease,Exon 8,p.Thr342Met,31008,Thr,Met,threonine,methionine,-,Moderate,-,-,3%,-,,,,,
4040,15831,c.1025C>T,322,Point,Missense,No,-,-,"Haplotype differs from 257, 260 and 742",Thr > Met,1025,-,342,296,Serine Protease,Exon 8,p.Thr342Met,31008,Thr,Met,threonine,methionine,-,Moderate,-,-,2%,-,,,,,
4040,15832,c.1025C>T,322,Point,Missense,No,-,-,"Haplotype differs from 257, 260 and 742",Thr > Met,1025,-,342,296,Serine Protease,Exon 8,p.Thr342Met,31008,Thr,Met,threonine,methionine,-,Moderate,-,-,2%,-,,,,,
4040,15833,c.1025C>T,322,Point,Missense,No,-,-,"Haplotype differs from 257, 260 and 742",Thr > Met,1025,-,342,296,Serine Protease,Exon 8,p.Thr342Met,31008,Thr,Met,threonine,methionine,-,Mild,-,-,7%,-,,,,,
4040,15834,c.1025C>T,322,Point,Missense,No,-,-,"Haplotype differs from 257, 260 and 742",Thr > Met,1025,-,342,296,Serine Protease,Exon 8,p.Thr342Met,31008,Thr,Met,threonine,methionine,-,Moderate,-,-,4%,-,,,,,
4040,15835,c.1025C>T,322,Point,Missense,No,-,-,"Haplotype differs from 257, 260 and 742",Thr > Met,1025,-,342,296,Serine Protease,Exon 8,p.Thr342Met,31008,Thr,Met,threonine,methionine,-,Moderate,-,-,2%,-,,,,,
4040,15836,c.1025C>T,322,Point,Missense,No,-,-,"Haplotype differs from 257, 260 and 742",Thr > Met,1025,-,342,296,Serine Protease,Exon 8,p.Thr342Met,31008,Thr,Met,threonine,methionine,-,Moderate,-,-,5%,-,,,,,
4040,15837,c.1025C>T,322,Point,Missense,No,-,-,"Haplotype differs from 257, 260 and 742",Thr > Met,1025,-,342,296,Serine Protease,Exon 8,p.Thr342Met,31008,Thr,Met,threonine,methionine,-,Moderate,-,-,2%,-,,,,,
4040,15838,c.1025C>T,322,Point,Missense,-,-,-,"Haplotype differs from 257, 260 and 742",Thr > Met,1025,-,342,296,Serine Protease,Exon 8,p.Thr342Met,31008,Thr,Met,threonine,methionine,-,Moderate,-,-,4.70%,-,,,,,
4040,15839,c.1025C>T,322,Point,Missense,No,-,-,"Haplotype differs from 257, 260 and 742",Thr > Met,1025,-,342,296,Serine Protease,Exon 8,p.Thr342Met,31008,Thr,Met,threonine,methionine,-,Moderate,-,-,3%,-,,,,,
4040,15840,c.1025C>T,322,Point,Missense,No,-,-,"Haplotype differs from 257, 260 and 742",Thr > Met,1025,-,342,296,Serine Protease,Exon 8,p.Thr342Met,31008,Thr,Met,threonine,methionine,-,Moderate,-,-,3%,-,,,,,
4040,15841,c.1025C>T,322,Point,Missense,No,-,-,"Haplotype differs from 257, 260 and 742",Thr > Met,1025,-,342,296,Serine Protease,Exon 8,p.Thr342Met,31008,Thr,Met,threonine,methionine,-,Moderate,-,-,2.50%,-,,,,,
4040,15842,c.1025C>T,322,Point,Missense,-,-,-,"Haplotype differs from 257, 260 and 742",Thr > Met,1025,-,342,296,Serine Protease,Exon 8,p.Thr342Met,31008,Thr,Met,threonine,methionine,-,Moderate,-,-,4.70%,-,,,,,
4040,15843,c.1025C>T,322,Point,Missense,No,-,-,"Haplotype differs from 257, 260 and 742",Thr > Met,1025,-,342,296,Serine Protease,Exon 8,p.Thr342Met,31008,Thr,Met,threonine,methionine,-,Mild,-,-,6.70%,-,,,,,
4040,15844,c.1025C>T,322,Point,Missense,-,-,-,"Haplotype differs from 257, 260 and 742",Thr > Met,1025,-,342,296,Serine Protease,Exon 8,p.Thr342Met,31008,Thr,Met,threonine,methionine,-,Moderate,-,-,2.30%,-,,,,,
4040,15845,c.1025C>T,322,Point,Missense,No,-,-,"Haplotype differs from 257, 260 and 742",Thr > Met,1025,-,342,296,Serine Protease,Exon 8,p.Thr342Met,31008,Thr,Met,threonine,methionine,-,Moderate,-,-,3%,-,,,,,
4040,15846,c.1025C>T,322,Point,Missense,No,-,-,"Haplotype differs from 257, 260 and 742",Thr > Met,1025,-,342,296,Serine Protease,Exon 8,p.Thr342Met,31008,Thr,Met,threonine,methionine,-,Moderate,-,-,3%,-,,,,,
4040,15847,c.1025C>T,322,Point,Missense,-,-,-,"Haplotype differs from 257, 260 and 742",Thr > Met,1025,-,342,296,Serine Protease,Exon 8,p.Thr342Met,31008,Thr,Met,threonine,methionine,-,Moderate,-,-,3%,-,,,,,
4040,15848,c.1025C>T,322,Point,Missense,No,-,-,"Haplotype differs from 257, 260 and 742",Thr > Met,1025,-,342,296,Serine Protease,Exon 8,p.Thr342Met,31008,Thr,Met,threonine,methionine,-,Mild,-,-,6%,-,,,,,
4040,15849,c.1025C>T,322,Point,Missense,No,-,-,"Haplotype differs from 257, 260 and 742",Thr > Met,1025,-,342,296,Serine Protease,Exon 8,p.Thr342Met,31008,Thr,Met,threonine,methionine,-,Moderate,-,-,3%,-,,,,,
4040,15850,c.1025C>T,322,Point,Missense,-,-,-,"Haplotype differs from 257, 260 and 742",Thr > Met,1025,-,342,296,Serine Protease,Exon 8,p.Thr342Met,31008,Thr,Met,threonine,methionine,-,Mild,-,-,10%,-,,,,,
4040,15851,c.1025C>T,322,Point,Missense,No,-,-,"Haplotype differs from 257, 260 and 742",Thr > Met,1025,-,342,296,Serine Protease,Exon 8,p.Thr342Met,31008,Thr,Met,threonine,methionine,-,Moderate,-,-,3%,-,,,,,
4040,15852,c.1025C>T,322,Point,Missense,No,-,-,"Haplotype differs from 257, 260 and 742",Thr > Met,1025,-,342,296,Serine Protease,Exon 8,p.Thr342Met,31008,Thr,Met,threonine,methionine,-,Mild,-,-,6%,-,,,,,
4040,15853,c.1025C>T,322,Point,Missense,No,-,-,"Haplotype differs from 257, 260 and 742",Thr > Met,1025,-,342,296,Serine Protease,Exon 8,p.Thr342Met,31008,Thr,Met,threonine,methionine,-,Mild,-,-,7%,-,,,,,
4040,15854,c.1025C>T,322,Point,Missense,No,-,-,"Haplotype differs from 257, 260 and 742",Thr > Met,1025,-,342,296,Serine Protease,Exon 8,p.Thr342Met,31008,Thr,Met,threonine,methionine,-,Moderate,-,-,4%,-,,,,,
4040,15855,c.1025C>T,322,Point,Missense,No,-,-,"Haplotype differs from 257, 260 and 742",Thr > Met,1025,-,342,296,Serine Protease,Exon 8,p.Thr342Met,31008,Thr,Met,threonine,methionine,-,Moderate,-,-,3%,-,,,,,
4040,15856,c.1025C>T,322,Point,Missense,No,-,-,"Haplotype differs from 257, 260 and 742",Thr > Met,1025,-,342,296,Serine Protease,Exon 8,p.Thr342Met,31008,Thr,Met,threonine,methionine,-,Moderate,-,-,4%,-,,,,,
4040,15857,c.1025C>T,322,Point,Missense,No,-,-,"Haplotype differs from 257, 260 and 742",Thr > Met,1025,-,342,296,Serine Protease,Exon 8,p.Thr342Met,31008,Thr,Met,threonine,methionine,-,Moderate,-,-,1%,-,,,,,
4040,15858,c.1025C>T,322,Point,Missense,No,-,-,"Haplotype differs from 257, 260 and 742",Thr > Met,1025,-,342,296,Serine Protease,Exon 8,p.Thr342Met,31008,Thr,Met,threonine,methionine,-,Moderate,-,-,2%,-,,,,,
4040,15859,c.1025C>T,322,Point,Missense,No,-,-,"Haplotype differs from 257, 260 and 742",Thr > Met,1025,-,342,296,Serine Protease,Exon 8,p.Thr342Met,31008,Thr,Met,threonine,methionine,-,Moderate,-,-,2%,-,,,,,
4040,15860,c.1025C>T,322,Point,Missense,No,-,-,"Haplotype differs from 257, 260 and 742",Thr > Met,1025,-,342,296,Serine Protease,Exon 8,p.Thr342Met,31008,Thr,Met,threonine,methionine,-,Moderate,-,-,3%,-,,,,,
4040,15861,c.1025C>T,322,Point,Missense,No,-,-,"Haplotype differs from 257, 260 and 742",Thr > Met,1025,-,342,296,Serine Protease,Exon 8,p.Thr342Met,31008,Thr,Met,threonine,methionine,-,Moderate,-,-,2%,-,,,,,
4040,15862,c.1025C>T,322,Point,Missense,No,-,-,"Haplotype differs from 257, 260 and 742",Thr > Met,1025,-,342,296,Serine Protease,Exon 8,p.Thr342Met,31008,Thr,Met,threonine,methionine,-,Moderate,-,-,3%,-,,,,,
4040,15863,c.1025C>T,322,Point,Missense,No,-,-,"Haplotype differs from 257, 260 and 742",Thr > Met,1025,-,342,296,Serine Protease,Exon 8,p.Thr342Met,31008,Thr,Met,threonine,methionine,-,Moderate,-,-,3%,-,,,,,
4040,15864,c.1025C>T,322,Point,Missense,No,-,-,"Haplotype differs from 257, 260 and 742",Thr > Met,1025,-,342,296,Serine Protease,Exon 8,p.Thr342Met,31008,Thr,Met,threonine,methionine,-,Moderate,-,-,3%,-,,,,,
4040,15865,c.1025C>T,322,Point,Missense,No,-,-,"Haplotype differs from 257, 260 and 742",Thr > Met,1025,-,342,296,Serine Protease,Exon 8,p.Thr342Met,31008,Thr,Met,threonine,methionine,-,Mild,-,-,20%,-,,,,,
4040,15866,c.1025C>T,322,Point,Missense,No,-,-,"Haplotype differs from 257, 260 and 742",Thr > Met,1025,-,342,296,Serine Protease,Exon 8,p.Thr342Met,31008,Thr,Met,threonine,methionine,-,Moderate,-,-,2%,-,,,,,
4040,15867,c.1025C>T,322,Point,Missense,No,-,-,"Haplotype differs from 257, 260 and 742",Thr > Met,1025,-,342,296,Serine Protease,Exon 8,p.Thr342Met,31008,Thr,Met,threonine,methionine,-,Mild,-,-,6%,-,,,,,
4040,15868,c.1025C>T,322,Point,Missense,No,-,-,"Haplotype differs from 257, 260 and 742",Thr > Met,1025,-,342,296,Serine Protease,Exon 8,p.Thr342Met,31008,Thr,Met,threonine,methionine,-,Moderate,-,-,4%,-,,,,,
4040,15869,c.1025C>T,322,Point,Missense,No,-,-,"Haplotype differs from 257, 260 and 742",Thr > Met,1025,-,342,296,Serine Protease,Exon 8,p.Thr342Met,31008,Thr,Met,threonine,methionine,-,Mild,-,-,6%,-,,,,,
4040,15870,c.1025C>T,322,Point,Missense,No,-,-,"Haplotype differs from 257, 260 and 742",Thr > Met,1025,-,342,296,Serine Protease,Exon 8,p.Thr342Met,31008,Thr,Met,threonine,methionine,-,Moderate,-,-,4%,-,,,,,
4040,15871,c.1025C>T,322,Point,Missense,-,-,-,"Haplotype differs from 257, 260 and 742",Thr > Met,1025,-,342,296,Serine Protease,Exon 8,p.Thr342Met,31008,Thr,Met,threonine,methionine,-,Moderate,-,-,2%,-,,,,,
4040,15872,c.1025C>T,322,Point,Missense,-,-,-,"Haplotype differs from 257, 260 and 742",Thr > Met,1025,-,342,296,Serine Protease,Exon 8,p.Thr342Met,31008,Thr,Met,threonine,methionine,-,Moderate,-,-,3%,-,,,,,
4040,15873,c.1025C>T,322,Point,Missense,No,-,-,"Haplotype differs from 257, 260 and 742",Thr > Met,1025,-,342,296,Serine Protease,Exon 8,p.Thr342Met,31008,Thr,Met,threonine,methionine,-,Moderate,-,-,3%,-,,,,,
4040,15874,c.1025C>T,322,Point,Missense,-,-,-,"Haplotype differs from 257, 260 and 742",Thr > Met,1025,-,342,296,Serine Protease,Exon 8,p.Thr342Met,31008,Thr,Met,threonine,methionine,-,Moderate,-,-,5%,-,,,,,
4040,15875,c.1025C>T,322,Point,Missense,No,-,-,"Haplotype differs from 257, 260 and 742",Thr > Met,1025,-,342,296,Serine Protease,Exon 8,p.Thr342Met,31008,Thr,Met,threonine,methionine,-,Moderate,-,-,3%,-,,,,,
4040,15876,c.1025C>T,322,Point,Missense,-,-,-,"Haplotype differs from 257, 260 and 742",Thr > Met,1025,-,342,296,Serine Protease,Exon 8,p.Thr342Met,31008,Thr,Met,threonine,methionine,-,Moderate,-,-,3%,-,,,,,
4040,15877,c.1025C>T,322,Point,Missense,-,-,-,"Haplotype differs from 257, 260 and 742",Thr > Met,1025,-,342,296,Serine Protease,Exon 8,p.Thr342Met,31008,Thr,Met,threonine,methionine,-,Moderate,-,-,2%,-,,,,,
4040,15878,c.1025C>T,322,Point,Missense,-,-,-,"Haplotype differs from 257, 260 and 742",Thr > Met,1025,-,342,296,Serine Protease,Exon 8,p.Thr342Met,31008,Thr,Met,threonine,methionine,-,Moderate,-,-,2%,-,,,,,
4040,15879,c.1025C>T,322,Point,Missense,No,-,-,"Haplotype differs from 257, 260 and 742",Thr > Met,1025,-,342,296,Serine Protease,Exon 8,p.Thr342Met,31008,Thr,Met,threonine,methionine,-,Mild,-,-,9%,-,,,,,
4040,15880,c.1025C>T,322,Point,Missense,-,-,-,"Haplotype differs from 257, 260 and 742",Thr > Met,1025,-,342,296,Serine Protease,Exon 8,p.Thr342Met,31008,Thr,Met,threonine,methionine,-,Moderate,-,-,4%,-,,,,,
4040,15881,c.1025C>T,322,Point,Missense,-,-,-,"Haplotype differs from 257, 260 and 742",Thr > Met,1025,-,342,296,Serine Protease,Exon 8,p.Thr342Met,31008,Thr,Met,threonine,methionine,-,Mild,-,-,7%,-,,,,,
4040,15882,c.1025C>T,322,Point,Missense,-,-,-,"Haplotype differs from 257, 260 and 742",Thr > Met,1025,-,342,296,Serine Protease,Exon 8,p.Thr342Met,31008,Thr,Met,threonine,methionine,-,Mild,-,-,6%,-,,,,,
4040,15883,c.1025C>T,322,Point,Missense,No,-,-,"Haplotype differs from 257, 260 and 742",Thr > Met,1025,-,342,296,Serine Protease,Exon 8,p.Thr342Met,31008,Thr,Met,threonine,methionine,-,Moderate,-,-,3%,-,,,,,
4040,15884,c.1025C>T,322,Point,Missense,No,-,-,"Haplotype differs from 257, 260 and 742",Thr > Met,1025,-,342,296,Serine Protease,Exon 8,p.Thr342Met,31008,Thr,Met,threonine,methionine,-,Moderate,-,-,2%,-,,,,,
4040,15885,c.1025C>T,322,Point,Missense,No,-,-,"Haplotype differs from 257, 260 and 742",Thr > Met,1025,-,342,296,Serine Protease,Exon 8,p.Thr342Met,31008,Thr,Met,threonine,methionine,-,Moderate,-,-,5%,-,,,,,
4040,15886,c.1025C>T,322,Point,Missense,No,-,-,"Haplotype differs from 257, 260 and 742",Thr > Met,1025,-,342,296,Serine Protease,Exon 8,p.Thr342Met,31008,Thr,Met,threonine,methionine,-,Moderate,-,-,2%,-,,,,,
4040,15887,c.1025C>T,322,Point,Missense,No,-,-,"Haplotype differs from 257, 260 and 742",Thr > Met,1025,-,342,296,Serine Protease,Exon 8,p.Thr342Met,31008,Thr,Met,threonine,methionine,-,Moderate,-,-,2%,-,,,,,
4040,15888,c.1025C>T,322,Point,Missense,-,-,-,"Haplotype differs from 257, 260 and 742",Thr > Met,1025,-,342,296,Serine Protease,Exon 8,p.Thr342Met,31008,Thr,Met,threonine,methionine,-,Moderate,-,-,3%,-,,,,,
4040,15889,c.1025C>T,322,Point,Missense,-,-,-,"Haplotype differs from 257, 260 and 742",Thr > Met,1025,-,342,296,Serine Protease,Exon 8,p.Thr342Met,31008,Thr,Met,threonine,methionine,-,Moderate,-,-,2%,-,,,,,
4040,15890,c.1025C>T,322,Point,Missense,No,-,-,"Haplotype differs from 257, 260 and 742",Thr > Met,1025,-,342,296,Serine Protease,Exon 8,p.Thr342Met,31008,Thr,Met,threonine,methionine,-,Moderate,-,-,2%,-,,,,,
4040,15891,c.1025C>T,322,Point,Missense,No,-,-,"Haplotype differs from 257, 260 and 742",Thr > Met,1025,-,342,296,Serine Protease,Exon 8,p.Thr342Met,31008,Thr,Met,threonine,methionine,-,Moderate,-,-,4%,-,,,,,
4040,15892,c.1025C>T,322,Point,Missense,No,-,-,"Haplotype differs from 257, 260 and 742",Thr > Met,1025,-,342,296,Serine Protease,Exon 8,p.Thr342Met,31008,Thr,Met,threonine,methionine,-,Mild,-,-,8%,-,,,,,
4040,15893,c.1025C>T,322,Point,Missense,No,-,-,"Haplotype differs from 257, 260 and 742",Thr > Met,1025,-,342,296,Serine Protease,Exon 8,p.Thr342Met,31008,Thr,Met,threonine,methionine,-,Moderate,-,-,5%,-,,,,,
4040,15894,c.1025C>T,322,Point,Missense,No,-,-,"Haplotype differs from 257, 260 and 742",Thr > Met,1025,-,342,296,Serine Protease,Exon 8,p.Thr342Met,31008,Thr,Met,threonine,methionine,-,Moderate,-,-,4%,-,,,,,
4040,15895,c.1025C>T,322,Point,Missense,No,-,-,"Haplotype differs from 257, 260 and 742",Thr > Met,1025,-,342,296,Serine Protease,Exon 8,p.Thr342Met,31008,Thr,Met,threonine,methionine,-,Moderate,-,-,4%,-,,,,,
4040,15896,c.1025C>T,322,Point,Missense,No,-,-,"Haplotype differs from 257, 260 and 742",Thr > Met,1025,-,342,296,Serine Protease,Exon 8,p.Thr342Met,31008,Thr,Met,threonine,methionine,-,Moderate,-,-,3%,-,,,,,
4040,15897,c.1025C>T,322,Point,Missense,No,-,-,"Haplotype differs from 257, 260 and 742",Thr > Met,1025,-,342,296,Serine Protease,Exon 8,p.Thr342Met,31008,Thr,Met,threonine,methionine,-,Moderate,-,-,2%,-,,,,,
4040,15898,c.1025C>T,322,Point,Missense,No,-,-,"Haplotype differs from 257, 260 and 742",Thr > Met,1025,-,342,296,Serine Protease,Exon 8,p.Thr342Met,31008,Thr,Met,threonine,methionine,-,Mild,-,-,10%,-,,,,,
4040,15899,c.1025C>T,322,Point,Missense,No,-,-,"Haplotype differs from 257, 260 and 742",Thr > Met,1025,-,342,296,Serine Protease,Exon 8,p.Thr342Met,31008,Thr,Met,threonine,methionine,-,Moderate,-,-,2%,-,,,,,
4040,15900,c.1025C>T,322,Point,Missense,No,-,-,"Haplotype differs from 257, 260 and 742",Thr > Met,1025,-,342,296,Serine Protease,Exon 8,p.Thr342Met,31008,Thr,Met,threonine,methionine,-,Moderate,-,-,4%,-,,,,,
4040,15901,c.1025C>T,322,Point,Missense,No,-,-,"Haplotype differs from 257, 260 and 742",Thr > Met,1025,-,342,296,Serine Protease,Exon 8,p.Thr342Met,31008,Thr,Met,threonine,methionine,-,Moderate,-,-,2%,-,,,,,
4040,15902,c.1025C>T,322,Point,Missense,No,-,-,"Haplotype differs from 257, 260 and 742",Thr > Met,1025,-,342,296,Serine Protease,Exon 8,p.Thr342Met,31008,Thr,Met,threonine,methionine,-,Moderate,-,-,4%,-,,,,,
4041,13663,c.1031T>A,1,Point,Missense,-,-,-,-,Ile > Asn,1031,-,344,298,Serine Protease,Exon 8,p.Ile344Asn,31014,Ile,Asn,isoleucine,asparagine,-,Mild,-,-,45%,69%,,,,,
4042,13664,c.1033T>G,3,Point,Missense,-,-,-,-,Phe > Val,1033,-,345,299,Serine Protease,Exon 8,p.Phe345Val,31016,Phe,Val,phenylalanine,valine,-,Mild,-,-,8%,-,,,,,
4042,13665,c.1033T>G,3,Point,Missense,-,-,-,-,Phe > Val,1033,-,345,299,Serine Protease,Exon 8,p.Phe345Val,31016,Phe,Val,phenylalanine,valine,-,Mild,-,-,15%,-,,,,,
4042,13666,c.1033T>G,3,Point,Missense,-,-,-,-,Phe > Val,1033,-,345,299,Serine Protease,Exon 8,p.Phe345Val,31016,Phe,Val,phenylalanine,valine,-,Mild,-,-,11%,-,,,,,
4043,13667,c.1036C>T,1,Point,Missense,-,-,-,-,Leu > Phe,1036,-,346,300,Serine Protease,Exon 8,p.Leu346Phe,31019,Leu,Phe,leucine,phenylalanine,-,-,-,-,-,-,,,,,
4044,13668,c.1040A>T,1,Point,Missense,-,-,-,-,Lys > Ile,1040,-,347,301,Serine Protease,Exon 8,p.Lys347Ile,31023,Lys,Ile,lysine,isoleucine,-,Mild,-,-,-,-,,,,,
4045,13669,c.1045G>T,3,Point,Nonsense,-,-,-,-,Gly > *,1045,-,349,303,Serine Protease,Exon 8,p.(Gly349*),31028,Gly,*,glycine,-,-,Severe,-,-,<1,-,,,,,
4045,13670,c.1045G>T,3,Point,Nonsense,-,-,-,-,Gly > *,1045,-,349,303,Serine Protease,Exon 8,p.(Gly349*),31028,Gly,*,glycine,-,-,Mild,-,-,-,-,,,,,
4045,13671,c.1045G>T,3,Point,Nonsense,-,-,-,-,Gly > *,1045,-,349,303,Serine Protease,Exon 8,p.(Gly349*),31028,Gly,*,glycine,-,-,Severe,-,-,<1,-,,,,,
4046,13672,c.1046G>T,3,Point,Missense,-,-,-,-,Gly > Val,1046,-,349,303,Serine Protease,Exon 8,p.Gly349Val,31029,Gly,Val,glycine,valine,-,Moderate,-,-,3%,-,,,,,
4046,13673,c.1046G>T,3,Point,Missense,-,-,-,-,Gly > Val,1046,-,349,303,Serine Protease,Exon 8,p.Gly349Val,31029,Gly,Val,glycine,valine,-,Moderate,-,-,2%,5%,,,,,
4046,15903,c.1046G>T,3,Point,Missense,No,-,-,-,Gly > Val,1046,-,349,303,Serine Protease,Exon 8,p.Gly349Val,31029,Gly,Val,glycine,valine,-,Moderate,-,-,2%,-,,,,,
4047,13674,c.1046G>A,1,Point,Missense,-,-,-,-,Gly > Glu,1046,-,349,303,Serine Protease,Exon 8,p.Gly349Glu,31029,Gly,Glu,glycine,glutamic acid,-,-,-,-,-,-,,,,,
4048,13675,c.1052G>A,4,Point,Missense,-,-,-,-,Gly > Asp,1052,-,351,305,Serine Protease,Exon 8,p.Gly351Asp,31035,Gly,Asp,glycine,aspartic acid,-,Severe,-,-,<1,-,,,,,
4048,13676,c.1052G>A,4,Point,Missense,-,-,-,-,Gly > Asp,1052,-,351,305,Serine Protease,Exon 8,p.Gly351Asp,31035,Gly,Asp,glycine,aspartic acid,-,-,-,-,-,-,,,,,
4048,13677,c.1052G>A,4,Point,Missense,-,-,-,-,Gly > Asp,1052,-,351,305,Serine Protease,Exon 8,p.Gly351Asp,31035,Gly,Asp,glycine,aspartic acid,-,Severe,-,-,<1,0.30%,,,,,
4048,15904,c.1052G>A,4,Point,Missense,-,-,-,-,Gly > Asp,1052,-,351,305,Serine Protease,Exon 8,p.Gly351Asp,31035,Gly,Asp,glycine,aspartic acid,-,Severe,-,-,<1,-,,,,,
4049,13678,c.1052G>T,1,Point,Missense,-,-,-,-,Gly > Val,1052,-,351,305,Serine Protease,Exon 8,p.Gly351Val,31035,Gly,Val,glycine,valine,-,Severe,-,-,<1,-,,,,,
4050,13679,c.1056T>A,2,Point,Nonsense,-,-,-,-,Tyr > *,1056,-,352,306,Serine Protease,Exon 8,p.(Tyr352*),31039,Tyr,*,tyrosine,-,-,Severe,-,-,<1,<1,,,,,
4050,15121,c.1056T>A,2,Point,Nonsense,No,-,-,-,Tyr > *,1056,-,352,306,Serine Protease,Exon 8,p.(Tyr352*),31039,Tyr,*,tyrosine,-,-,Severe,-,-,-,-,,,,,
4051,13680,c.1056T>G,1,Point,Nonsense,-,-,-,-,Tyr > *,1056,-,352,306,Serine Protease,Exon 8,p.(Tyr352*),31039,Tyr,*,tyrosine,-,-,Severe,-,-,<1,-,,,,,
4052,13681,c.1057G>C,1,Point,Missense,-,-,-,-,Val > Leu,1057,-,353,307,Serine Protease,Exon 8,p.Val353Leu,31040,Val,Leu,valine,leucine,-,-,-,-,-,-,,,,,
4053,13682,c.1058T>C,7,Point,Missense,-,-,-,-,Val > Ala,1058,-,353,307,Serine Protease,Exon 8,p.Val353Ala,31041,Val,Ala,valine,alanine,-,Mild,-,-,15%,40%,,,,,
4053,13683,c.1058T>C,7,Point,Missense,-,-,-,-,Val > Ala,1058,-,353,307,Serine Protease,Exon 8,p.Val353Ala,31041,Val,Ala,valine,alanine,-,Mild,-,-,14%,50%,,,,,
4053,13684,c.1058T>C,7,Point,Missense,-,-,-,-,Val > Ala,1058,-,353,307,Serine Protease,Exon 8,p.Val353Ala,31041,Val,Ala,valine,alanine,-,Mild,-,-,10%,62%,,,,,
4053,13685,c.1058T>C,7,Point,Missense,-,-,-,-,Val > Ala,1058,-,353,307,Serine Protease,Exon 8,p.Val353Ala,31041,Val,Ala,valine,alanine,-,Mild,-,-,12%,35%,,,,,
4053,13686,c.1058T>C,7,Point,Missense,-,-,-,-,Val > Ala,1058,-,353,307,Serine Protease,Exon 8,p.Val353Ala,31041,Val,Ala,valine,alanine,-,Mild,-,-,-,-,,,,,
4053,13687,c.1058T>C,7,Point,Missense,-,-,-,-,Val > Ala,1058,-,353,307,Serine Protease,Exon 8,p.Val353Ala,31041,Val,Ala,valine,alanine,-,Mild,-,-,14%,-,,,,,
4053,13688,c.1058T>C,7,Point,Missense,-,-,-,-,Val > Ala,1058,-,353,307,Serine Protease,Exon 8,p.Val353Ala,31041,Val,Ala,valine,alanine,-,Mild,-,-,18%,46%,,,,,
4054,13689,c.1058T>G,3,Point,Missense,-,-,-,-,Val > Gly,1058,-,353,307,Serine Protease,Exon 8,p.Val353Gly,31041,Val,Gly,valine,glycine,-,Moderate,-,-,3%,4%,,,,,
4054,14986,c.1058T>G,3,Point,Missense,No,-,-,-,Val > Gly,1058,-,353,307,Serine Protease,Exon 8,p.Val353Gly,31041,Val,Gly,valine,glycine,-,Severe,-,-,<1,-,,,,,
4054,14987,c.1058T>G,3,Point,Missense,No,-,-,-,Val > Gly,1058,-,353,307,Serine Protease,Exon 8,p.Val353Gly,31041,Val,Gly,valine,glycine,-,Severe,-,-,<1,-,,,,,
4055,13690,c.1058T>A,1,Point,Missense,-,-,-,Type II,Val > Glu,1058,-,353,307,Serine Protease,Exon 8,p.Val353Glu,31041,Val,Glu,valine,glutamic acid,-,Severe,-,-,<1,<1,,,,,
4056,13691,c.1060A>C,2,Point,Missense,-,-,-,-,Ser > Arg,1060,-,354,308,Serine Protease,Exon 8,p.Ser354Arg,31043,Ser,Arg,serine,arginine,-,Moderate,-,-,2%,-,,,,,
4056,15905,c.1060A>C,2,Point,Missense,-,-,-,-,Ser > Arg,1060,-,354,308,Serine Protease,Exon 8,p.Ser354Arg,31043,Ser,Arg,serine,arginine,-,Severe,-,-,<1,-,,,,,
4057,13692,c.1061G>A,2,Point,Missense,-,-,-,-,Ser > Asn,1061,-,354,308,Serine Protease,Exon 8,p.Ser354Asn,31044,Ser,Asn,serine,asparagine,-,Moderate,-,-,5%,26%,,,,,
4057,13693,c.1061G>A,2,Point,Missense,-,-,-,-,Ser > Asn,1061,-,354,308,Serine Protease,Exon 8,p.Ser354Asn,31044,Ser,Asn,serine,asparagine,-,Moderate,-,-,5%,-,,,,,
4058,13694,c.1062T>G,1,Point,Missense,-,-,-,-,Ser > Arg,1062,-,354,308,Serine Protease,Exon 8,p.Ser354Arg,31045,Ser,Arg,serine,arginine,-,Severe,-,-,<1,-,,,,,
4059,13695,c.1063G>A,1,Point,Missense,-,-,-,-,Gly > Ser,1063,-,355,309,Serine Protease,Exon 8,p.Gly355Ser,31046,Gly,Ser,glycine,serine,-,Severe,-,-,<1,65%,,,,,
4060,13698,c.1064G>T,2,Point,Missense,-,-,-,-,Gly > Val,1064,-,355,309,Serine Protease,Exon 8,p.Gly355Val,31047,Gly,Val,glycine,valine,-,Severe,-,-,<1,58%,,,,,
4060,15906,c.1064G>T,2,Point,Missense,No,-,-,-,Gly > Val,1064,-,355,309,Serine Protease,Exon 8,p.Gly355Val,31047,Gly,Val,glycine,valine,-,Moderate,-,-,2.50%,-,,,,,
4061,13699,c.1066T>A,3,Point,Missense,-,-,-,-,Trp > Arg,1066,-,356,310,Serine Protease,Exon 8,p.Trp356Arg,31049,Trp,Arg,tryptophan,arginine,-,Severe,-,-,<1,<1,,,,,
4061,13700,c.1066T>A,3,Point,Missense,-,-,-,-,Trp > Arg,1066,-,356,310,Serine Protease,Exon 8,p.Trp356Arg,31049,Trp,Arg,tryptophan,arginine,-,-,-,-,-,-,,,,,
4061,13701,c.1066T>A,3,Point,Missense,-,-,-,-,Trp > Arg,1066,-,356,310,Serine Protease,Exon 8,p.Trp356Arg,31049,Trp,Arg,tryptophan,arginine,-,Severe,-,-,<1,-,,,,,
4062,13702,c.1066T>C,1,Point,Missense,-,-,-,-,Trp > Arg,1066,-,356,310,Serine Protease,Exon 8,p.Trp356Arg,31049,Trp,Arg,tryptophan,arginine,-,Severe,-,-,<1,86%,,,,,
4063,13703,c.1066T>G,2,Point,Missense,-,-,-,-,Trp > Gly,1066,-,356,310,Serine Protease,Exon 8,p.Trp356Gly,31049,Trp,Gly,tryptophan,glycine,-,Severe,-,-,<1,-,,,,,
4063,13704,c.1066T>G,2,Point,Missense,-,-,-,-,Trp > Gly,1066,-,356,310,Serine Protease,Exon 8,p.Trp356Gly,31049,Trp,Gly,tryptophan,glycine,-,Severe,-,-,<1,-,,,,,
4064,13705,c.1070del,2,Deletion,Frameshift,-,-,-,Frameshift,Gly > Glufs,1070,-,357,311,Serine Protease,Exon 8,p.(Gly357Glufs*11),31050,Gly,Glufs,glycine,-,-,Moderate,-,-,1.50%,<1,,,,,
4064,16238,c.1070del,2,Deletion,Frameshift,Yes,-,-,Frameshift,Gly > Glufs,1070,-,357,311,Serine Protease,Exon 8,p.(Gly357Glufs*11),31050,Gly,Glufs,glycine,-,-,Severe,-,-,<1,-,,,,,
4065,13706,c.1067G>A,8,Point,Nonsense,-,-,-,-,Trp > *,1067,-,356,310,Serine Protease,Exon 8,p.(Trp356*),31050,Trp,*,tryptophan,-,-,Severe,-,-,<1,-,,,,,
4065,13707,c.1067G>A,8,Point,Nonsense,-,-,-,-,Trp > *,1067,-,356,310,Serine Protease,Exon 8,p.(Trp356*),31050,Trp,*,tryptophan,-,-,Severe,-,-,<1,-,,,,,
4065,13708,c.1067G>A,8,Point,Nonsense,-,-,-,-,Trp > *,1067,-,356,310,Serine Protease,Exon 8,p.(Trp356*),31050,Trp,*,tryptophan,-,-,Severe,-,-,<1,-,,,,,
4065,15213,c.1067G>A,8,Point,Nonsense,No,-,-,-,Trp > *,1067,-,356,310,Serine Protease,Exon 8,p.(Trp356*),31050,Trp,*,tryptophan,-,-,Severe,-,-,-,-,,,,,
4065,15303,c.1067G>A,8,Point,Nonsense,-,-,-,-,Trp > *,1067,-,356,310,Serine Protease,Exon 8,p.(Trp356*),31050,Trp,*,tryptophan,-,-,Severe,-,-,<1,-,,,,,
4065,15304,c.1067G>A,8,Point,Nonsense,-,-,-,-,Trp > *,1067,-,356,310,Serine Protease,Exon 8,p.(Trp356*),31050,Trp,*,tryptophan,-,-,Severe,-,-,<1,-,,,,,
4065,16137,c.1067G>A,8,Point,Nonsense,-,-,-,-,Trp > *,1067,-,356,310,Serine Protease,Exon 8,p.(Trp356*),31050,Trp,*,tryptophan,-,-,Moderate,-,-,2%,-,,,,,
4065,16138,c.1067G>A,8,Point,Nonsense,No,-,-,-,Trp > *,1067,-,356,310,Serine Protease,Exon 8,p.(Trp356*),31050,Trp,*,tryptophan,-,-,Severe,-,-,<1,-,,,,,
4066,13709,c.1067G>T,8,Point,Missense,-,-,-,-,Trp > Leu,1067,-,356,310,Serine Protease,Exon 8,p.Trp356Leu,31050,Trp,Leu,tryptophan,leucine,-,Mild,-,-,14%,-,,,,,
4066,13710,c.1067G>T,8,Point,Missense,-,-,-,-,Trp > Leu,1067,-,356,310,Serine Protease,Exon 8,p.Trp356Leu,31050,Trp,Leu,tryptophan,leucine,-,Mild,-,-,7%,-,,,,,
4066,13711,c.1067G>T,8,Point,Missense,-,-,-,-,Trp > Leu,1067,-,356,310,Serine Protease,Exon 8,p.Trp356Leu,31050,Trp,Leu,tryptophan,leucine,-,Mild,-,-,7%,-,,,,,
4066,13712,c.1067G>T,8,Point,Missense,-,-,-,-,Trp > Leu,1067,-,356,310,Serine Protease,Exon 8,p.Trp356Leu,31050,Trp,Leu,tryptophan,leucine,-,Moderate,-,-,4%,90%,,,,,
4066,13713,c.1067G>T,8,Point,Missense,-,-,-,-,Trp > Leu,1067,-,356,310,Serine Protease,Exon 8,p.Trp356Leu,31050,Trp,Leu,tryptophan,leucine,-,-,-,-,-,-,,,,,
4066,13714,c.1067G>T,8,Point,Missense,-,-,-,-,Trp > Leu,1067,-,356,310,Serine Protease,Exon 8,p.Trp356Leu,31050,Trp,Leu,tryptophan,leucine,-,-,-,-,-,-,,,,,
4066,13715,c.1067G>T,8,Point,Missense,-,-,-,-,Trp > Leu,1067,-,356,310,Serine Protease,Exon 8,p.Trp356Leu,31050,Trp,Leu,tryptophan,leucine,-,Moderate,-,-,4%,-,,,,,
4066,15908,c.1067G>T,8,Point,Missense,No,-,-,-,Trp > Leu,1067,-,356,310,Serine Protease,Exon 8,p.Trp356Leu,31050,Trp,Leu,tryptophan,leucine,-,Mild,-,-,8%,-,,,,,
4067,13716,c.1067G>C,1,Point,Missense,-,-,-,Type I,Trp > Ser,1067,-,356,310,Serine Protease,Exon 8,p.Trp356Ser,31050,Trp,Ser,tryptophan,serine,-,Severe,-,-,<1,12%,,,,,
4068,13717,c.1068G>A,3,Point,Nonsense,-,-,-,-,Trp > *,1068,-,356,310,Serine Protease,Exon 8,p.(Trp356*),31051,Trp,*,tryptophan,-,-,Severe,-,-,<1,<1,,,,,
4068,13718,c.1068G>A,3,Point,Nonsense,-,-,-,-,Trp > *,1068,-,356,310,Serine Protease,Exon 8,p.(Trp356*),31051,Trp,*,tryptophan,-,-,Severe,-,-,<1,-,,,,,
4068,13719,c.1068G>A,3,Point,Nonsense,-,-,-,-,Trp > *,1068,-,356,310,Serine Protease,Exon 8,p.(Trp356*),31051,Trp,*,tryptophan,-,-,Severe,-,-,<1,<1,,,,,
4069,13720,c.1068G>C,2,Point,Missense,-,-,-,de novo MGF (22),Trp > Cys,1068,-,356,310,Serine Protease,Exon 8,p.Trp356Cys,31051,Trp,Cys,tryptophan,cysteine,-,Severe,-,-,<1,5%,,,,,
4069,13721,c.1068G>C,2,Point,Missense,-,-,-,de novo MGF (22),Trp > Cys,1068,-,356,310,Serine Protease,Exon 8,p.Trp356Cys,31051,Trp,Cys,tryptophan,cysteine,-,Moderate,-,-,3%,-,,,,,
4070,13722,c.1068G>T,2,Point,Missense,-,-,-,-,Trp > Cys,1068,-,356,310,Serine Protease,Exon 8,p.Trp356Cys,31051,Trp,Cys,tryptophan,cysteine,-,Severe,-,-,<1,-,,,,,
4070,15018,c.1068G>T,2,Point,Missense,No,-,-,-,Trp > Cys,1068,-,356,310,Serine Protease,Exon 8,p.Trp356Cys,31051,Trp,Cys,tryptophan,cysteine,-,Severe,-,-,<1,-,,,,,
4071,13723,c.1069G>A,8,Point,Missense,-,-,-,Same haplotype as 286,Gly > Arg,1069,-,357,311,Serine Protease,Exon 8,p.Gly357Arg,31052,Gly,Arg,glycine,arginine,-,Moderate,-,-,2%,100%,,,,,
4071,13724,c.1069G>A,8,Point,Missense,-,-,-,Same haplotype as 286,Gly > Arg,1069,-,357,311,Serine Protease,Exon 8,p.Gly357Arg,31052,Gly,Arg,glycine,arginine,-,Severe,-,-,<1,-,,,,,
4071,13725,c.1069G>A,8,Point,Missense,-,-,-,Same haplotype as 286,Gly > Arg,1069,-,357,311,Serine Protease,Exon 8,p.Gly357Arg,31052,Gly,Arg,glycine,arginine,-,Severe,-,-,<1,-,,,,,
4071,13726,c.1069G>A,8,Point,Missense,-,-,-,Same haplotype as 286,Gly > Arg,1069,-,357,311,Serine Protease,Exon 8,p.Gly357Arg,31052,Gly,Arg,glycine,arginine,-,Severe,-,-,<1,-,,,,,
4071,13727,c.1069G>A,8,Point,Missense,-,-,-,Same haplotype as 286,Gly > Arg,1069,-,357,311,Serine Protease,Exon 8,p.Gly357Arg,31052,Gly,Arg,glycine,arginine,-,Severe,-,-,<1,118%,,,,,
4071,13728,c.1069G>A,8,Point,Missense,-,-,-,Same haplotype as 286,Gly > Arg,1069,-,357,311,Serine Protease,Exon 8,p.Gly357Arg,31052,Gly,Arg,glycine,arginine,-,Moderate,-,-,3%,-,,,,,
4071,15909,c.1069G>A,8,Point,Missense,No,-,-,Same haplotype as 286,Gly > Arg,1069,-,357,311,Serine Protease,Exon 8,p.Gly357Arg,31052,Gly,Arg,glycine,arginine,-,Severe,-,-,<1,-,,,,,
4071,15910,c.1069G>A,8,Point,Missense,No,-,-,Same haplotype as 286,Gly > Arg,1069,-,357,311,Serine Protease,Exon 8,p.Gly357Arg,31052,Gly,Arg,glycine,arginine,-,Severe,-,-,<1,-,,,,,
4072,13729,c.1069G>T,1,Point,Nonsense,-,-,-,-,Gly > *,1069,-,357,311,Serine Protease,Exon 8,p.(Gly357*),31052,Gly,*,glycine,-,-,Severe,-,-,<1,<1,,,,,
4073,13730,c.1070G>A,8,Point,Missense,-,-,-,Bm[Bovine PT moderately prolonged],Gly > Glu,1070,-,357,311,Serine Protease,Exon 8,p.Gly357Glu,31053,Gly,Glu,glycine,glutamic acid,-,Severe,-,-,<1,100%,,,,,
4073,13731,c.1070G>A,8,Point,Missense,-,-,-,Bm[Bovine PT moderately prolonged],Gly > Glu,1070,-,357,311,Serine Protease,Exon 8,p.Gly357Glu,31053,Gly,Glu,glycine,glutamic acid,-,Moderate,-,-,1%,-,,,,,
4073,13732,c.1070G>A,8,Point,Missense,-,-,-,Bm[Bovine PT moderately prolonged],Gly > Glu,1070,-,357,311,Serine Protease,Exon 8,p.Gly357Glu,31053,Gly,Glu,glycine,glutamic acid,-,Moderate,-,-,1%,84%,,,,,
4073,13733,c.1070G>A,8,Point,Missense,-,-,-,Bm[Bovine PT moderately prolonged],Gly > Glu,1070,-,357,311,Serine Protease,Exon 8,p.Gly357Glu,31053,Gly,Glu,glycine,glutamic acid,-,Severe,-,-,<1,-,,,,,
4073,13734,c.1070G>A,8,Point,Missense,No,-,-,Bm[Bovine PT moderately prolonged],Gly > Glu,1070,-,357,311,Serine Protease,Exon 8,p.Gly357Glu,31053,Gly,Glu,glycine,glutamic acid,-,Severe,-,-,<1,100%,,,,,
4073,13735,c.1070G>A,8,Point,Missense,-,-,-,Bm[Bovine PT moderately prolonged],Gly > Glu,1070,-,357,311,Serine Protease,Exon 8,p.Gly357Glu,31053,Gly,Glu,glycine,glutamic acid,-,-,-,-,-,-,,,,,
4073,13736,c.1070G>A,8,Point,Missense,-,-,-,Bm[Bovine PT moderately prolonged],Gly > Glu,1070,-,357,311,Serine Protease,Exon 8,p.Gly357Glu,31053,Gly,Glu,glycine,glutamic acid,-,Severe,-,-,<1,-,,,,,
4073,13737,c.1070G>A,8,Point,Missense,-,-,-,Bm[Bovine PT moderately prolonged],Gly > Glu,1070,-,357,311,Serine Protease,Exon 8,p.Gly357Glu,31053,Gly,Glu,glycine,glutamic acid,-,Severe,-,-,<1,-,,,,,
4074,13738,c.1070G>T,2,Point,Missense,-,-,-,-,Gly > Val,1070,-,357,311,Serine Protease,Exon 8,p.Gly357Val,31053,Gly,Val,glycine,valine,-,Severe,-,-,<1,-,,,,,
4074,13739,c.1070G>T,2,Point,Missense,-,-,-,-,Gly > Val,1070,-,357,311,Serine Protease,Exon 8,p.Gly357Val,31053,Gly,Val,glycine,valine,-,-,-,-,-,-,,,,,
4075,13740,c.1072A>G,2,Point,Missense,-,-,-,-,Arg > Gly,1072,-,358,312,Serine Protease,Exon 8,p.Arg358Gly,31055,Arg,Gly,arginine,glycine,-,Mild,-,-,20%,-,,,,,
4075,15199,c.1072A>G,2,Point,Missense,No,-,-,-,Arg > Gly,1072,-,358,312,Serine Protease,Exon 8,p.Arg358Gly,31055,Arg,Gly,arginine,glycine,-,Severe,-,-,-,-,,,,,
4076,13742,c.1076T>G,1,Point,Missense,-,-,-,Bm,Val > Gly,1076,-,359,313,Serine Protease,Exon 8,p.Val359Gly,31059,Val,Gly,valine,glycine,-,Severe,-,-,<1,100%,,,,,
4077,13743,c.1078T>A,1,Point,Missense,-,-,-,-,Phe > Ile,1078,-,360,314,Serine Protease,Exon 8,p.Phe360Ile,31061,Phe,Ile,phenylalanine,isoleucine,-,Moderate,-,-,3%,-,,,,,
4078,13744,c.1079T>C,3,Point,Missense,-,-,-,-,Phe > Ser,1079,-,360,314,Serine Protease,Exon 8,p.Phe360Ser,31062,Phe,Ser,phenylalanine,serine,-,Severe,-,-,<1,-,,,,,
4078,13745,c.1079T>C,3,Point,Missense,-,-,-,-,Phe > Ser,1079,-,360,314,Serine Protease,Exon 8,p.Phe360Ser,31062,Phe,Ser,phenylalanine,serine,-,Mild,-,-,8%,-,,,,,
4078,13746,c.1079T>C,3,Point,Missense,-,-,-,-,Phe > Ser,1079,-,360,314,Serine Protease,Exon 8,p.Phe360Ser,31062,Phe,Ser,phenylalanine,serine,-,-,-,-,-,-,,,,,
4079,13747,c.1084A>G,1,Point,Missense,-,-,-,-,Lys > Glu,1084,-,362,316,Serine Protease,Exon 8,p.Lys362Glu,31067,Lys,Glu,lysine,glutamic acid,-,Moderate,-,-,-,-,,,,,
4080,13748,c.1086delA,2,Deletion,Frameshift,-,-,-,36 years old at the time of assessment,Arg > Aspfs,1086,-,364,318,Serine Protease,Exon 8,p.(Arg364Aspfs*4),31067,Arg,Aspfs,arginine,-,-,Severe,-,-,-,-,,,,,
4080,13749,c.1086delA,2,Deletion,Frameshift,-,-,-,36 years old at the time of assessment,Arg > Aspfs,1086,-,364,318,Serine Protease,Exon 8,p.(Arg364Aspfs*4),31067,Arg,Aspfs,arginine,-,-,Severe,-,-,<1,-,,,,,
4081,13750,c.1087G>C,2,Point,Missense,-,-,-,-,Gly > Arg,1087,-,363,317,Serine Protease,Exon 8,p.Gly363Arg,31070,Gly,Arg,glycine,arginine,-,Severe,-,-,<1,-,,,,,
4081,13754,c.1087G>C,2,Point,Missense,-,-,-,-,Gly > Arg,1087,-,363,317,Serine Protease,Exon 8,p.Gly363Arg,31070,Gly,Arg,glycine,arginine,-,-,-,-,-,-,,,,,
4082,13751,c.1087G>T,1,Point,Missense,-,-,-,-,Gly > Trp,1087,-,363,317,Serine Protease,Exon 8,p.Gly363Trp,31070,Gly,Trp,glycine,tryptophan,-,Severe,-,-,<1,-,,,,,
4083,13752,c.1088G>A,4,Point,Missense,-,-,-,-,Gly > Glu,1088,-,363,317,Serine Protease,Exon 8,p.Gly363Glu,31071,Gly,Glu,glycine,glutamic acid,-,-,-,-,-,-,,,,,
4083,13753,c.1088G>A,4,Point,Missense,-,-,-,-,Gly > Glu,1088,-,363,317,Serine Protease,Exon 8,p.Gly363Glu,31071,Gly,Glu,glycine,glutamic acid,-,-,-,-,-,-,,,,,
4083,15123,c.1088G>A,4,Point,Missense,No,-,-,-,Gly > Glu,1088,-,363,317,Serine Protease,Exon 8,p.Gly363Glu,31071,Gly,Glu,glycine,glutamic acid,-,Moderate,-,-,-,-,,,,,
4083,15238,c.1088G>A,4,Point,Missense,No,-,-,-,Gly > Glu,1088,-,363,317,Serine Protease,Exon 8,p.Gly363Glu,31071,Gly,Glu,glycine,glutamic acid,-,Severe,-,-,<1,100%,,,,,
4084,13756,c.1088_1096delGGAGATCAinsA,1,Indel,Frameshift,-,-,-,10 years old at the time of assessment,Gly > Glu,1088,-,363,317,Serine Protease,Exon 8,p.(Gly363Aspfs*8),31071,Gly,Glu,glycine,glutamic acid,-,Severe,-,-,-,-,,,,,
4085,13758,c.1096G>C,1,Point,Missense,-,-,-,-,Ala > Pro,1096,-,366,320,Serine Protease,Exon 8,p.Ala366Pro,31079,Ala,Pro,alanine,proline,-,Mild,-,-,26%,-,,,,,
4086,13759,c.1097C>A,12,Point,Missense,-,-,-,-,Ala > Asp,1097,-,366,320,Serine Protease,Exon 8,p.Ala366Asp,31080,Ala,Asp,alanine,aspartic acid,-,Moderate,-,-,4%,-,,,,,
4086,13760,c.1097C>A,12,Point,Missense,-,-,-,-,Ala > Asp,1097,-,366,320,Serine Protease,Exon 8,p.Ala366Asp,31080,Ala,Asp,alanine,aspartic acid,-,Moderate,-,-,3%,-,,,,,
4086,13761,c.1097C>A,12,Point,Missense,-,-,-,-,Ala > Asp,1097,-,366,320,Serine Protease,Exon 8,p.Ala366Asp,31080,Ala,Asp,alanine,aspartic acid,-,Moderate,-,-,1.50%,-,,,,,
4086,13762,c.1097C>A,12,Point,Missense,-,-,-,-,Ala > Asp,1097,-,366,320,Serine Protease,Exon 8,p.Ala366Asp,31080,Ala,Asp,alanine,aspartic acid,-,-,-,-,-,-,,,,,
4086,13770,c.1097C>A,12,Point,Missense,-,-,-,-,Ala > Asp,1097,-,366,320,Serine Protease,Exon 8,p.Ala366Asp,31080,Ala,Asp,alanine,aspartic acid,-,Severe,-,-,<1,90%,,,,,
4086,15912,c.1097C>A,12,Point,Missense,No,-,-,-,Ala > Asp,1097,-,366,320,Serine Protease,Exon 8,p.Ala366Asp,31080,Ala,Asp,alanine,aspartic acid,-,Moderate,-,-,4%,-,,,,,
4086,15913,c.1097C>A,12,Point,Missense,No,-,-,-,Ala > Asp,1097,-,366,320,Serine Protease,Exon 8,p.Ala366Asp,31080,Ala,Asp,alanine,aspartic acid,-,Moderate,-,-,4%,-,,,,,
4086,15914,c.1097C>A,12,Point,Missense,No,-,-,-,Ala > Asp,1097,-,366,320,Serine Protease,Exon 8,p.Ala366Asp,31080,Ala,Asp,alanine,aspartic acid,-,Moderate,-,-,4%,-,,,,,
4086,15915,c.1097C>A,12,Point,Missense,No,-,-,-,Ala > Asp,1097,-,366,320,Serine Protease,Exon 8,p.Ala366Asp,31080,Ala,Asp,alanine,aspartic acid,-,Moderate,-,-,4%,-,,,,,
4086,15916,c.1097C>A,12,Point,Missense,No,-,-,-,Ala > Asp,1097,-,366,320,Serine Protease,Exon 8,p.Ala366Asp,31080,Ala,Asp,alanine,aspartic acid,-,Moderate,-,-,4%,-,,,,,
4086,15917,c.1097C>A,12,Point,Missense,No,-,-,-,Ala > Asp,1097,-,366,320,Serine Protease,Exon 8,p.Ala366Asp,31080,Ala,Asp,alanine,aspartic acid,-,Moderate,-,-,3%,-,,,,,
4086,15918,c.1097C>A,12,Point,Missense,No,-,-,-,Ala > Asp,1097,-,366,320,Serine Protease,Exon 8,p.Ala366Asp,31080,Ala,Asp,alanine,aspartic acid,-,Severe,-,-,<1,-,,,,,
4087,13763,c.1097C>G,2,Point,Missense,-,-,-,-,Ala > Gly,1097,-,366,320,Serine Protease,Exon 8,p.Ala366Gly,31080,Ala,Gly,alanine,glycine,-,Mild,-,-,-,-,,,,,
4087,13764,c.1097C>G,2,Point,Missense,-,-,-,-,Ala > Gly,1097,-,366,320,Serine Protease,Exon 8,p.Ala366Gly,31080,Ala,Gly,alanine,glycine,-,Mild,-,-,14%,97%,,,,,
4088,13765,c.1097C>T,6,Point,Missense,-,-,-,-,Ala > Val,1097,-,366,320,Serine Protease,Exon 8,p.Ala366Val,31080,Ala,Val,alanine,valine,-,-,-,-,-,-,,,,,
4088,13766,c.1097C>T,6,Point,Missense,-,-,-,-,Ala > Val,1097,-,366,320,Serine Protease,Exon 8,p.Ala366Val,31080,Ala,Val,alanine,valine,-,Mild,-,-,15%,62%,,,,,
4088,13767,c.1097C>T,6,Point,Missense,-,-,-,-,Ala > Val,1097,-,366,320,Serine Protease,Exon 8,p.Ala366Val,31080,Ala,Val,alanine,valine,-,Moderate,-,-,3%,119%,,,,,
4088,13768,c.1097C>T,6,Point,Missense,-,-,-,-,Ala > Val,1097,-,366,320,Serine Protease,Exon 8,p.Ala366Val,31080,Ala,Val,alanine,valine,-,Moderate,-,-,1%,62%,,,,,
4088,13769,c.1097C>T,6,Point,Missense,-,-,-,-,Ala > Val,1097,-,366,320,Serine Protease,Exon 8,p.Ala366Val,31080,Ala,Val,alanine,valine,-,Mild,-,-,50%,-,,,,,
4088,15911,c.1097C>T,6,Point,Missense,No,-,-,-,Ala > Val,1097,-,366,320,Serine Protease,Exon 8,p.Ala366Val,31080,Ala,Val,alanine,valine,-,Moderate,-,-,5%,-,,,,,
4089,13771,c.1100delT,1,Deletion,Frameshift,-,-,-,-,Leu > *,1100,-,367,321,Serine Protease,Exon 8,p.(Leu367*),31084,Leu,*,leucine,-,-,Severe,-,-,<1,-,,,,,
4090,13772,c.1105C>T,1,Point,Missense,-,-,-,-,Leu > Phe,1105,-,369,323,Serine Protease,Exon 8,p.Leu369Phe,31088,Leu,Phe,leucine,phenylalanine,-,Moderate,-,-,3%,-,,,,,
4091,13773,c.1106T>C,2,Point,Missense,-,-,-,-,Leu > Pro,1106,-,369,323,Serine Protease,Exon 8,p.Leu369Pro,31089,Leu,Pro,leucine,proline,-,Mild,-,-,5 to 8,-,,,,,
4091,13774,c.1106T>C,2,Point,Missense,-,-,-,-,Leu > Pro,1106,-,369,323,Serine Protease,Exon 8,p.Leu369Pro,31089,Leu,Pro,leucine,proline,-,Mild,-,-,15%,-,,,,,
4092,13775,c.1108C>G,1,Point,Missense,-,-,-,-,Gln > Glu,1108,-,370,324,Serine Protease,Exon 8,p.Gln370Glu,31091,Gln,Glu,glutamine,glutamic acid,-,Moderate,-,-,1%,2%,,,,,
4093,13776,c.1108C>T,4,Point,Nonsense,-,-,-,-,Gln > *,1108,-,370,324,Serine Protease,Exon 8,p.(Gln370*),31091,Gln,*,glutamine,-,-,Moderate,-,-,4%,4%,,,,,
4093,13777,c.1108C>T,4,Point,Nonsense,-,-,-,-,Gln > *,1108,-,370,324,Serine Protease,Exon 8,p.(Gln370*),31091,Gln,*,glutamine,-,-,Severe,-,-,<1,0.50%,,,,,
4093,13778,c.1108C>T,4,Point,Nonsense,-,-,-,-,Gln > *,1108,-,370,324,Serine Protease,Exon 8,p.(Gln370*),31091,Gln,*,glutamine,-,-,Severe,-,-,<1,-,,,,,
4093,16139,c.1108C>T,4,Point,Nonsense,No,-,-,-,Gln > *,1108,-,370,324,Serine Protease,Exon 8,p.(Gln370*),31091,Gln,*,glutamine,-,-,Moderate,-,-,2%,-,,,,,
4094,13779,c.1109A>C,4,Point,Missense,-,-,-,-,Gln > Pro,1109,-,370,324,Serine Protease,Exon 8,p.Gln370Pro,31092,Gln,Pro,glutamine,proline,-,Severe,-,-,<1,<1,,,,,
4094,13780,c.1109A>C,4,Point,Missense,-,-,-,-,Gln > Pro,1109,-,370,324,Serine Protease,Exon 8,p.Gln370Pro,31092,Gln,Pro,glutamine,proline,-,Severe,-,-,<1,5%,,,,,
4094,13781,c.1109A>C,4,Point,Missense,-,-,-,-,Gln > Pro,1109,-,370,324,Serine Protease,Exon 8,p.Gln370Pro,31092,Gln,Pro,glutamine,proline,-,-,-,-,-,-,,,,,
4094,14899,c.1109A>C,4,Point,Missense,-,-,-,-,Gln > Pro,1109,-,370,324,Serine Protease,Exon 8,p.Gln370Pro,31092,Gln,Pro,glutamine,proline,-,Moderate,-,-,-,-,,,,,
4095,13783,c.1113C>A,3,Point,Nonsense,-,-,-,-,Tyr > *,1113,-,371,325,Serine Protease,Exon 8,p.(Tyr371*),31096,Tyr,*,tyrosine,-,-,Severe,-,-,<1,<1,,,,,
4095,13784,c.1113C>A,3,Point,Nonsense,-,-,-,-,Tyr > *,1113,-,371,325,Serine Protease,Exon 8,p.(Tyr371*),31096,Tyr,*,tyrosine,-,-,Moderate,-,-,2%,-,,,,,
4095,13785,c.1113C>A,3,Point,Nonsense,-,-,-,-,Tyr > *,1113,-,371,325,Serine Protease,Exon 8,p.(Tyr371*),31096,Tyr,*,tyrosine,-,-,Severe,-,-,<1,<1,,,,,
4096,13786,c.1113C>G,4,Point,Nonsense,-,-,-,-,Tyr > *,1113,-,371,325,Serine Protease,Exon 8,p.(Tyr371*),31096,Tyr,*,tyrosine,-,-,-,-,-,-,-,,,,,
4096,13787,c.1113C>G,4,Point,Nonsense,-,-,-,-,Tyr > *,1113,-,371,325,Serine Protease,Exon 8,p.(Tyr371*),31096,Tyr,*,tyrosine,-,-,Moderate,-,-,4%,-,,,,,
4096,15124,c.1113C>G,4,Point,Nonsense,No,-,-,-,Tyr > *,1113,-,371,325,Serine Protease,Exon 8,p.(Tyr371*),31096,Tyr,*,tyrosine,-,-,Severe,-,-,-,-,,,,,
4096,16140,c.1113C>G,4,Point,Nonsense,No,-,-,-,Tyr > *,1113,-,371,325,Serine Protease,Exon 8,p.(Tyr371*),31096,Tyr,*,tyrosine,-,-,Severe,-,-,<1,-,,,,,
4097,13789,c.1120G>T,9,Point,Missense,-,-,-,-,Val > Phe,1120,-,374,328,Serine Protease,Exon 8,p.Val374Phe,31103,Val,Phe,valine,phenylalanine,-,Moderate,-,-,4%,4%,,,,,
4097,13790,c.1120G>T,9,Point,Missense,-,-,-,-,Val > Phe,1120,-,374,328,Serine Protease,Exon 8,p.Val374Phe,31103,Val,Phe,valine,phenylalanine,-,-,-,-,-,-,,,,,
4097,13791,c.1120G>T,9,Point,Missense,-,-,-,-,Val > Phe,1120,-,374,328,Serine Protease,Exon 8,p.Val374Phe,31103,Val,Phe,valine,phenylalanine,-,Severe,-,-,<1,4%,,,,,
4097,13792,c.1120G>T,9,Point,Missense,-,-,-,-,Val > Phe,1120,-,374,328,Serine Protease,Exon 8,p.Val374Phe,31103,Val,Phe,valine,phenylalanine,-,Severe,-,-,<1,<1,,,,,
4097,13793,c.1120G>T,9,Point,Missense,-,-,-,-,Val > Phe,1120,-,374,328,Serine Protease,Exon 8,p.Val374Phe,31103,Val,Phe,valine,phenylalanine,-,Severe,-,-,<1,4%,,,,,
4097,13795,c.1120G>T,9,Point,Missense,-,-,-,-,Val > Phe,1120,-,374,328,Serine Protease,Exon 8,p.Val374Phe,31103,Val,Phe,valine,phenylalanine,-,-,-,-,-,-,,,,,
4097,13796,c.1120G>T,9,Point,Missense,-,-,-,-,Val > Phe,1120,-,374,328,Serine Protease,Exon 8,p.Val374Phe,31103,Val,Phe,valine,phenylalanine,-,Severe,-,-,<1,3%,,,,,
4097,13797,c.1120G>T,9,Point,Missense,-,-,-,-,Val > Phe,1120,-,374,328,Serine Protease,Exon 8,p.Val374Phe,31103,Val,Phe,valine,phenylalanine,-,Severe,-,-,<1,3%,,,,,
4097,14972,c.1120G>T,9,Point,Missense,No,-,-,-,Val > Phe,1120,-,374,328,Serine Protease,Exon 8,p.Val374Phe,31103,Val,Phe,valine,phenylalanine,-,Severe,-,-,0.40%,0.80%,,,,,
4098,13798,c.1123C>A,1,Point,Missense,-,-,-,-,Pro > Thr,1123,-,375,329,Serine Protease,Exon 8,p.Pro375Thr,31106,Pro,Thr,proline,threonine,-,Mild,-,-,6%,-,,,,,
4099,13799,c.1127T>C,2,Point,Missense,-,-,-,-,Leu > Pro,1127,-,376,330,Serine Protease,Exon 8,p.Leu376Pro,31110,Leu,Pro,leucine,proline,-,Moderate,-,-,2%,-,,,,,
4099,13800,c.1127T>C,2,Point,Missense,-,-,-,-,Leu > Pro,1127,-,376,330,Serine Protease,Exon 8,p.Leu376Pro,31110,Leu,Pro,leucine,proline,-,Mild,-,-,7%,-,,,,,
4100,13801,c.1129G>T,2,Point,Missense,No,-,-,-,Val > Phe,1129,-,377,331,Serine Protease,Exon 8,p.Val377Phe,31112,Val,Phe,valine,phenylalanine,-,Severe,-,-,<1,<10,,,,,
4100,15019,c.1129G>T,2,Point,Missense,No,-,-,-,Val > Phe,1129,-,377,331,Serine Protease,Exon 8,p.Val377Phe,31112,Val,Phe,valine,phenylalanine,-,Severe,-,-,<1,-,,,,,
4101,13802,c.1130T>A,1,Point,Missense,-,-,-,-,Val > Asp,1130,-,377,331,Serine Protease,Exon 8,p.Val377Asp,31113,Val,Asp,valine,aspartic acid,-,Severe,-,-,<1,-,,,,,
4102,13803,c.1130T>C,1,Point,Missense,-,-,-,-,Val > Ala,1130,-,377,331,Serine Protease,Exon 8,p.Val377Ala,31113,Val,Ala,valine,alanine,-,Mild,-,-,7%,96%,,,,,
4103,13804,c.1132G>T,3,Point,Missense,-,-,-,Same haplotype as 762,Asp > Tyr,1132,-,378,332,Serine Protease,Exon 8,p.Asp378Tyr,31115,Asp,Tyr,aspartic acid,tyrosine,-,Moderate,-,-,4%,-,,,,,
4103,13805,c.1132G>T,3,Point,Missense,-,-,-,Same haplotype as 762,Asp > Tyr,1132,-,378,332,Serine Protease,Exon 8,p.Asp378Tyr,31115,Asp,Tyr,aspartic acid,tyrosine,-,-,-,-,-,-,,,,,
4103,13806,c.1132G>T,3,Point,Missense,-,-,-,Same haplotype as 762,Asp > Tyr,1132,-,378,332,Serine Protease,Exon 8,p.Asp378Tyr,31115,Asp,Tyr,aspartic acid,tyrosine,-,Moderate,-,-,3%,-,,,,,
4104,13807,c.1135C>G,5,Point,Missense,-,-,-,Haplotype differs from 304,Arg > Gly,1135,-,379,333,Serine Protease,Exon 8,p.Arg379Gly,31118,Arg,Gly,arginine,glycine,-,Severe,-,-,<1,63%,,,,,
4104,13808,c.1135C>G,5,Point,Missense,-,-,-,Haplotype differs from 304,Arg > Gly,1135,-,379,333,Serine Protease,Exon 8,p.Arg379Gly,31118,Arg,Gly,arginine,glycine,-,Moderate,-,-,-,-,,,,,
4104,13809,c.1135C>G,5,Point,Missense,-,-,-,Haplotype differs from 304,Arg > Gly,1135,-,379,333,Serine Protease,Exon 8,p.Arg379Gly,31118,Arg,Gly,arginine,glycine,-,Severe,-,-,<1,-,,,,,
4104,13810,c.1135C>G,5,Point,Missense,-,-,-,Haplotype differs from 304,Arg > Gly,1135,-,379,333,Serine Protease,Exon 8,p.Arg379Gly,31118,Arg,Gly,arginine,glycine,-,Moderate,-,-,2%,-,,,,,
4104,13865,c.1135C>G,5,Point,Missense,-,-,-,Haplotype differs from 304,Arg > Gly,1135,-,379,333,Serine Protease,Exon 8,p.Arg379Gly,31118,Arg,Gly,arginine,glycine,-,Mild,-,-,13%,17%,,,,,
4105,13755,c.1135C>T,75,Point,Nonsense,-,-,-,de novo in MGF (29),Arg > *,1135,-,379,333,Serine Protease,Exon 8,p.(Arg379*),31118,Arg,*,arginine,-,-,-,-,-,-,-,,,,,
4105,13811,c.1135C>T,75,Point,Nonsense,-,-,-,de novo in MGF (29),Arg > *,1135,-,379,333,Serine Protease,Exon 8,p.(Arg379*),31118,Arg,*,arginine,-,-,Moderate,-,-,-,-,,,,,
4105,13812,c.1135C>T,75,Point,Nonsense,-,-,-,de novo in MGF (29),Arg > *,1135,-,379,333,Serine Protease,Exon 8,p.(Arg379*),31118,Arg,*,arginine,-,-,Severe,-,-,<1,<1,,,,,
4105,13813,c.1135C>T,75,Point,Nonsense,-,-,-,de novo in MGF (29),Arg > *,1135,-,379,333,Serine Protease,Exon 8,p.(Arg379*),31118,Arg,*,arginine,-,-,Severe,-,-,<1,-,,,,,
4105,13814,c.1135C>T,75,Point,Nonsense,-,-,-,de novo in MGF (29),Arg > *,1135,-,379,333,Serine Protease,Exon 8,p.(Arg379*),31118,Arg,*,arginine,-,-,Severe,-,-,<1,-,,,,,
4105,13815,c.1135C>T,75,Point,Nonsense,-,-,-,de novo in MGF (29),Arg > *,1135,-,379,333,Serine Protease,Exon 8,p.(Arg379*),31118,Arg,*,arginine,-,-,Severe,-,-,<1,1%,,,,,
4105,13816,c.1135C>T,75,Point,Nonsense,-,-,-,de novo in MGF (29),Arg > *,1135,-,379,333,Serine Protease,Exon 8,p.(Arg379*),31118,Arg,*,arginine,-,-,Mild,-,-,6%,-,,,,,
4105,13817,c.1135C>T,75,Point,Nonsense,-,-,-,de novo in MGF (29),Arg > *,1135,-,379,333,Serine Protease,Exon 8,p.(Arg379*),31118,Arg,*,arginine,-,-,Severe,-,-,<1,1%,,,,,
4105,13818,c.1135C>T,75,Point,Nonsense,-,-,-,de novo in MGF (29),Arg > *,1135,-,379,333,Serine Protease,Exon 8,p.(Arg379*),31118,Arg,*,arginine,-,-,Severe,-,-,<1,<1,,,,,
4105,13819,c.1135C>T,75,Point,Nonsense,-,-,-,de novo in MGF (29),Arg > *,1135,-,379,333,Serine Protease,Exon 8,p.(Arg379*),31118,Arg,*,arginine,-,-,Severe,-,-,<1,<1,,,,,
4105,13820,c.1135C>T,75,Point,Nonsense,-,-,-,de novo in MGF (29),Arg > *,1135,-,379,333,Serine Protease,Exon 8,p.(Arg379*),31118,Arg,*,arginine,-,-,Severe,-,-,<1,<1,,,,,
4105,13821,c.1135C>T,75,Point,Nonsense,-,-,-,de novo in MGF (29),Arg > *,1135,-,379,333,Serine Protease,Exon 8,p.(Arg379*),31118,Arg,*,arginine,-,-,Severe,-,-,<1,<1,,,,,
4105,13822,c.1135C>T,75,Point,Nonsense,-,-,-,de novo in MGF (29),Arg > *,1135,-,379,333,Serine Protease,Exon 8,p.(Arg379*),31118,Arg,*,arginine,-,-,Severe,-,-,<1,-,,,,,
4105,13823,c.1135C>T,75,Point,Nonsense,-,-,-,de novo in MGF (29),Arg > *,1135,-,379,333,Serine Protease,Exon 8,p.(Arg379*),31118,Arg,*,arginine,-,-,Severe,-,-,<1,-,,,,,
4105,13824,c.1135C>T,75,Point,Nonsense,-,-,-,de novo in MGF (29),Arg > *,1135,-,379,333,Serine Protease,Exon 8,p.(Arg379*),31118,Arg,*,arginine,-,-,Moderate,-,-,4%,<1,,,,,
4105,13825,c.1135C>T,75,Point,Nonsense,-,-,-,de novo in MGF (29),Arg > *,1135,-,379,333,Serine Protease,Exon 8,p.(Arg379*),31118,Arg,*,arginine,-,-,Severe,-,-,<1,<1,,,,,
4105,13826,c.1135C>T,75,Point,Nonsense,-,-,-,de novo in MGF (29),Arg > *,1135,-,379,333,Serine Protease,Exon 8,p.(Arg379*),31118,Arg,*,arginine,-,-,Severe,-,-,-,-,,,,,
4105,13827,c.1135C>T,75,Point,Nonsense,-,-,-,de novo in MGF (29),Arg > *,1135,-,379,333,Serine Protease,Exon 8,p.(Arg379*),31118,Arg,*,arginine,-,-,Severe,-,-,-,-,,,,,
4105,13828,c.1135C>T,75,Point,Nonsense,-,-,-,de novo in MGF (29),Arg > *,1135,-,379,333,Serine Protease,Exon 8,p.(Arg379*),31118,Arg,*,arginine,-,-,Severe,-,-,<1,<1,,,,,
4105,13829,c.1135C>T,75,Point,Nonsense,-,-,-,de novo in MGF (29),Arg > *,1135,-,379,333,Serine Protease,Exon 8,p.(Arg379*),31118,Arg,*,arginine,-,-,Moderate,-,-,1%,-,,,,,
4105,13830,c.1135C>T,75,Point,Nonsense,-,-,-,de novo in MGF (29),Arg > *,1135,-,379,333,Serine Protease,Exon 8,p.(Arg379*),31118,Arg,*,arginine,-,-,Severe,-,-,<1,5%,,,,,
4105,13831,c.1135C>T,75,Point,Nonsense,-,-,-,de novo in MGF (29),Arg > *,1135,-,379,333,Serine Protease,Exon 8,p.(Arg379*),31118,Arg,*,arginine,-,-,Severe,-,-,<1,<1,,,,,
4105,13832,c.1135C>T,75,Point,Nonsense,-,-,-,de novo in MGF (29),Arg > *,1135,-,379,333,Serine Protease,Exon 8,p.(Arg379*),31118,Arg,*,arginine,-,-,-,-,-,-,-,,,,,
4105,13833,c.1135C>T,75,Point,Nonsense,-,-,-,de novo in MGF (29),Arg > *,1135,-,379,333,Serine Protease,Exon 8,p.(Arg379*),31118,Arg,*,arginine,-,-,Severe,-,-,<1,-,,,,,
4105,13834,c.1135C>T,75,Point,Nonsense,-,-,-,de novo in MGF (29),Arg > *,1135,-,379,333,Serine Protease,Exon 8,p.(Arg379*),31118,Arg,*,arginine,-,-,Severe,-,-,-,-,,,,,
4105,13835,c.1135C>T,75,Point,Nonsense,-,-,-,de novo in MGF (29),Arg > *,1135,-,379,333,Serine Protease,Exon 8,p.(Arg379*),31118,Arg,*,arginine,-,-,Severe,-,-,<1,-,,,,,
4105,13836,c.1135C>T,75,Point,Nonsense,-,-,-,de novo in MGF (29),Arg > *,1135,-,379,333,Serine Protease,Exon 8,p.(Arg379*),31118,Arg,*,arginine,-,-,-,-,-,-,-,,,,,
4105,13837,c.1135C>T,75,Point,Nonsense,-,-,-,de novo in MGF (29),Arg > *,1135,-,379,333,Serine Protease,Exon 8,p.(Arg379*),31118,Arg,*,arginine,-,-,Severe,-,-,<1,-,,,,,
4105,13838,c.1135C>T,75,Point,Nonsense,-,-,-,de novo in MGF (29),Arg > *,1135,-,379,333,Serine Protease,Exon 8,p.(Arg379*),31118,Arg,*,arginine,-,-,-,-,-,-,-,,,,,
4105,13839,c.1135C>T,75,Point,Nonsense,-,-,-,de novo in MGF (29),Arg > *,1135,-,379,333,Serine Protease,Exon 8,p.(Arg379*),31118,Arg,*,arginine,-,-,Mild,-,-,17%,19%,,,,,
4105,13840,c.1135C>T,75,Point,Nonsense,-,-,-,de novo in MGF (29),Arg > *,1135,-,379,333,Serine Protease,Exon 8,p.(Arg379*),31118,Arg,*,arginine,-,-,Severe,-,-,<1,-,,,,,
4105,13841,c.1135C>T,75,Point,Nonsense,-,-,-,de novo in MGF (29),Arg > *,1135,-,379,333,Serine Protease,Exon 8,p.(Arg379*),31118,Arg,*,arginine,-,-,Severe,-,-,<1,-,,,,,
4105,13842,c.1135C>T,75,Point,Nonsense,-,-,-,de novo in MGF (29),Arg > *,1135,-,379,333,Serine Protease,Exon 8,p.(Arg379*),31118,Arg,*,arginine,-,-,Severe,-,-,<1,-,,,,,
4105,13843,c.1135C>T,75,Point,Nonsense,-,-,-,de novo in MGF (29),Arg > *,1135,-,379,333,Serine Protease,Exon 8,p.(Arg379*),31118,Arg,*,arginine,-,-,Severe,-,-,<1,-,,,,,
4105,13844,c.1135C>T,75,Point,Nonsense,-,-,-,de novo in MGF (29),Arg > *,1135,-,379,333,Serine Protease,Exon 8,p.(Arg379*),31118,Arg,*,arginine,-,-,Severe,-,-,<1,<1,,,,,
4105,13845,c.1135C>T,75,Point,Nonsense,-,-,-,de novo in MGF (29),Arg > *,1135,-,379,333,Serine Protease,Exon 8,p.(Arg379*),31118,Arg,*,arginine,-,-,-,-,-,-,-,,,,,
4105,13846,c.1135C>T,75,Point,Nonsense,-,-,-,de novo in MGF (29),Arg > *,1135,-,379,333,Serine Protease,Exon 8,p.(Arg379*),31118,Arg,*,arginine,-,-,-,-,-,-,-,,,,,
4105,13847,c.1135C>T,75,Point,Nonsense,-,-,-,de novo in MGF (29),Arg > *,1135,-,379,333,Serine Protease,Exon 8,p.(Arg379*),31118,Arg,*,arginine,-,-,-,-,-,-,-,,,,,
4105,13848,c.1135C>T,75,Point,Nonsense,-,-,-,de novo in MGF (29),Arg > *,1135,-,379,333,Serine Protease,Exon 8,p.(Arg379*),31118,Arg,*,arginine,-,-,Severe,-,-,<1,-,,,,,
4105,13849,c.1135C>T,75,Point,Nonsense,-,-,-,de novo in MGF (29),Arg > *,1135,-,379,333,Serine Protease,Exon 8,p.(Arg379*),31118,Arg,*,arginine,-,-,-,-,-,-,-,,,,,
4105,13850,c.1135C>T,75,Point,Nonsense,-,-,-,de novo in MGF (29),Arg > *,1135,-,379,333,Serine Protease,Exon 8,p.(Arg379*),31118,Arg,*,arginine,-,-,-,-,-,-,-,,,,,
4105,13851,c.1135C>T,75,Point,Nonsense,-,-,-,de novo in MGF (29),Arg > *,1135,-,379,333,Serine Protease,Exon 8,p.(Arg379*),31118,Arg,*,arginine,-,-,Severe,-,-,<1,<6,,,,,
4105,13852,c.1135C>T,75,Point,Nonsense,No,-,-,de novo in MGF (29),Arg > *,1135,-,379,333,Serine Protease,Exon 8,p.(Arg379*),31118,Arg,*,arginine,-,-,Severe,-,-,<1,-,,,,,
4105,13853,c.1135C>T,75,Point,Nonsense,-,-,-,de novo in MGF (29),Arg > *,1135,-,379,333,Serine Protease,Exon 8,p.(Arg379*),31118,Arg,*,arginine,-,-,Severe,-,-,-,-,,,,,
4105,13854,c.1135C>T,75,Point,Nonsense,-,-,-,de novo in MGF (29),Arg > *,1135,-,379,333,Serine Protease,Exon 8,p.(Arg379*),31118,Arg,*,arginine,-,-,-,-,-,-,-,,,,,
4105,13855,c.1135C>T,75,Point,Nonsense,-,-,-,de novo in MGF (29),Arg > *,1135,-,379,333,Serine Protease,Exon 8,p.(Arg379*),31118,Arg,*,arginine,-,-,Severe,-,-,<1,-,,,,,
4105,13856,c.1135C>T,75,Point,Nonsense,-,-,-,de novo in MGF (29),Arg > *,1135,-,379,333,Serine Protease,Exon 8,p.(Arg379*),31118,Arg,*,arginine,-,-,Severe,-,-,<1,-,,,,,
4105,13857,c.1135C>T,75,Point,Nonsense,-,-,-,de novo in MGF (29),Arg > *,1135,-,379,333,Serine Protease,Exon 8,p.(Arg379*),31118,Arg,*,arginine,-,-,Severe,-,-,<1,-,,,,,
4105,13858,c.1135C>T,75,Point,Nonsense,-,-,-,de novo in MGF (29),Arg > *,1135,-,379,333,Serine Protease,Exon 8,p.(Arg379*),31118,Arg,*,arginine,-,-,-,-,-,-,-,,,,,
4105,13859,c.1135C>T,75,Point,Nonsense,-,-,-,de novo in MGF (29),Arg > *,1135,-,379,333,Serine Protease,Exon 8,p.(Arg379*),31118,Arg,*,arginine,-,-,Moderate,-,-,1%,-,,,,,
4105,13860,c.1135C>T,75,Point,Nonsense,-,-,-,de novo in MGF (29),Arg > *,1135,-,379,333,Serine Protease,Exon 8,p.(Arg379*),31118,Arg,*,arginine,-,-,Severe,-,-,<1,-,,,,,
4105,13861,c.1135C>T,75,Point,Nonsense,-,-,-,de novo in MGF (29),Arg > *,1135,-,379,333,Serine Protease,Exon 8,p.(Arg379*),31118,Arg,*,arginine,-,-,-,-,-,-,-,,,,,
4105,13862,c.1135C>T,75,Point,Nonsense,-,-,-,de novo in MGF (29),Arg > *,1135,-,379,333,Serine Protease,Exon 8,p.(Arg379*),31118,Arg,*,arginine,-,-,-,-,-,-,-,,,,,
4105,13863,c.1135C>T,75,Point,Nonsense,-,-,-,de novo in MGF (29),Arg > *,1135,-,379,333,Serine Protease,Exon 8,p.(Arg379*),31118,Arg,*,arginine,-,-,-,-,-,-,-,,,,,
4105,13864,c.1135C>T,75,Point,Nonsense,-,-,-,de novo in MGF (29),Arg > *,1135,-,379,333,Serine Protease,Exon 8,p.(Arg379*),31118,Arg,*,arginine,-,-,Severe,-,-,<1,-,,,,,
4105,13866,c.1135C>T,75,Point,Nonsense,-,-,-,de novo in MGF (29),Arg > *,1135,-,379,333,Serine Protease,Exon 8,p.(Arg379*),31118,Arg,*,arginine,-,-,Severe,-,-,<1,-,,,,,
4105,13867,c.1135C>T,75,Point,Nonsense,-,-,-,de novo in MGF (29),Arg > *,1135,-,379,333,Serine Protease,Exon 8,p.(Arg379*),31118,Arg,*,arginine,-,-,Severe,-,-,<1,-,,,,,
4105,14999,c.1135C>T,75,Point,Nonsense,-,-,-,de novo in MGF (29),Arg > *,1135,-,379,333,Serine Protease,Exon 8,p.(Arg379*),31118,Arg,*,arginine,-,-,Severe,-,-,<1,-,,,,,
4105,15045,c.1135C>T,75,Point,Nonsense,No,-,-,de novo in MGF (29),Arg > *,1135,-,379,333,Serine Protease,Exon 8,p.(Arg379*),31118,Arg,*,arginine,-,-,Severe,-,-,<1,-,,,,,
4105,15125,c.1135C>T,75,Point,Nonsense,No,-,-,de novo in MGF (29),Arg > *,1135,-,379,333,Serine Protease,Exon 8,p.(Arg379*),31118,Arg,*,arginine,-,-,Severe,-,-,-,-,,,,,
4105,15126,c.1135C>T,75,Point,Nonsense,No,-,-,de novo in MGF (29),Arg > *,1135,-,379,333,Serine Protease,Exon 8,p.(Arg379*),31118,Arg,*,arginine,-,-,Severe,-,-,-,-,,,,,
4105,15127,c.1135C>T,75,Point,Nonsense,No,-,-,de novo in MGF (29),Arg > *,1135,-,379,333,Serine Protease,Exon 8,p.(Arg379*),31118,Arg,*,arginine,-,-,Severe,-,-,-,-,,,,,
4105,15128,c.1135C>T,75,Point,Nonsense,No,-,-,de novo in MGF (29),Arg > *,1135,-,379,333,Serine Protease,Exon 8,p.(Arg379*),31118,Arg,*,arginine,-,-,Severe,-,-,-,-,,,,,
4105,15129,c.1135C>T,75,Point,Nonsense,No,-,-,de novo in MGF (29),Arg > *,1135,-,379,333,Serine Protease,Exon 8,p.(Arg379*),31118,Arg,*,arginine,-,-,Moderate,-,-,-,-,,,,,
4105,15130,c.1135C>T,75,Point,Nonsense,No,-,-,de novo in MGF (29),Arg > *,1135,-,379,333,Serine Protease,Exon 8,p.(Arg379*),31118,Arg,*,arginine,-,-,Moderate,-,-,-,-,,,,,
4105,15266,c.1135C>T,75,Point,Nonsense,-,-,-,de novo in MGF (29),Arg > *,1135,-,379,333,Serine Protease,Exon 8,p.(Arg379*),31118,Arg,*,arginine,-,-,Severe,-,-,<1,135%,,,,,
4105,16141,c.1135C>T,75,Point,Nonsense,No,-,-,de novo in MGF (29),Arg > *,1135,-,379,333,Serine Protease,Exon 8,p.(Arg379*),31118,Arg,*,arginine,-,-,Moderate,-,-,1%,-,,,,,
4105,16142,c.1135C>T,75,Point,Nonsense,No,-,-,de novo in MGF (29),Arg > *,1135,-,379,333,Serine Protease,Exon 8,p.(Arg379*),31118,Arg,*,arginine,-,-,Severe,-,-,<1,-,,,,,
4105,16143,c.1135C>T,75,Point,Nonsense,No,-,-,de novo in MGF (29),Arg > *,1135,-,379,333,Serine Protease,Exon 8,p.(Arg379*),31118,Arg,*,arginine,-,-,Severe,-,-,<1,-,,,,,
4105,16144,c.1135C>T,75,Point,Nonsense,No,-,-,de novo in MGF (29),Arg > *,1135,-,379,333,Serine Protease,Exon 8,p.(Arg379*),31118,Arg,*,arginine,-,-,Severe,-,-,<1,-,,,,,
4105,16145,c.1135C>T,75,Point,Nonsense,No,-,-,de novo in MGF (29),Arg > *,1135,-,379,333,Serine Protease,Exon 8,p.(Arg379*),31118,Arg,*,arginine,-,-,Severe,-,-,<1,-,,,,,
4105,16146,c.1135C>T,75,Point,Nonsense,No,-,-,de novo in MGF (29),Arg > *,1135,-,379,333,Serine Protease,Exon 8,p.(Arg379*),31118,Arg,*,arginine,-,-,Severe,-,-,<1,-,,,,,
4105,16147,c.1135C>T,75,Point,Nonsense,No,-,-,de novo in MGF (29),Arg > *,1135,-,379,333,Serine Protease,Exon 8,p.(Arg379*),31118,Arg,*,arginine,-,-,Severe,-,-,<1,-,,,,,
4105,16148,c.1135C>T,75,Point,Nonsense,No,-,-,de novo in MGF (29),Arg > *,1135,-,379,333,Serine Protease,Exon 8,p.(Arg379*),31118,Arg,*,arginine,-,-,Severe,-,-,<1,-,,,,,
4105,16149,c.1135C>T,75,Point,Nonsense,No,-,-,de novo in MGF (29),Arg > *,1135,-,379,333,Serine Protease,Exon 8,p.(Arg379*),31118,Arg,*,arginine,-,-,Severe,-,-,<1,-,,,,,
4106,13868,c.1135C>A,1,Point,Missense,-,-,-,-,Arg > Gly,1135,-,379,333,Serine Protease,Exon 8,p.Arg379Gly,31118,Arg,Gly,arginine,glycine,-,Severe,-,-,<1,-,,,,,
4107,13869,c.1136G>A,80,Point,Missense,-,-,-,"Double (see 30,800)",Arg > Gln,1136,-,379,333,Serine Protease,Exon 8,p.Arg379Gln,31119,Arg,Gln,arginine,glutamine,-,Moderate,-,-,3%,119%,,,,,
4107,13870,c.1136G>A,80,Point,Missense,-,-,-,"Double (see 30,800)",Arg > Gln,1136,-,379,333,Serine Protease,Exon 8,p.Arg379Gln,31119,Arg,Gln,arginine,glutamine,-,Severe,-,-,<1,135%,,,,,
4107,13871,c.1136G>A,80,Point,Missense,-,-,-,"Double (see 30,800)",Arg > Gln,1136,-,379,333,Serine Protease,Exon 8,p.Arg379Gln,31119,Arg,Gln,arginine,glutamine,-,Moderate,-,-,1%,122%,,,,,
4107,13872,c.1136G>A,80,Point,Missense,-,-,-,"Double (see 30,800)",Arg > Gln,1136,-,379,333,Serine Protease,Exon 8,p.Arg379Gln,31119,Arg,Gln,arginine,glutamine,-,Moderate,-,-,1%,75%,,,,,
4107,13873,c.1136G>A,80,Point,Missense,-,-,-,"Double (see 30,800)",Arg > Gln,1136,-,379,333,Serine Protease,Exon 8,p.Arg379Gln,31119,Arg,Gln,arginine,glutamine,-,Moderate,-,-,1%,130%,,,,,
4107,13874,c.1136G>A,80,Point,Missense,-,-,-,"Double (see 30,800)",Arg > Gln,1136,-,379,333,Serine Protease,Exon 8,p.Arg379Gln,31119,Arg,Gln,arginine,glutamine,-,Moderate,-,-,2%,32%,,,,,
4107,13875,c.1136G>A,80,Point,Missense,-,-,-,"Double (see 30,800)",Arg > Gln,1136,-,379,333,Serine Protease,Exon 8,p.Arg379Gln,31119,Arg,Gln,arginine,glutamine,-,Severe,-,-,<1,87%,,,,,
4107,13876,c.1136G>A,80,Point,Missense,-,-,-,"Double (see 30,800)",Arg > Gln,1136,-,379,333,Serine Protease,Exon 8,p.Arg379Gln,31119,Arg,Gln,arginine,glutamine,-,Moderate,-,-,2%,38%,,,,,
4107,13877,c.1136G>A,80,Point,Missense,-,-,-,"Double (see 30,800)",Arg > Gln,1136,-,379,333,Serine Protease,Exon 8,p.Arg379Gln,31119,Arg,Gln,arginine,glutamine,-,Moderate,-,-,2%,60%,,,,,
4107,13878,c.1136G>A,80,Point,Missense,-,-,-,"Double (see 30,800)",Arg > Gln,1136,-,379,333,Serine Protease,Exon 8,p.Arg379Gln,31119,Arg,Gln,arginine,glutamine,-,Moderate,-,-,4%,86%,,,,,
4107,13879,c.1136G>A,80,Point,Missense,-,-,-,"Double (see 30,800)",Arg > Gln,1136,-,379,333,Serine Protease,Exon 8,p.Arg379Gln,31119,Arg,Gln,arginine,glutamine,-,Moderate,-,-,2%,88%,,,,,
4107,13880,c.1136G>A,80,Point,Missense,-,-,-,"Double (see 30,800)",Arg > Gln,1136,-,379,333,Serine Protease,Exon 8,p.Arg379Gln,31119,Arg,Gln,arginine,glutamine,-,Moderate,-,-,4%,93%,,,,,
4107,13881,c.1136G>A,80,Point,Missense,-,-,-,"Double (see 30,800)",Arg > Gln,1136,-,379,333,Serine Protease,Exon 8,p.Arg379Gln,31119,Arg,Gln,arginine,glutamine,-,-,-,-,-,-,,,,,
4107,13882,c.1136G>A,80,Point,Missense,-,-,-,"Double (see 30,800)",Arg > Gln,1136,-,379,333,Serine Protease,Exon 8,p.Arg379Gln,31119,Arg,Gln,arginine,glutamine,-,Moderate,-,-,2%,80%,,,,,
4107,13883,c.1136G>A,80,Point,Missense,-,-,-,"Double (see 30,800)",Arg > Gln,1136,-,379,333,Serine Protease,Exon 8,p.Arg379Gln,31119,Arg,Gln,arginine,glutamine,-,Moderate,-,-,2%,86%,,,,,
4107,13884,c.1136G>A,80,Point,Missense,-,-,-,"Double (see 30,800)",Arg > Gln,1136,-,379,333,Serine Protease,Exon 8,p.Arg379Gln,31119,Arg,Gln,arginine,glutamine,-,Mild,-,-,16%,140%,,,,,
4107,13885,c.1136G>A,80,Point,Missense,-,-,-,"Double (see 30,800)",Arg > Gln,1136,-,379,333,Serine Protease,Exon 8,p.Arg379Gln,31119,Arg,Gln,arginine,glutamine,-,Severe,-,-,<1,-,,,,,
4107,13886,c.1136G>A,80,Point,Missense,-,-,-,"Double (see 30,800)",Arg > Gln,1136,-,379,333,Serine Protease,Exon 8,p.Arg379Gln,31119,Arg,Gln,arginine,glutamine,-,Moderate,-,-,4%,-,,,,,
4107,13887,c.1136G>A,80,Point,Missense,-,-,-,"Double (see 30,800)",Arg > Gln,1136,-,379,333,Serine Protease,Exon 8,p.Arg379Gln,31119,Arg,Gln,arginine,glutamine,-,Severe,-,-,<1,-,,,,,
4107,13888,c.1136G>A,80,Point,Missense,-,-,-,"Double (see 30,800)",Arg > Gln,1136,-,379,333,Serine Protease,Exon 8,p.Arg379Gln,31119,Arg,Gln,arginine,glutamine,-,Severe,-,-,<1,-,,,,,
4107,13889,c.1136G>A,80,Point,Missense,-,-,-,"Double (see 30,800)",Arg > Gln,1136,-,379,333,Serine Protease,Exon 8,p.Arg379Gln,31119,Arg,Gln,arginine,glutamine,-,Moderate,-,-,1%,-,,,,,
4107,13890,c.1136G>A,80,Point,Missense,-,-,-,"Double (see 30,800)",Arg > Gln,1136,-,379,333,Serine Protease,Exon 8,p.Arg379Gln,31119,Arg,Gln,arginine,glutamine,-,Moderate,-,-,2%,88%,,,,,
4107,13891,c.1136G>A,80,Point,Missense,-,-,-,"Double (see 30,800)",Arg > Gln,1136,-,379,333,Serine Protease,Exon 8,p.Arg379Gln,31119,Arg,Gln,arginine,glutamine,-,-,-,-,-,-,,,,,
4107,13892,c.1136G>A,80,Point,Missense,-,-,-,"Double (see 30,800)",Arg > Gln,1136,-,379,333,Serine Protease,Exon 8,p.Arg379Gln,31119,Arg,Gln,arginine,glutamine,-,Moderate,-,-,2%,125%,,,,,
4107,13893,c.1136G>A,80,Point,Missense,-,-,-,"Double (see 30,800)",Arg > Gln,1136,-,379,333,Serine Protease,Exon 8,p.Arg379Gln,31119,Arg,Gln,arginine,glutamine,-,Moderate,-,-,-,-,,,,,
4107,13894,c.1136G>A,80,Point,Missense,-,-,-,"Double (see 30,800)",Arg > Gln,1136,-,379,333,Serine Protease,Exon 8,p.Arg379Gln,31119,Arg,Gln,arginine,glutamine,-,Moderate,-,-,1%,-,,,,,
4107,13895,c.1136G>A,80,Point,Missense,-,-,-,"Double (see 30,800)",Arg > Gln,1136,-,379,333,Serine Protease,Exon 8,p.Arg379Gln,31119,Arg,Gln,arginine,glutamine,-,Moderate,-,-,2%,-,,,,,
4107,13896,c.1136G>A,80,Point,Missense,-,-,-,"Double (see 30,800)",Arg > Gln,1136,-,379,333,Serine Protease,Exon 8,p.Arg379Gln,31119,Arg,Gln,arginine,glutamine,-,Moderate,-,-,2.50%,-,,,,,
4107,13897,c.1136G>A,80,Point,Missense,-,-,-,"Double (see 30,800)",Arg > Gln,1136,-,379,333,Serine Protease,Exon 8,p.Arg379Gln,31119,Arg,Gln,arginine,glutamine,-,Moderate,-,-,1%,-,,,,,
4107,13898,c.1136G>A,80,Point,Missense,-,-,-,"Double (see 30,800)",Arg > Gln,1136,-,379,333,Serine Protease,Exon 8,p.Arg379Gln,31119,Arg,Gln,arginine,glutamine,-,-,-,-,-,-,,,,,
4107,13899,c.1136G>A,80,Point,Missense,-,-,-,"Double (see 30,800)",Arg > Gln,1136,-,379,333,Serine Protease,Exon 8,p.Arg379Gln,31119,Arg,Gln,arginine,glutamine,-,Mild,-,-,8%,108%,,,,,
4107,13900,c.1136G>A,80,Point,Missense,-,-,-,"Double (see 30,800)",Arg > Gln,1136,-,379,333,Serine Protease,Exon 8,p.Arg379Gln,31119,Arg,Gln,arginine,glutamine,-,Moderate,-,-,3%,-,,,,,
4107,13901,c.1136G>A,80,Point,Missense,-,-,-,"Double (see 30,800)",Arg > Gln,1136,-,379,333,Serine Protease,Exon 8,p.Arg379Gln,31119,Arg,Gln,arginine,glutamine,-,Moderate,-,-,2%,-,,,,,
4107,13902,c.1136G>A,80,Point,Missense,-,-,-,"Double (see 30,800)",Arg > Gln,1136,-,379,333,Serine Protease,Exon 8,p.Arg379Gln,31119,Arg,Gln,arginine,glutamine,-,Moderate,-,-,1%,-,,,,,
4107,13903,c.1136G>A,80,Point,Missense,-,-,-,"Double (see 30,800)",Arg > Gln,1136,-,379,333,Serine Protease,Exon 8,p.Arg379Gln,31119,Arg,Gln,arginine,glutamine,-,Severe,-,-,<1,-,,,,,
4107,13904,c.1136G>A,80,Point,Missense,-,-,-,"Double (see 30,800)",Arg > Gln,1136,-,379,333,Serine Protease,Exon 8,p.Arg379Gln,31119,Arg,Gln,arginine,glutamine,-,Moderate,-,-,1%,-,,,,,
4107,13905,c.1136G>A,80,Point,Missense,-,-,-,"Double (see 30,800)",Arg > Gln,1136,-,379,333,Serine Protease,Exon 8,p.Arg379Gln,31119,Arg,Gln,arginine,glutamine,-,Moderate,-,-,1%,-,,,,,
4107,13906,c.1136G>A,80,Point,Missense,-,-,-,"Double (see 30,800)",Arg > Gln,1136,-,379,333,Serine Protease,Exon 8,p.Arg379Gln,31119,Arg,Gln,arginine,glutamine,-,Moderate,-,-,1%,98%,,,,,
4107,13907,c.1136G>A,80,Point,Missense,-,-,-,"Double (see 30,800)",Arg > Gln,1136,-,379,333,Serine Protease,Exon 8,p.Arg379Gln,31119,Arg,Gln,arginine,glutamine,-,Moderate,-,-,2%,148%,,,,,
4107,13908,c.1136G>A,80,Point,Missense,-,-,-,"Double (see 30,800)",Arg > Gln,1136,-,379,333,Serine Protease,Exon 8,p.Arg379Gln,31119,Arg,Gln,arginine,glutamine,-,Severe,-,-,<1,-,,,,,
4107,13909,c.1136G>A,80,Point,Missense,-,-,-,"Double (see 30,800)",Arg > Gln,1136,-,379,333,Serine Protease,Exon 8,p.Arg379Gln,31119,Arg,Gln,arginine,glutamine,-,Severe,-,-,-,-,,,,,
4107,13910,c.1136G>A,80,Point,Missense,-,-,-,"Double (see 30,800)",Arg > Gln,1136,-,379,333,Serine Protease,Exon 8,p.Arg379Gln,31119,Arg,Gln,arginine,glutamine,-,Severe,-,-,-,-,,,,,
4107,13911,c.1136G>A,80,Point,Missense,-,-,-,"Double (see 30,800)",Arg > Gln,1136,-,379,333,Serine Protease,Exon 8,p.Arg379Gln,31119,Arg,Gln,arginine,glutamine,-,-,-,-,-,-,,,,,
4107,13912,c.1136G>A,80,Point,Missense,-,-,-,"Double (see 30,800)",Arg > Gln,1136,-,379,333,Serine Protease,Exon 8,p.Arg379Gln,31119,Arg,Gln,arginine,glutamine,-,-,-,-,-,-,,,,,
4107,13913,c.1136G>A,80,Point,Missense,-,-,-,"Double (see 30,800)",Arg > Gln,1136,-,379,333,Serine Protease,Exon 8,p.Arg379Gln,31119,Arg,Gln,arginine,glutamine,-,Severe,-,-,<1,-,,,,,
4107,13914,c.1136G>A,80,Point,Missense,-,-,-,"Double (see 30,800)",Arg > Gln,1136,-,379,333,Serine Protease,Exon 8,p.Arg379Gln,31119,Arg,Gln,arginine,glutamine,-,Severe,-,-,<1,-,,,,,
4107,13915,c.1136G>A,80,Point,Missense,-,-,-,"Double (see 30,800)",Arg > Gln,1136,-,379,333,Serine Protease,Exon 8,p.Arg379Gln,31119,Arg,Gln,arginine,glutamine,-,Moderate,-,-,1%,-,,,,,
4107,13916,c.1136G>A,80,Point,Missense,-,-,-,"Double (see 30,800)",Arg > Gln,1136,-,379,333,Serine Protease,Exon 8,p.Arg379Gln,31119,Arg,Gln,arginine,glutamine,-,Severe,-,-,<1,-,,,,,
4107,13917,c.1136G>A,80,Point,Missense,-,-,-,"Double (see 30,800)",Arg > Gln,1136,-,379,333,Serine Protease,Exon 8,p.Arg379Gln,31119,Arg,Gln,arginine,glutamine,-,Severe,-,-,<1,-,,,,,
4107,13918,c.1136G>A,80,Point,Missense,-,-,-,"Double (see 30,800)",Arg > Gln,1136,-,379,333,Serine Protease,Exon 8,p.Arg379Gln,31119,Arg,Gln,arginine,glutamine,-,Moderate,-,-,1.30%,-,,,,,
4107,13919,c.1136G>A,80,Point,Missense,-,-,-,"Double (see 30,800)",Arg > Gln,1136,-,379,333,Serine Protease,Exon 8,p.Arg379Gln,31119,Arg,Gln,arginine,glutamine,-,Severe,-,-,<1,-,,,,,
4107,13920,c.1136G>A,80,Point,Missense,-,-,-,"Double (see 30,800)",Arg > Gln,1136,-,379,333,Serine Protease,Exon 8,p.Arg379Gln,31119,Arg,Gln,arginine,glutamine,-,Moderate,-,-,2 to 3.5,-,,,,,
4107,13921,c.1136G>A,80,Point,Missense,-,-,-,"Double (see 30,800)",Arg > Gln,1136,-,379,333,Serine Protease,Exon 8,p.Arg379Gln,31119,Arg,Gln,arginine,glutamine,-,-,-,-,-,-,,,,,
4107,13922,c.1136G>A,80,Point,Missense,-,-,-,"Double (see 30,800)",Arg > Gln,1136,-,379,333,Serine Protease,Exon 8,p.Arg379Gln,31119,Arg,Gln,arginine,glutamine,-,-,-,-,-,-,,,,,
4107,13923,c.1136G>A,80,Point,Missense,-,-,-,"Double (see 30,800)",Arg > Gln,1136,-,379,333,Serine Protease,Exon 8,p.Arg379Gln,31119,Arg,Gln,arginine,glutamine,-,Moderate,-,-,5.20%,-,,,,,
4107,13924,c.1136G>A,80,Point,Missense,-,-,-,"Double (see 30,800)",Arg > Gln,1136,-,379,333,Serine Protease,Exon 8,p.Arg379Gln,31119,Arg,Gln,arginine,glutamine,-,Moderate,-,-,3%,-,,,,,
4107,13925,c.1136G>A,80,Point,Missense,-,-,-,"Double (see 30,800)",Arg > Gln,1136,-,379,333,Serine Protease,Exon 8,p.Arg379Gln,31119,Arg,Gln,arginine,glutamine,-,Moderate,-,-,1 to 2,-,,,,,
4107,13926,c.1136G>A,80,Point,Missense,-,-,-,"Double (see 30,800)",Arg > Gln,1136,-,379,333,Serine Protease,Exon 8,p.Arg379Gln,31119,Arg,Gln,arginine,glutamine,-,Moderate,-,-,3%,-,,,,,
4107,13927,c.1136G>A,80,Point,Missense,-,-,-,"Double (see 30,800)",Arg > Gln,1136,-,379,333,Serine Protease,Exon 8,p.Arg379Gln,31119,Arg,Gln,arginine,glutamine,-,Moderate,-,-,1.42%,-,,,,,
4107,13928,c.1136G>A,80,Point,Missense,-,-,-,"Double (see 30,800)",Arg > Gln,1136,-,379,333,Serine Protease,Exon 8,p.Arg379Gln,31119,Arg,Gln,arginine,glutamine,-,Moderate,-,-,3%,-,,,,,
4107,13929,c.1136G>A,80,Point,Missense,-,-,-,"Double (see 30,800)",Arg > Gln,1136,-,379,333,Serine Protease,Exon 8,p.Arg379Gln,31119,Arg,Gln,arginine,glutamine,-,Moderate,-,-,3%,-,,,,,
4107,13930,c.1136G>A,80,Point,Missense,-,-,-,"Double (see 30,800)",Arg > Gln,1136,-,379,333,Serine Protease,Exon 8,p.Arg379Gln,31119,Arg,Gln,arginine,glutamine,-,Mild,-,-,15%,-,,,,,
4107,15020,c.1136G>A,80,Point,Missense,No,-,-,"Double (see 30,800)",Arg > Gln,1136,-,379,333,Serine Protease,Exon 8,p.Arg379Gln,31119,Arg,Gln,arginine,glutamine,-,Mild,-,-,6%,-,,,,,
4107,15021,c.1136G>A,80,Point,Missense,No,-,-,"Double (see 30,800)",Arg > Gln,1136,-,379,333,Serine Protease,Exon 8,p.Arg379Gln,31119,Arg,Gln,arginine,glutamine,-,Moderate,-,-,2%,-,,,,,
4107,15131,c.1136G>A,80,Point,Missense,No,-,-,"Double (see 30,800)",Arg > Gln,1136,-,379,333,Serine Protease,Exon 8,p.Arg379Gln,31119,Arg,Gln,arginine,glutamine,-,Moderate,-,-,-,-,,,,,
4107,15132,c.1136G>A,80,Point,Missense,No,-,-,"Double (see 30,800)",Arg > Gln,1136,-,379,333,Serine Protease,Exon 8,p.Arg379Gln,31119,Arg,Gln,arginine,glutamine,-,Moderate,-,-,-,-,,,,,
4107,15283,c.1136G>A,80,Point,Missense,-,-,-,"Double (see 30,800)",Arg > Gln,1136,-,379,333,Serine Protease,Exon 8,p.Arg379Gln,31119,Arg,Gln,arginine,glutamine,-,Moderate,-,-,3%,-,,,,,
4107,15923,c.1136G>A,80,Point,Missense,No,-,-,"Double (see 30,800)",Arg > Gln,1136,-,379,333,Serine Protease,Exon 8,p.Arg379Gln,31119,Arg,Gln,arginine,glutamine,-,Moderate,-,-,2%,-,,,,,
4107,15924,c.1136G>A,80,Point,Missense,No,-,-,"Double (see 30,800)",Arg > Gln,1136,-,379,333,Serine Protease,Exon 8,p.Arg379Gln,31119,Arg,Gln,arginine,glutamine,-,Severe,-,-,<1,-,,,,,
4107,15925,c.1136G>A,80,Point,Missense,No,-,-,"Double (see 30,800)",Arg > Gln,1136,-,379,333,Serine Protease,Exon 8,p.Arg379Gln,31119,Arg,Gln,arginine,glutamine,-,Moderate,-,-,2%,-,,,,,
4107,15926,c.1136G>A,80,Point,Missense,No,-,-,"Double (see 30,800)",Arg > Gln,1136,-,379,333,Serine Protease,Exon 8,p.Arg379Gln,31119,Arg,Gln,arginine,glutamine,-,Moderate,-,-,1%,-,,,,,
4107,15927,c.1136G>A,80,Point,Missense,No,-,-,"Double (see 30,800)",Arg > Gln,1136,-,379,333,Serine Protease,Exon 8,p.Arg379Gln,31119,Arg,Gln,arginine,glutamine,-,Moderate,-,-,3%,-,,,,,
4107,15928,c.1136G>A,80,Point,Missense,No,-,-,"Double (see 30,800)",Arg > Gln,1136,-,379,333,Serine Protease,Exon 8,p.Arg379Gln,31119,Arg,Gln,arginine,glutamine,-,Moderate,-,-,3%,-,,,,,
4107,15929,c.1136G>A,80,Point,Missense,No,-,-,"Double (see 30,800)",Arg > Gln,1136,-,379,333,Serine Protease,Exon 8,p.Arg379Gln,31119,Arg,Gln,arginine,glutamine,-,Moderate,-,-,2%,-,,,,,
4107,15930,c.1136G>A,80,Point,Missense,No,-,-,"Double (see 30,800)",Arg > Gln,1136,-,379,333,Serine Protease,Exon 8,p.Arg379Gln,31119,Arg,Gln,arginine,glutamine,-,Moderate,-,-,2%,-,,,,,
4107,15931,c.1136G>A,80,Point,Missense,No,-,-,"Double (see 30,800)",Arg > Gln,1136,-,379,333,Serine Protease,Exon 8,p.Arg379Gln,31119,Arg,Gln,arginine,glutamine,-,Moderate,-,-,1%,-,,,,,
4107,15932,c.1136G>A,80,Point,Missense,-,-,-,"Double (see 30,800)",Arg > Gln,1136,-,379,333,Serine Protease,Exon 8,p.Arg379Gln,31119,Arg,Gln,arginine,glutamine,-,Moderate,-,-,1%,-,,,,,
4107,15933,c.1136G>A,80,Point,Missense,No,-,-,"Double (see 30,800)",Arg > Gln,1136,-,379,333,Serine Protease,Exon 8,p.Arg379Gln,31119,Arg,Gln,arginine,glutamine,-,Moderate,-,-,1%,-,,,,,
4107,15934,c.1136G>A,80,Point,Missense,No,-,-,"Double (see 30,800)",Arg > Gln,1136,-,379,333,Serine Protease,Exon 8,p.Arg379Gln,31119,Arg,Gln,arginine,glutamine,-,Moderate,-,-,4%,-,,,,,
4107,15935,c.1136G>A,80,Point,Missense,-,-,-,"Double (see 30,800)",Arg > Gln,1136,-,379,333,Serine Protease,Exon 8,p.Arg379Gln,31119,Arg,Gln,arginine,glutamine,-,Moderate,-,-,4%,-,,,,,
4108,13931,c.1136G>C,1,Point,Missense,-,-,-,-,Arg > Pro,1136,-,379,333,Serine Protease,Exon 8,p.Arg379Pro,31119,Arg,Pro,arginine,proline,-,Moderate,-,-,1.70%,-,,,,,
4109,13932,c.1136G>T,4,Point,Missense,-,-,-,-,Arg > Leu,1136,-,379,333,Serine Protease,Exon 8,p.Arg379Leu,31119,Arg,Leu,arginine,leucine,-,Moderate,-,-,2%,150%,,,,,
4109,15133,c.1136G>T,4,Point,Missense,No,-,-,-,Arg > Leu,1136,-,379,333,Serine Protease,Exon 8,p.Arg379Leu,31119,Arg,Leu,arginine,leucine,-,Moderate,-,-,-,-,,,,,
4109,15921,c.1136G>T,4,Point,Missense,No,-,-,-,Arg > Leu,1136,-,379,333,Serine Protease,Exon 8,p.Arg379Leu,31119,Arg,Leu,arginine,leucine,-,Moderate,-,-,1%,-,,,,,
4109,15922,c.1136G>T,4,Point,Missense,No,-,-,-,Arg > Leu,1136,-,379,333,Serine Protease,Exon 8,p.Arg379Leu,31119,Arg,Leu,arginine,leucine,-,Severe,-,-,<1,-,,,,,
4110,13933,c.1138G>A,2,Point,Missense,-,-,-,-,Ala > Thr,1138,-,380,334,Serine Protease,Exon 8,p.Ala380Thr,31121,Ala,Thr,alanine,threonine,-,Mild,-,-,14%,-,,,,,
4110,13934,c.1138G>A,2,Point,Missense,-,-,-,-,Ala > Thr,1138,-,380,334,Serine Protease,Exon 8,p.Ala380Thr,31121,Ala,Thr,alanine,threonine,-,Mild,-,-,7%,-,,,,,
4111,13935,c.1139C>A,3,Point,Missense,-,-,-,-,Ala > Asp,1139,-,380,334,Serine Protease,Exon 8,p.Ala380Asp,31122,Ala,Asp,alanine,aspartic acid,-,Mild,-,-,27%,-,,,,,
4111,13936,c.1139C>A,3,Point,Missense,-,-,-,-,Ala > Asp,1139,-,380,334,Serine Protease,Exon 8,p.Ala380Asp,31122,Ala,Asp,alanine,aspartic acid,-,Mild,-,-,-,-,,,,,
4111,13937,c.1139C>A,3,Point,Missense,-,-,-,-,Ala > Asp,1139,-,380,334,Serine Protease,Exon 8,p.Ala380Asp,31122,Ala,Asp,alanine,aspartic acid,-,Mild,-,-,9%,100%,Patient tested at Hong Kong,,,,
4112,13938,c.1141A>G,2,Point,Missense,-,-,-,Type II,Thr > Ala,1141,-,381,335,Serine Protease,Exon 8,p.Thr381Ala,31124,Thr,Ala,threonine,alanine,-,Severe,-,-,<1,<1,,,,,
4112,13939,c.1141A>G,2,Point,Missense,-,-,-,Type II,Thr > Ala,1141,-,381,335,Serine Protease,Exon 8,p.Thr381Ala,31124,Thr,Ala,threonine,alanine,-,Severe,-,-,<1,-,,,,,
4113,13940,c.1144T>C,8,Point,Missense,-,-,-,-,Cys > Arg,1144,-,382,336,Serine Protease,Exon 8,p.Cys382Arg,31127,Cys,Arg,cysteine,arginine,-,Severe,-,-,<1,5%,,,,,
4113,13941,c.1144T>C,8,Point,Missense,-,-,-,-,Cys > Arg,1144,-,382,336,Serine Protease,Exon 8,p.Cys382Arg,31127,Cys,Arg,cysteine,arginine,-,Severe,-,-,<1,-,,,,,
4113,13942,c.1144T>C,8,Point,Missense,-,-,-,-,Cys > Arg,1144,-,382,336,Serine Protease,Exon 8,p.Cys382Arg,31127,Cys,Arg,cysteine,arginine,-,Moderate,-,-,1%,-,,,,,
4113,13943,c.1144T>C,8,Point,Missense,-,-,-,-,Cys > Arg,1144,-,382,336,Serine Protease,Exon 8,p.Cys382Arg,31127,Cys,Arg,cysteine,arginine,-,Moderate,-,-,1%,<1,,,,,
4113,13944,c.1144T>C,8,Point,Missense,-,-,-,-,Cys > Arg,1144,-,382,336,Serine Protease,Exon 8,p.Cys382Arg,31127,Cys,Arg,cysteine,arginine,-,Severe,-,-,<1,51%,,,,,
4113,13945,c.1144T>C,8,Point,Missense,-,-,-,-,Cys > Arg,1144,-,382,336,Serine Protease,Exon 8,p.Cys382Arg,31127,Cys,Arg,cysteine,arginine,-,Moderate,-,-,2%,2%,,,,,
4113,15134,c.1144T>C,8,Point,Missense,No,-,-,-,Cys > Arg,1144,-,382,336,Serine Protease,Exon 8,p.Cys382Arg,31127,Cys,Arg,cysteine,arginine,-,Severe,-,-,-,-,,,,,
4113,15936,c.1144T>C,8,Point,Missense,-,-,-,-,Cys > Arg,1144,-,382,336,Serine Protease,Exon 8,p.Cys382Arg,31127,Cys,Arg,cysteine,arginine,-,Severe,-,-,<1,-,,,,,
4114,13946,c.1144T>G,1,Point,Missense,-,-,-,-,Cys > Gly,1144,-,382,336,Serine Protease,Exon 8,p.Cys382Gly,31127,Cys,Gly,cysteine,glycine,-,Severe,-,-,<1,-,,,,,
4115,13947,c.1145G>A,8,Point,Missense,-,-,-,-,Cys > Tyr,1145,-,382,336,Serine Protease,Exon 8,p.Cys382Tyr,31128,Cys,Tyr,cysteine,tyrosine,-,Severe,-,-,<1,-,,,,,
4115,13948,c.1145G>A,8,Point,Missense,-,-,-,-,Cys > Tyr,1145,-,382,336,Serine Protease,Exon 8,p.Cys382Tyr,31128,Cys,Tyr,cysteine,tyrosine,-,Severe,-,-,<1,-,,,,,
4115,13949,c.1145G>A,8,Point,Missense,-,-,-,-,Cys > Tyr,1145,-,382,336,Serine Protease,Exon 8,p.Cys382Tyr,31128,Cys,Tyr,cysteine,tyrosine,-,Severe,-,-,<1,-,,,,,
4115,13950,c.1145G>A,8,Point,Missense,-,-,-,-,Cys > Tyr,1145,-,382,336,Serine Protease,Exon 8,p.Cys382Tyr,31128,Cys,Tyr,cysteine,tyrosine,-,Severe,-,-,<1,<1,,,,,
4115,13951,c.1145G>A,8,Point,Missense,No,-,-,-,Cys > Tyr,1145,-,382,336,Serine Protease,Exon 8,p.Cys382Tyr,31128,Cys,Tyr,cysteine,tyrosine,-,Severe,-,-,<1,<1,,,,,
4115,15022,c.1145G>A,8,Point,Missense,No,-,-,-,Cys > Tyr,1145,-,382,336,Serine Protease,Exon 8,p.Cys382Tyr,31128,Cys,Tyr,cysteine,tyrosine,-,Severe,-,-,<1,-,,,,,
4115,15135,c.1145G>A,8,Point,Missense,No,-,-,-,Cys > Tyr,1145,-,382,336,Serine Protease,Exon 8,p.Cys382Tyr,31128,Cys,Tyr,cysteine,tyrosine,-,Severe,-,-,-,-,,,,,
4115,15305,c.1145G>A,8,Point,Missense,-,-,-,-,Cys > Tyr,1145,-,382,336,Serine Protease,Exon 8,p.Cys382Tyr,31128,Cys,Tyr,cysteine,tyrosine,-,Severe,-,-,<1,-,,,,,
4116,13952,c.1146T>A,1,Point,Nonsense,-,-,-,-,Cys > *,1146,-,382,336,Serine Protease,Exon 8,p.(Cys382*),31129,Cys,*,cysteine,-,-,Severe,-,-,<1,-,,,,,
4117,13957,c.1148T>C,2,Point,Missense,-,-,-,-,Leu > Pro,1148,-,383,337,Serine Protease,Exon 8,p.Leu383Pro,31131,Leu,Pro,leucine,proline,-,Moderate,-,-,2%,-,,,,,
4117,15937,c.1148T>C,2,Point,Missense,No,-,-,-,Leu > Pro,1148,-,383,337,Serine Protease,Exon 8,p.Leu383Pro,31131,Leu,Pro,leucine,proline,-,Severe,-,-,<1,-,,,,,
4118,13954,c.1147C>A,2,Point,Missense,-,-,-,-,Leu > Ile,1147,-,383,337,Serine Protease,Exon 8,p.Leu383Ile,31130,Leu,Ile,leucine,isoleucine,-,Moderate,-,-,4%,120%,,,,,
4118,13958,c.1147C>A,2,Point,Missense,-,-,-,-,Leu > Ile,1147,-,383,337,Serine Protease,Exon 8,p.Leu383Ile,31130,Leu,Ile,leucine,isoleucine,-,Moderate,-,-,3.80%,-,,,,,
4119,13953,c.1147C>T,5,Point,Missense,-,-,-,-,Leu > Phe,1147,-,383,337,Serine Protease,Exon 8,p.Leu383Phe,31130,Leu,Phe,leucine,phenylalanine,-,Moderate,-,-,2%,-,,,,,
4119,13955,c.1147C>T,5,Point,Missense,-,-,-,-,Leu > Phe,1147,-,383,337,Serine Protease,Exon 8,p.Leu383Phe,31130,Leu,Phe,leucine,phenylalanine,-,Severe,-,-,<1,-,,,,,
4119,13956,c.1147C>T,5,Point,Missense,-,-,-,-,Leu > Phe,1147,-,383,337,Serine Protease,Exon 8,p.Leu383Phe,31130,Leu,Phe,leucine,phenylalanine,-,Moderate,-,-,4%,72%,,,,,
4119,13959,c.1147C>T,5,Point,Missense,-,-,-,-,Leu > Phe,1147,-,383,337,Serine Protease,Exon 8,p.Leu383Phe,31130,Leu,Phe,leucine,phenylalanine,-,Severe,-,-,<1,-,,,,,
4119,13987,c.1147C>T,5,Point,Missense,-,-,-,-,Leu > Phe,1147,-,383,337,Serine Protease,Exon 8,p.Leu383Phe,31130,Leu,Phe,leucine,phenylalanine,-,Severe,-,-,-,-,,,,,
4120,13992,c.1151G>C,2,Point,Missense,-,-,-,-,Arg > Pro,1151,-,384,338,Serine Protease,Exon 8,p.Arg384Pro,31134,Arg,Pro,arginine,proline,-,Mild,-,-,16%,27%,,,,,
4120,13993,c.1151G>C,2,Point,Missense,-,-,-,-,Arg > Pro,1151,-,384,338,Serine Protease,Exon 8,p.Arg384Pro,31134,Arg,Pro,arginine,proline,-,Mild,-,-,10%,-,,,,,
4121,13995,c.1153T>C,1,Point,Missense,-,-,-,-,Ser > Pro,1153,-,385,339,Serine Protease,Exon 8,p.Ser385Pro,31136,Ser,Pro,serine,proline,-,Moderate,-,-,4%,15%,,,,,
4122,13996,c.1157C>G,1,Point,Missense,-,-,-,de novo in MGF (27),Thr > Arg,1157,-,386,340,Serine Protease,Exon 8,p.Thr386Arg,31140,Thr,Arg,threonine,arginine,-,Severe,-,-,<1,-,,,,,
4123,13997,c.1157C>T,2,Point,Missense,-,-,-,-,Thr > Ile,1157,-,386,340,Serine Protease,Exon 8,p.Thr386Ile,31140,Thr,Ile,threonine,isoleucine,-,-,-,-,-,-,,,,,
4123,15200,c.1157C>T,2,Point,Missense,No,-,-,-,Thr > Ile,1157,-,386,340,Serine Protease,Exon 8,p.Thr386Ile,31140,Thr,Ile,threonine,isoleucine,-,Moderate,-,-,-,-,,,,,
4124,13998,c.1159A>G,8,Point,Missense,-,-,-,-,Lys > Glu,1159,-,387,341,Serine Protease,Exon 8,p.Lys387Glu,31142,Lys,Glu,lysine,glutamic acid,-,Mild,-,-,6 to 9,-,,,,,
4124,13999,c.1159A>G,8,Point,Missense,-,-,-,-,Lys > Glu,1159,-,387,341,Serine Protease,Exon 8,p.Lys387Glu,31142,Lys,Glu,lysine,glutamic acid,-,-,-,-,-,-,,,,,
4124,14000,c.1159A>G,8,Point,Missense,-,-,-,-,Lys > Glu,1159,-,387,341,Serine Protease,Exon 8,p.Lys387Glu,31142,Lys,Glu,lysine,glutamic acid,-,Mild,-,-,17%,-,,,,,
4124,14001,c.1159A>G,8,Point,Missense,-,-,-,-,Lys > Glu,1159,-,387,341,Serine Protease,Exon 8,p.Lys387Glu,31142,Lys,Glu,lysine,glutamic acid,-,Severe,-,-,<1,-,,,,,
4124,14002,c.1159A>G,8,Point,Missense,-,-,-,-,Lys > Glu,1159,-,387,341,Serine Protease,Exon 8,p.Lys387Glu,31142,Lys,Glu,lysine,glutamic acid,-,Mild,-,-,5.6-12,-,,,,,
4124,14003,c.1159A>G,8,Point,Missense,-,-,-,-,Lys > Glu,1159,-,387,341,Serine Protease,Exon 8,p.Lys387Glu,31142,Lys,Glu,lysine,glutamic acid,-,Mild,-,-,5.6-12,-,,,,,
4124,14004,c.1159A>G,8,Point,Missense,-,-,-,-,Lys > Glu,1159,-,387,341,Serine Protease,Exon 8,p.Lys387Glu,31142,Lys,Glu,lysine,glutamic acid,-,Severe,-,-,<1,-,,,,,
4124,14005,c.1159A>G,8,Point,Missense,-,-,-,-,Lys > Glu,1159,-,387,341,Serine Protease,Exon 8,p.Lys387Glu,31142,Lys,Glu,lysine,glutamic acid,-,Severe,-,-,<1,-,,,,,
4125,14006,c.1161G>C,1,Point,Missense,-,-,-,-,Lys > Asn,1161,-,387,341,Serine Protease,Exon 8,p.Lys387Asn,31144,Lys,Asn,lysine,asparagine,-,Mild,-,-,37%,-,,,,,
4126,14007,c.1161G>T,1,Point,Missense,-,-,-,-,Lys > Asn,1161,-,387,341,Serine Protease,Exon 8,p.Lys387Asn,31144,Lys,Asn,lysine,asparagine,-,Severe,-,-,<1,55%,,,,,
4127,14008,c.1168A>T,6,Point,Missense,-,-,-,-,Ile > Phe,1168,-,390,344,Serine Protease,Exon 8,p.Ile390Phe,31151,Ile,Phe,isoleucine,phenylalanine,-,Moderate,-,-,4%,87%,,,,,
4127,14009,c.1168A>T,6,Point,Missense,-,-,-,-,Ile > Phe,1168,-,390,344,Serine Protease,Exon 8,p.Ile390Phe,31151,Ile,Phe,isoleucine,phenylalanine,-,Severe,-,-,<1,-,,,,,
4127,14010,c.1168A>T,6,Point,Missense,-,-,-,-,Ile > Phe,1168,-,390,344,Serine Protease,Exon 8,p.Ile390Phe,31151,Ile,Phe,isoleucine,phenylalanine,-,Severe,-,-,<1,-,,,,,
4127,15201,c.1168A>T,6,Point,Missense,No,-,-,-,Ile > Phe,1168,-,390,344,Serine Protease,Exon 8,p.Ile390Phe,31151,Ile,Phe,isoleucine,phenylalanine,-,Moderate,-,-,-,-,,,,,
4127,15938,c.1168A>T,6,Point,Missense,No,-,-,-,Ile > Phe,1168,-,390,344,Serine Protease,Exon 8,p.Ile390Phe,31151,Ile,Phe,isoleucine,phenylalanine,-,Moderate,-,-,3%,-,,,,,
4127,15939,c.1168A>T,6,Point,Missense,No,-,-,-,Ile > Phe,1168,-,390,344,Serine Protease,Exon 8,p.Ile390Phe,31151,Ile,Phe,isoleucine,phenylalanine,-,Mild,-,-,8%,-,,,,,
4128,14011,c.1169T>A,1,Point,Missense,-,-,-,-,Ile > Asn,1169,-,390,344,Serine Protease,Exon 8,p.Ile390Asn,31152,Ile,Asn,isoleucine,asparagine,-,Severe,-,-,-,-,,,,,
4129,14012,c.1169T>C,3,Point,Missense,-,-,-,-,Ile > Thr,1169,-,390,344,Serine Protease,Exon 8,p.Ile390Thr,31152,Ile,Thr,isoleucine,threonine,-,Moderate,-,-,1%,28%,,,,,
4129,14013,c.1169T>C,3,Point,Missense,-,-,-,-,Ile > Thr,1169,-,390,344,Serine Protease,Exon 8,p.Ile390Thr,31152,Ile,Thr,isoleucine,threonine,-,Moderate,-,-,1.60%,-,,,,,
4129,15940,c.1169T>C,3,Point,Missense,-,-,-,-,Ile > Thr,1169,-,390,344,Serine Protease,Exon 8,p.Ile390Thr,31152,Ile,Thr,isoleucine,threonine,-,Moderate,-,-,1%,-,,,,,
4130,14014,c.1169T>G,3,Point,Missense,-,-,-,Bm,Ile > Ser,1169,-,390,344,Serine Protease,Exon 8,p.Ile390Ser,31152,Ile,Ser,isoleucine,serine,-,Severe,-,-,<1,119%,,,,,
4130,14015,c.1169T>G,3,Point,Missense,-,-,-,Bm,Ile > Ser,1169,-,390,344,Serine Protease,Exon 8,p.Ile390Ser,31152,Ile,Ser,isoleucine,serine,-,Moderate,-,-,4.40%,112%,,,,,
4130,15286,c.1169T>G,3,Point,Missense,-,-,-,Bm,Ile > Ser,1169,-,390,344,Serine Protease,Exon 8,p.Ile390Ser,31152,Ile,Ser,isoleucine,serine,-,-,-,-,-,-,,,,,
4131,14016,c.1172A>G,1,Point,Missense,-,-,-,-,Tyr > Cys,1172,-,391,345,Serine Protease,Exon 8,p.Tyr391Cys,31155,Tyr,Cys,tyrosine,cysteine,-,-,-,-,-,-,,,,,
4132,14017,c.1173T>A,2,Point,Nonsense,-,-,-,-,Tyr > *,1173,-,391,345,Serine Protease,Exon 8,p.(Tyr391*),31156,Tyr,*,tyrosine,-,-,Severe,-,-,<1,<6,,,,,
4132,16154,c.1173T>A,2,Point,Nonsense,No,-,-,-,Tyr > *,1173,-,391,345,Serine Protease,Exon 8,p.(Tyr391*),31156,Tyr,*,tyrosine,-,-,Severe,-,-,<1,-,,,,,
4133,14018,c.1174A>G,9,Point,Missense,-,-,-,-,Asn > Asp,1174,-,392,346,Serine Protease,Exon 8,p.Asn392Asp,31157,Asn,Asp,asparagine,aspartic acid,-,Mild,-,-,22%,63%,,,,,
4133,14019,c.1174A>G,9,Point,Missense,-,-,-,-,Asn > Asp,1174,-,392,346,Serine Protease,Exon 8,p.Asn392Asp,31157,Asn,Asp,asparagine,aspartic acid,-,Severe,-,-,<1,100%,,,,,
4133,15941,c.1174A>G,9,Point,Missense,No,-,-,-,Asn > Asp,1174,-,392,346,Serine Protease,Exon 8,p.Asn392Asp,31157,Asn,Asp,asparagine,aspartic acid,-,Mild,-,-,24%,-,,,,,
4133,15942,c.1174A>G,9,Point,Missense,No,-,-,-,Asn > Asp,1174,-,392,346,Serine Protease,Exon 8,p.Asn392Asp,31157,Asn,Asp,asparagine,aspartic acid,-,Mild,-,-,19%,-,,,,,
4133,15943,c.1174A>G,9,Point,Missense,No,-,-,-,Asn > Asp,1174,-,392,346,Serine Protease,Exon 8,p.Asn392Asp,31157,Asn,Asp,asparagine,aspartic acid,-,Mild,-,-,14%,-,,,,,
4133,15944,c.1174A>G,9,Point,Missense,No,-,-,-,Asn > Asp,1174,-,392,346,Serine Protease,Exon 8,p.Asn392Asp,31157,Asn,Asp,asparagine,aspartic acid,-,Mild,-,-,14%,-,,,,,
4133,15945,c.1174A>G,9,Point,Missense,No,-,-,-,Asn > Asp,1174,-,392,346,Serine Protease,Exon 8,p.Asn392Asp,31157,Asn,Asp,asparagine,aspartic acid,-,Mild,-,-,46%,-,,,,,
4133,15946,c.1174A>G,9,Point,Missense,-,-,-,-,Asn > Asp,1174,-,392,346,Serine Protease,Exon 8,p.Asn392Asp,31157,Asn,Asp,asparagine,aspartic acid,-,Mild,-,-,10%,-,,,,,
4133,15947,c.1174A>G,9,Point,Missense,-,-,-,-,Asn > Asp,1174,-,392,346,Serine Protease,Exon 8,p.Asn392Asp,31157,Asn,Asp,asparagine,aspartic acid,-,Mild,-,-,17%,-,,,,,
4134,14020,c.1177A>C,2,Point,Missense,-,-,-,Double (see 31172G>A);Type I,Asn > Thr,1177,-,393,347,Serine Protease,Exon 8,p.Asn393Thr,31160,Asn,Thr,asparagine,threonine,-,Severe,-,-,<1,<1,,,,,
4134,14021,c.1177A>C,2,Point,Missense,-,-,-,Double (see 31172G>A);Type I,Asn > Thr,1177,-,393,347,Serine Protease,Exon 8,p.Asn393Thr,31160,Asn,Thr,asparagine,threonine,-,Severe,-,-,<1,<1,,,,,
4135,14022,c.1178A>T,2,Point,Missense,-,-,-,-,Asn > Ile,1178,-,393,347,Serine Protease,Exon 8,p.Asn393Ile,31161,Asn,Ile,asparagine,isoleucine,-,Severe,-,-,<1,2%,,,,,
4135,15948,c.1178A>T,2,Point,Missense,No,-,-,-,Asn > Ile,1178,-,393,347,Serine Protease,Exon 8,p.Asn393Ile,31161,Asn,Ile,asparagine,isoleucine,-,Moderate,-,-,2%,-,,,,,
4136,14024,c.1180A>G,4,Point,Missense,-,-,-,-,Met > Val,1180,-,394,348,Serine Protease,Exon 8,p.Met394Val,31163,Met,Val,methionine,valine,-,Moderate,-,-,3%,103%,,,,,
4136,14025,c.1180A>G,4,Point,Missense,-,-,-,-,Met > Val,1180,-,394,348,Serine Protease,Exon 8,p.Met394Val,31163,Met,Val,methionine,valine,-,Moderate,-,-,4%,77%,,,,,
4136,14026,c.1180A>G,4,Point,Missense,-,-,-,-,Met > Val,1180,-,394,348,Serine Protease,Exon 8,p.Met394Val,31163,Met,Val,methionine,valine,-,Moderate,-,-,5%,-,,,,,
4136,14027,c.1180A>G,4,Point,Missense,-,-,-,-,Met > Val,1180,-,394,348,Serine Protease,Exon 8,p.Met394Val,31163,Met,Val,methionine,valine,-,Mild,-,-,6%,-,,,,,
4137,14028,c.1181T>A,2,Point,Missense,-,-,-,-,Met > Lys,1181,-,394,348,Serine Protease,Exon 8,p.Met394Lys,31164,Met,Lys,methionine,lysine,-,Moderate,-,-,2%,-,,,,,
4137,14029,c.1181T>A,2,Point,Missense,-,-,-,-,Met > Lys,1181,-,394,348,Serine Protease,Exon 8,p.Met394Lys,31164,Met,Lys,methionine,lysine,-,Severe,-,-,<1,12%,,,,,
4138,14030,c.1181T>G,1,Point,Missense,-,-,-,-,Met > Arg,1181,-,394,348,Serine Protease,Exon 8,p.Met394Arg,31164,Met,Arg,methionine,arginine,-,Severe,-,-,-,-,,,,,
4139,14031,c.1182G>A,5,Point,Missense,-,-,-,De novo in MGF (28),Met > Ile,1182,-,394,348,Serine Protease,Exon 8,p.Met394Ile,31165,Met,Ile,methionine,isoleucine,-,Severe,-,-,<1,40%,,,,,
4139,14032,c.1182G>A,5,Point,Missense,-,-,-,De novo in MGF (28),Met > Ile,1182,-,394,348,Serine Protease,Exon 8,p.Met394Ile,31165,Met,Ile,methionine,isoleucine,-,Severe,-,-,<1,93%,,,,,
4139,14033,c.1182G>A,5,Point,Missense,-,-,-,De novo in MGF (28),Met > Ile,1182,-,394,348,Serine Protease,Exon 8,p.Met394Ile,31165,Met,Ile,methionine,isoleucine,-,-,-,-,-,-,,,,,
4139,15949,c.1182G>A,5,Point,Missense,No,-,-,De novo in MGF (28),Met > Ile,1182,-,394,348,Serine Protease,Exon 8,p.Met394Ile,31165,Met,Ile,methionine,isoleucine,-,Severe,-,-,<1,-,,,,,
4139,15950,c.1182G>A,5,Point,Missense,-,-,-,De novo in MGF (28),Met > Ile,1182,-,394,348,Serine Protease,Exon 8,p.Met394Ile,31165,Met,Ile,methionine,isoleucine,-,Severe,-,-,<1,-,,,,,
4140,14035,c.1183T>A,4,Point,Missense,-,-,-,-,Phe > Ile,1183,-,395,349,Serine Protease,Exon 8,p.Phe395Ile,31166,Phe,Ile,phenylalanine,isoleucine,-,-,-,-,-,-,,,,,
4140,15202,c.1183T>A,4,Point,Missense,No,-,-,-,Phe > Ile,1183,-,395,349,Serine Protease,Exon 8,p.Phe395Ile,31166,Phe,Ile,phenylalanine,isoleucine,-,Severe,-,-,-,-,,,,,
4140,15951,c.1183T>A,4,Point,Missense,No,-,-,-,Phe > Ile,1183,-,395,349,Serine Protease,Exon 8,p.Phe395Ile,31166,Phe,Ile,phenylalanine,isoleucine,-,Severe,-,-,<1,-,,,,,
4140,15952,c.1183T>A,4,Point,Missense,No,-,-,-,Phe > Ile,1183,-,395,349,Serine Protease,Exon 8,p.Phe395Ile,31166,Phe,Ile,phenylalanine,isoleucine,-,Severe,-,-,<1,-,,,,,
4141,14036,c.1184delT,1,Deletion,Frameshift,-,-,-,"Frameshift, de novo in MGM(29)",Phe349fs,1184,-,395,349,Serine Protease,Exon 8,p.(Phe395Serfs*31),31166,Phe349fs,-,phenylalanine,-,-,Severe,-,-,<1,-,,,,,
4142,14037,c.1183T>C,5,Point,Missense,-,-,-,-,Phe > Leu,1183,-,395,349,Serine Protease,Exon 8,p.Phe395Leu,31166,Phe,Leu,phenylalanine,leucine,-,Severe,-,-,<1,-,,,,,
4142,14038,c.1183T>C,5,Point,Missense,-,-,-,-,Phe > Leu,1183,-,395,349,Serine Protease,Exon 8,p.Phe395Leu,31166,Phe,Leu,phenylalanine,leucine,-,-,-,-,-,-,,,,,
4142,14039,c.1183T>C,5,Point,Missense,-,-,-,-,Phe > Leu,1183,-,395,349,Serine Protease,Exon 8,p.Phe395Leu,31166,Phe,Leu,phenylalanine,leucine,-,Severe,-,-,<1,-,,,,,
4142,14040,c.1183T>C,5,Point,Missense,-,-,-,-,Phe > Leu,1183,-,395,349,Serine Protease,Exon 8,p.Phe395Leu,31166,Phe,Leu,phenylalanine,leucine,-,Severe,-,-,<1,-,,,,,
4142,15953,c.1183T>C,5,Point,Missense,No,-,-,-,Phe > Leu,1183,-,395,349,Serine Protease,Exon 8,p.Phe395Leu,31166,Phe,Leu,phenylalanine,leucine,-,Severe,-,-,<1,-,,,,,
4143,14041,c.1183T>G,2,Point,Missense,-,-,-,-,Phe > Val,1183,-,395,349,Serine Protease,Exon 8,p.Phe395Val,31166,Phe,Val,phenylalanine,valine,-,Severe,-,-,<1,-,,,,,
4143,15954,c.1183T>G,2,Point,Missense,-,-,-,-,Phe > Val,1183,-,395,349,Serine Protease,Exon 8,p.Phe395Val,31166,Phe,Val,phenylalanine,valine,-,Severe,-,-,<1,-,,,,,
4144,14042,c.1184T>A,2,Point,Missense,-,-,-,-,Phe > Tyr,1184,-,395,349,Serine Protease,Exon 8,p.Phe395Tyr,31167,Phe,Tyr,phenylalanine,tyrosine,-,-,-,-,-,-,,,,,
4144,14043,c.1184T>A,2,Point,Missense,-,-,-,-,Phe > Tyr,1184,-,395,349,Serine Protease,Exon 8,p.Phe395Tyr,31167,Phe,Tyr,phenylalanine,tyrosine,-,-,-,-,-,-,,,,,
4145,14044,c.1185C>G,1,Point,Missense,-,-,-,-,Phe > Leu,1185,-,395,349,Serine Protease,Exon 8,p.Phe395Leu,31168,Phe,Leu,phenylalanine,leucine,-,Moderate,-,-,2%,-,,,,,
4146,14045,c.1186T>C,1,Point,Missense,-,-,-,-,Cys > Arg,1186,-,396,350,Serine Protease,Exon 8,p.Cys396Arg,31169,Cys,Arg,cysteine,arginine,-,Severe,-,-,<1,<1,,,,,
4147,14046,c.1187G>T,3,Point,Missense,-,-,-,-,Cys > Phe,1187,-,396,350,Serine Protease,Exon 8,p.Cys396Phe,31170,Cys,Phe,cysteine,phenylalanine,-,Mild,-,-,7.80%,-,,,,,
4147,14047,c.1187G>T,3,Point,Missense,-,-,-,-,Cys > Phe,1187,-,396,350,Serine Protease,Exon 8,p.Cys396Phe,31170,Cys,Phe,cysteine,phenylalanine,-,Severe,-,-,-,-,,,,,
4147,14048,c.1187G>T,3,Point,Missense,-,-,-,-,Cys > Phe,1187,-,396,350,Serine Protease,Exon 8,p.Cys396Phe,31170,Cys,Phe,cysteine,phenylalanine,-,Moderate,-,-,1%,5%,,,,,
4148,14049,c.1187G>A,11,Point,Missense,-,-,-,-,Cys > Tyr,1187,-,396,350,Serine Protease,Exon 8,p.Cys396Tyr,31170,Cys,Tyr,cysteine,tyrosine,-,Severe,-,-,<1,-,,,,,
4148,14050,c.1187G>A,11,Point,Missense,-,-,-,-,Cys > Tyr,1187,-,396,350,Serine Protease,Exon 8,p.Cys396Tyr,31170,Cys,Tyr,cysteine,tyrosine,-,-,-,-,-,-,,,,,
4148,14051,c.1187G>A,11,Point,Missense,-,-,-,-,Cys > Tyr,1187,-,396,350,Serine Protease,Exon 8,p.Cys396Tyr,31170,Cys,Tyr,cysteine,tyrosine,-,Severe,-,-,<1,-,,,,,
4148,14052,c.1187G>A,11,Point,Missense,-,-,-,-,Cys > Tyr,1187,-,396,350,Serine Protease,Exon 8,p.Cys396Tyr,31170,Cys,Tyr,cysteine,tyrosine,-,Severe,-,-,<1,<1,,,,,
4148,14053,c.1187G>A,11,Point,Missense,-,-,-,-,Cys > Tyr,1187,-,396,350,Serine Protease,Exon 8,p.Cys396Tyr,31170,Cys,Tyr,cysteine,tyrosine,-,Severe,-,-,<1,-,,,,,
4148,14054,c.1187G>A,11,Point,Missense,-,-,-,-,Cys > Tyr,1187,-,396,350,Serine Protease,Exon 8,p.Cys396Tyr,31170,Cys,Tyr,cysteine,tyrosine,-,Severe,-,-,<1,-,,,,,
4148,14055,c.1187G>A,11,Point,Missense,-,-,-,-,Cys > Tyr,1187,-,396,350,Serine Protease,Exon 8,p.Cys396Tyr,31170,Cys,Tyr,cysteine,tyrosine,-,-,-,-,-,-,,,,,
4148,14056,c.1187G>A,11,Point,Missense,-,-,-,-,Cys > Tyr,1187,-,396,350,Serine Protease,Exon 8,p.Cys396Tyr,31170,Cys,Tyr,cysteine,tyrosine,-,Severe,-,-,<1,<1,,,,,
4148,15956,c.1187G>A,11,Point,Missense,No,-,-,-,Cys > Tyr,1187,-,396,350,Serine Protease,Exon 8,p.Cys396Tyr,31170,Cys,Tyr,cysteine,tyrosine,-,Severe,-,-,<1,-,,,,,
4148,15957,c.1187G>A,11,Point,Missense,No,-,-,-,Cys > Tyr,1187,-,396,350,Serine Protease,Exon 8,p.Cys396Tyr,31170,Cys,Tyr,cysteine,tyrosine,-,Severe,-,-,<1,-,,,,,
4148,15958,c.1187G>A,11,Point,Missense,No,-,-,-,Cys > Tyr,1187,-,396,350,Serine Protease,Exon 8,p.Cys396Tyr,31170,Cys,Tyr,cysteine,tyrosine,-,Severe,-,-,<1,-,,,,,
4149,14057,c.1187G>C,5,Point,Missense,-,-,-,-,Cys > Ser,1187,-,396,350,Serine Protease,Exon 8,p.Cys396Ser,31170,Cys,Ser,cysteine,serine,-,Severe,-,-,<1,45%,,,,,
4149,14058,c.1187G>C,5,Point,Missense,-,-,-,-,Cys > Ser,1187,-,396,350,Serine Protease,Exon 8,p.Cys396Ser,31170,Cys,Ser,cysteine,serine,-,-,-,-,-,-,,,,,
4149,14059,c.1187G>C,5,Point,Missense,-,-,-,-,Cys > Ser,1187,-,396,350,Serine Protease,Exon 8,p.Cys396Ser,31170,Cys,Ser,cysteine,serine,-,Moderate,-,-,2%,-,,,,,
4149,14060,c.1187G>C,5,Point,Missense,-,-,-,-,Cys > Ser,1187,-,396,350,Serine Protease,Exon 8,p.Cys396Ser,31170,Cys,Ser,cysteine,serine,-,Mild,-,-,35%,45%,,,,,
4149,15955,c.1187G>C,5,Point,Missense,No,-,-,-,Cys > Ser,1187,-,396,350,Serine Protease,Exon 8,p.Cys396Ser,31170,Cys,Ser,cysteine,serine,-,Severe,-,-,<1,-,,,,,
4150,14061,c.1188T>A,1,Point,Nonsense,-,-,-,-,Cys > *,1188,-,396,350,Serine Protease,Exon 8,p.(Cys396*),31171,Cys,*,cysteine,-,-,Severe,-,-,0.40%,-,,,,,
4151,14062,c.1188T>G,1,Point,Missense,-,-,-,-,Cys > Trp,1188,-,396,350,Serine Protease,Exon 8,p.Cys396Trp,31171,Cys,Trp,cysteine,tryptophan,-,Moderate,-,-,3.60%,-,,,,,
4152,14063,c.1189G>C,2,Point,Missense,-,-,-,-,Ala > Pro,1189,-,397,351,Serine Protease,Exon 8,p.Ala397Pro,31172,Ala,Pro,alanine,proline,-,-,-,-,-,-,,,,,
4152,14064,c.1189G>C,2,Point,Missense,-,-,-,-,Ala > Pro,1189,-,397,351,Serine Protease,Exon 8,p.Ala397Pro,31172,Ala,Pro,alanine,proline,-,Mild,-,-,8%,-,,,,,
4153,14065,c.1189G>A,2,Point,Missense,-,-,-,Double (see 31160A>C);Type I,Ala > Thr,1189,-,397,351,Serine Protease,Exon 8,p.Ala397Thr,31172,Ala,Thr,alanine,threonine,-,Severe,-,-,<1,<1,,,,,
4153,14066,c.1189G>A,2,Point,Missense,-,-,-,Double (see 31160A>C);Type I,Ala > Thr,1189,-,397,351,Serine Protease,Exon 8,p.Ala397Thr,31172,Ala,Thr,alanine,threonine,-,Severe,-,-,<1,<1,,,,,
4154,14067,c.1190C>T,1,Point,Missense,-,-,-,-,Ala > Val,1190,-,397,351,Serine Protease,Exon 8,p.Ala397Val,31173,Ala,Val,alanine,valine,-,Moderate,-,-,2%,-,,,,,
4155,14068,c.1192G>A,2,Point,Missense,-,-,-,-,Gly > Ser,1192,-,398,352,Serine Protease,Exon 8,p.Gly398Ser,31175,Gly,Ser,glycine,serine,-,-,-,-,-,-,,,,,
4155,15959,c.1192G>A,2,Point,Missense,No,-,-,-,Gly > Ser,1192,-,398,352,Serine Protease,Exon 8,p.Gly398Ser,31175,Gly,Ser,glycine,serine,-,Severe,-,-,<1,-,,,,,
4156,14075,c.1193G>C,4,Point,Missense,-,-,-,-,Gly > Ala,1193,-,398,352,Serine Protease,Exon 8,p.Gly398Ala,31176,Gly,Ala,glycine,alanine,-,-,-,-,-,-,,,,,
4156,14076,c.1193G>C,4,Point,Missense,-,-,-,-,Gly > Ala,1193,-,398,352,Serine Protease,Exon 8,p.Gly398Ala,31176,Gly,Ala,glycine,alanine,-,Moderate,-,-,3%,-,,,,,
4156,14077,c.1193G>C,4,Point,Missense,No,-,-,-,Gly > Ala,1193,-,398,352,Serine Protease,Exon 8,p.Gly398Ala,31176,Gly,Ala,glycine,alanine,-,Moderate,-,-,4%,19%,,,,,
4156,14078,c.1193G>C,4,Point,Missense,No,-,-,-,Gly > Ala,1193,-,398,352,Serine Protease,Exon 8,p.Gly398Ala,31176,Gly,Ala,glycine,alanine,-,Mild,-,-,8%,<10,,,,,
4157,14079,c.1204G>A,8,Point,Missense,-,-,-,-,Gly > Arg,1204,-,402,356,Serine Protease,Exon 8,p.Gly402Arg,31187,Gly,Arg,glycine,arginine,-,Severe,-,-,<1,75%,,,,,
4157,14080,c.1204G>A,8,Point,Missense,-,-,-,-,Gly > Arg,1204,-,402,356,Serine Protease,Exon 8,p.Gly402Arg,31187,Gly,Arg,glycine,arginine,-,Moderate,-,-,2%,-,,,,,
4157,14081,c.1204G>A,8,Point,Missense,-,-,-,-,Gly > Arg,1204,-,402,356,Serine Protease,Exon 8,p.Gly402Arg,31187,Gly,Arg,glycine,arginine,-,-,-,-,-,-,,,,,
4157,14082,c.1204G>A,8,Point,Missense,-,-,-,-,Gly > Arg,1204,-,402,356,Serine Protease,Exon 8,p.Gly402Arg,31187,Gly,Arg,glycine,arginine,-,Moderate,-,-,1%,-,,,,,
4157,14083,c.1204G>A,8,Point,Missense,-,-,-,-,Gly > Arg,1204,-,402,356,Serine Protease,Exon 8,p.Gly402Arg,31187,Gly,Arg,glycine,arginine,-,Moderate,-,-,2%,-,,,,,
4157,14084,c.1204G>A,8,Point,Missense,-,-,-,-,Gly > Arg,1204,-,402,356,Serine Protease,Exon 8,p.Gly402Arg,31187,Gly,Arg,glycine,arginine,-,Moderate,-,-,2%,-,,,,,
4157,14085,c.1204G>A,8,Point,Missense,-,-,-,-,Gly > Arg,1204,-,402,356,Serine Protease,Exon 8,p.Gly402Arg,31187,Gly,Arg,glycine,arginine,-,Moderate,-,-,4%,-,,,,,
4157,15025,c.1204G>A,8,Point,Missense,No,-,-,-,Gly > Arg,1204,-,402,356,Serine Protease,Exon 8,p.Gly402Arg,31187,Gly,Arg,glycine,arginine,-,Moderate,-,-,2%,-,,,,,
4158,14086,c.1205G>A,1,Point,Missense,-,-,-,-,Gly > Glu,1205,-,402,356,Serine Protease,Exon 8,p.Gly402Glu,31190,Gly,Glu,glycine,glutamic acid,-,Moderate,-,-,1%,-,,,,,
4159,14087,c.1208G>A,1,Point,Missense,-,-,-,Type II,Gly > Asp,1208,-,403,357,Serine Protease,Exon 8,p.Gly403Asp,31191,Gly,Asp,glycine,aspartic acid,-,Mild,-,-,11%,70%,,,,,
4160,14088,c.1211G>C,1,Point,Missense,-,-,-,-,Arg > Thr,1211,-,404,358,Serine Protease,Exon 8,p.Arg404Thr,31194,Arg,Thr,arginine,threonine,-,-,-,-,-,-,,,,,
4161,14089,c.1213G>A,2,Point,Missense,-,-,-,-,Asp > Asn,1213,-,405,359,Serine Protease,Exon 8,p.Asp405Asn,31196,Asp,Asn,aspartic acid,asparagine,-,-,-,-,-,-,,,,,
4161,14090,c.1213G>A,2,Point,Missense,-,-,-,-,Asp > Asn,1213,-,405,359,Serine Protease,Exon 8,p.Asp405Asn,31196,Asp,Asn,aspartic acid,asparagine,-,Severe,-,-,<1,100%,,,,,
4162,14091,c.1214A>G,1,Point,Missense,-,-,-,-,Asp > Gly,1214,-,405,359,Serine Protease,Exon 8,p.Asp405Gly,31197,Asp,Gly,aspartic acid,glycine,-,Moderate,-,-,1.50%,-,,,,,
4163,14092,c.1217C>G,3,Point,Nonsense,-,-,-,-,Ser > *,1217,-,406,360,Serine Protease,Exon 8,p.(Ser406*),31200,Ser,*,serine,-,-,Severe,-,-,<1,-,,,,,
4163,14093,c.1217C>G,3,Point,Nonsense,-,-,-,-,Ser > *,1217,-,406,360,Serine Protease,Exon 8,p.(Ser406*),31200,Ser,*,serine,-,-,Severe,-,-,<1,-,,,,,
4163,14094,c.1217C>G,3,Point,Nonsense,-,-,-,-,Ser > *,1217,-,406,360,Serine Protease,Exon 8,p.(Ser406*),31200,Ser,*,serine,-,-,Moderate,-,-,1.50%,-,,,,,
4164,14095,c.1217C>T,6,Point,Missense,-,-,-,-,Ser > Leu,1217,-,406,360,Serine Protease,Exon 8,p.Ser406Leu,31200,Ser,Leu,serine,leucine,-,Moderate,-,-,1%,-,,,,,
4164,14096,c.1217C>T,6,Point,Missense,-,-,-,-,Ser > Leu,1217,-,406,360,Serine Protease,Exon 8,p.Ser406Leu,31200,Ser,Leu,serine,leucine,-,Severe,-,-,<1,-,,,,,
4164,14097,c.1217C>T,6,Point,Missense,-,-,-,-,Ser > Leu,1217,-,406,360,Serine Protease,Exon 8,p.Ser406Leu,31200,Ser,Leu,serine,leucine,-,-,-,-,-,-,,,,,
4164,14098,c.1217C>T,6,Point,Missense,No,-,-,-,Ser > Leu,1217,-,406,360,Serine Protease,Exon 8,p.Ser406Leu,31200,Ser,Leu,serine,leucine,-,Severe,-,-,<1,95%,,,,,
4164,14099,c.1217C>T,6,Point,Missense,-,-,-,-,Ser > Leu,1217,-,406,360,Serine Protease,Exon 8,p.Ser406Leu,31200,Ser,Leu,serine,leucine,-,Moderate,-,-,2%,130%,,,,,
4164,14100,c.1217C>T,6,Point,Missense,-,-,-,-,Ser > Leu,1217,-,406,360,Serine Protease,Exon 8,p.Ser406Leu,31200,Ser,Leu,serine,leucine,-,Severe,-,-,<1,-,,,,,
4165,14101,c.1219T>A,4,Point,Missense,-,-,-,-,Cys > Ser,1219,-,407,361,Serine Protease,Exon 8,p.Cys407Ser,31202,Cys,Ser,cysteine,serine,-,Severe,-,-,<1,-,,,,,
4165,14102,c.1219T>A,4,Point,Missense,-,-,-,-,Cys > Ser,1219,-,407,361,Serine Protease,Exon 8,p.Cys407Ser,31202,Cys,Ser,cysteine,serine,-,Severe,-,-,<1,-,,,,,
4165,14103,c.1219T>A,4,Point,Missense,-,-,-,-,Cys > Ser,1219,-,407,361,Serine Protease,Exon 8,p.Cys407Ser,31202,Cys,Ser,cysteine,serine,-,Severe,-,-,<1,-,,,,,
4165,15961,c.1219T>A,4,Point,Missense,-,-,-,-,Cys > Ser,1219,-,407,361,Serine Protease,Exon 8,p.Cys407Ser,31202,Cys,Ser,cysteine,serine,-,Severe,-,-,<1,-,,,,,
4166,14104,c.1219T>C,8,Point,Missense,-,-,-,-,Cys > Arg,1219,-,407,361,Serine Protease,Exon 8,p.Cys407Arg,31202,Cys,Arg,cysteine,arginine,-,Severe,-,-,<1,-,,,,,
4166,14105,c.1219T>C,8,Point,Missense,-,-,-,-,Cys > Arg,1219,-,407,361,Serine Protease,Exon 8,p.Cys407Arg,31202,Cys,Arg,cysteine,arginine,-,Severe,-,-,<1,-,,,,,
4166,14106,c.1219T>C,8,Point,Missense,-,-,-,-,Cys > Arg,1219,-,407,361,Serine Protease,Exon 8,p.Cys407Arg,31202,Cys,Arg,cysteine,arginine,-,Severe,-,-,<1,<1,,,,,
4166,14107,c.1219T>C,8,Point,Missense,-,-,-,-,Cys > Arg,1219,-,407,361,Serine Protease,Exon 8,p.Cys407Arg,31202,Cys,Arg,cysteine,arginine,-,Severe,-,-,-,-,,,,,
4166,14108,c.1219T>C,8,Point,Missense,-,-,-,-,Cys > Arg,1219,-,407,361,Serine Protease,Exon 8,p.Cys407Arg,31202,Cys,Arg,cysteine,arginine,-,Moderate,-,-,5%,-,,,,,
4166,15138,c.1219T>C,8,Point,Missense,No,-,-,-,Cys > Arg,1219,-,407,361,Serine Protease,Exon 8,p.Cys407Arg,31202,Cys,Arg,cysteine,arginine,-,Severe,-,-,-,-,,,,,
4166,15203,c.1219T>C,8,Point,Missense,No,-,-,-,Cys > Arg,1219,-,407,361,Serine Protease,Exon 8,p.Cys407Arg,31202,Cys,Arg,cysteine,arginine,-,Severe,-,-,-,-,,,,,
4166,15962,c.1219T>C,8,Point,Missense,-,-,-,-,Cys > Arg,1219,-,407,361,Serine Protease,Exon 8,p.Cys407Arg,31202,Cys,Arg,cysteine,arginine,-,Severe,-,-,<1,-,,,,,
4167,14109,c.1219T>G,2,Point,Missense,-,-,-,-,Cys > Gly,1219,-,407,361,Serine Protease,Exon 8,p.Cys407Gly,31202,Cys,Gly,cysteine,glycine,-,Severe,-,-,<1,25%,,,,,
4167,15960,c.1219T>G,2,Point,Missense,No,-,-,-,Cys > Gly,1219,-,407,361,Serine Protease,Exon 8,p.Cys407Gly,31202,Cys,Gly,cysteine,glycine,-,Severe,-,-,<1,-,,,,,
4168,14110,c.1220G>A,4,Point,Missense,-,-,-,-,Cys > Tyr,1220,-,407,361,Serine Protease,Exon 8,p.Cys407Tyr,31203,Cys,Tyr,cysteine,tyrosine,-,Severe,-,-,0.50%,-,,,,,
4168,14111,c.1220G>A,4,Point,Missense,-,-,-,-,Cys > Tyr,1220,-,407,361,Serine Protease,Exon 8,p.Cys407Tyr,31203,Cys,Tyr,cysteine,tyrosine,-,-,-,-,-,-,,,,,
4168,15963,c.1220G>A,4,Point,Missense,No,-,-,-,Cys > Tyr,1220,-,407,361,Serine Protease,Exon 8,p.Cys407Tyr,31203,Cys,Tyr,cysteine,tyrosine,-,Severe,-,-,<1,-,,,,,
4168,15964,c.1220G>A,4,Point,Missense,No,-,-,-,Cys > Tyr,1220,-,407,361,Serine Protease,Exon 8,p.Cys407Tyr,31203,Cys,Tyr,cysteine,tyrosine,-,Severe,-,-,<1,-,,,,,
4169,14112,c.1220G>T,1,Point,Missense,-,-,-,-,Cys > Phe,1220,-,407,361,Serine Protease,Exon 8,p.Cys407Phe,31203,Cys,Phe,cysteine,phenylalanine,-,-,-,-,-,-,,,,,
4170,14113,c.1225G>A,4,Point,Missense,-,-,-,-,Gly > Arg,1225,-,409,363,Serine Protease,Exon 8,p.Gly409Arg,31208,Gly,Arg,glycine,arginine,-,Severe,-,-,<1,110%,,,,,
4170,15965,c.1225G>A,4,Point,Missense,No,-,-,-,Gly > Arg,1225,-,409,363,Serine Protease,Exon 8,p.Gly409Arg,31208,Gly,Arg,glycine,arginine,-,Severe,-,-,<1,-,,,,,
4170,15966,c.1225G>A,4,Point,Missense,-,-,-,-,Gly > Arg,1225,-,409,363,Serine Protease,Exon 8,p.Gly409Arg,31208,Gly,Arg,glycine,arginine,-,Severe,-,-,<1,-,,,,,
4170,15967,c.1225G>A,4,Point,Missense,-,-,-,-,Gly > Arg,1225,-,409,363,Serine Protease,Exon 8,p.Gly409Arg,31208,Gly,Arg,glycine,arginine,-,Severe,-,-,<1,-,,,,,
4171,14114,c.1225G>T,1,Point,Nonsense,-,-,-,-,Gly > *,1225,-,409,363,Serine Protease,Exon 8,p.(Gly409*),31208,Gly,*,glycine,-,-,Severe,-,-,<1,-,,,,,
4172,14115,c.1226G>A,2,Point,Missense,-,-,-,-,Gly > Glu,1226,-,409,363,Serine Protease,Exon 8,p.Gly409Glu,31209,Gly,Glu,glycine,glutamic acid,-,Severe,-,-,<1,-,,,,,
4172,14116,c.1226G>A,2,Point,Missense,-,-,-,-,Gly > Glu,1226,-,409,363,Serine Protease,Exon 8,p.Gly409Glu,31209,Gly,Glu,glycine,glutamic acid,-,Moderate,-,-,2%,53%,,,,,
4173,14117,c.1226G>C,2,Point,Missense,-,-,-,De novo in MGF,Gly > Ala,1226,-,409,363,Serine Protease,Exon 8,p.Gly409Ala,31209,Gly,Ala,glycine,alanine,-,Moderate,-,-,3%,100%,,,,,
4173,15968,c.1226G>C,2,Point,Missense,No,-,-,De novo in MGF,Gly > Ala,1226,-,409,363,Serine Protease,Exon 8,p.Gly409Ala,31209,Gly,Ala,glycine,alanine,-,Moderate,-,-,4%,-,,,,,
4174,14118,c.1226G>T,1,Point,Missense,-,-,-,-,Gly > Val,1226,-,409,363,Serine Protease,Exon 8,p.Gly409Val,31209,Gly,Val,glycine,valine,-,Moderate,-,-,1 to 5,100%,,,,,
4175,14119,c.1228G>A,2,Point,Missense,-,-,-,Bm,Asp > Asn,1228,-,410,364,Serine Protease,Exon 8,p.Asp410Asn,31211,Asp,Asn,aspartic acid,asparagine,-,Moderate,-,-,2%,-,,,,,
4175,14120,c.1228G>A,2,Point,Missense,-,-,-,Bm,Asp > Asn,1228,-,410,364,Serine Protease,Exon 8,p.Asp410Asn,31211,Asp,Asn,aspartic acid,asparagine,-,Severe,-,-,<1,-,,,,,
4176,14121,c.1228G>C,2,Point,Missense,-,-,-,-,Asp > His,1228,-,410,364,Serine Protease,Exon 8,p.Asp410His,31211,Asp,His,aspartic acid,histidine,-,Moderate,-,-,2%,95%,,,,,
4176,14122,c.1228G>C,2,Point,Missense,-,-,-,-,Asp > His,1228,-,410,364,Serine Protease,Exon 8,p.Asp410His,31211,Asp,His,aspartic acid,histidine,-,Severe,-,-,<1,100%,,,,,
4177,14123,c.1228G>T,3,Point,Missense,-,-,-,-,Asp > Tyr,1228,-,410,364,Serine Protease,Exon 8,p.Asp410Tyr,31211,Asp,Tyr,aspartic acid,tyrosine,-,Severe,-,-,<1,-,,,,,
4177,15204,c.1228G>T,3,Point,Missense,No,-,-,-,Asp > Tyr,1228,-,410,364,Serine Protease,Exon 8,p.Asp410Tyr,31211,Asp,Tyr,aspartic acid,tyrosine,-,Severe,-,-,-,-,,,,,
4177,15969,c.1228G>T,3,Point,Missense,No,-,-,-,Asp > Tyr,1228,-,410,364,Serine Protease,Exon 8,p.Asp410Tyr,31211,Asp,Tyr,aspartic acid,tyrosine,-,Severe,-,-,<1,-,,,,,
4178,14124,c.1229A>G,2,Point,Missense,-,-,-,-,Asp > Gly,1229,-,410,364,Serine Protease,Exon 8,p.Asp410Gly,31212,Asp,Gly,aspartic acid,glycine,-,-,-,-,-,-,,,,,
4178,14125,c.1229A>G,2,Point,Missense,-,-,-,-,Asp > Gly,1229,-,410,364,Serine Protease,Exon 8,p.Asp410Gly,31212,Asp,Gly,aspartic acid,glycine,-,Moderate,-,-,1%,-,,,,,
4179,14126,c.1229A>T,2,Point,Missense,-,-,-,De novo in MGF,Asp > Val,1229,-,410,364,Serine Protease,Exon 8,p.Asp410Val,31212,Asp,Val,aspartic acid,valine,-,Severe,-,-,<1,130%,,,,,
4179,15139,c.1229A>T,2,Point,Missense,No,-,-,De novo in MGF,Asp > Val,1229,-,410,364,Serine Protease,Exon 8,p.Asp410Val,31212,Asp,Val,aspartic acid,valine,-,Moderate,-,-,-,-,,,,,
4180,14127,c.1230T>G,1,Point,Missense,-,-,-,-,Asp > Glu,1230,-,410,364,Serine Protease,Exon 8,p.Asp410Glu,31213,Asp,Glu,aspartic acid,glutamic acid,-,Severe,-,-,<1,-,,,,,
4181,14128,c.1230_1231delinsCG,1,Indel,Inframe,Yes,-,-,"Active site, Inhibitor, silent mutation at aa364",Ser > Gly,1230,-,411,365,Serine Protease,Exon 8,p.(Ser411Gly),31213,Ser,Gly,serine,glycine,-,Severe,-,-,<1,89%,,,,,
4182,14129,c.1231A>G,3,Point,Missense,-,-,-,Active site,Ser > Gly,1231,-,411,365,Serine Protease,Exon 8,p.Ser411Gly,31214,Ser,Gly,serine,glycine,-,Severe,-,-,<1,12%,,,,,
4182,14130,c.1231A>G,3,Point,Missense,-,-,-,Active site,Ser > Gly,1231,-,411,365,Serine Protease,Exon 8,p.Ser411Gly,31214,Ser,Gly,serine,glycine,-,-,-,-,-,-,,,,,
4182,15970,c.1231A>G,3,Point,Missense,No,-,-,Active site,Ser > Gly,1231,-,411,365,Serine Protease,Exon 8,p.Ser411Gly,31214,Ser,Gly,serine,glycine,-,Severe,-,-,<1,-,,,,,
4183,14131,c.1232G>A,2,Point,Missense,-,-,-,Active site,Ser > Asn,1232,-,411,365,Serine Protease,Exon 8,p.Ser411Asn,31215,Ser,Asn,serine,asparagine,-,Severe,-,-,<1,-,,,,,
4183,14132,c.1232G>A,2,Point,Missense,-,-,-,Active site,Ser > Asn,1232,-,411,365,Serine Protease,Exon 8,p.Ser411Asn,31215,Ser,Asn,serine,asparagine,-,Moderate,-,-,2%,-,,,,,
4184,14133,c.1232G>T,3,Point,Missense,-,-,-,Active site,Ser > Ile,1232,-,411,365,Serine Protease,Exon 8,p.Ser411Ile,31215,Ser,Ile,serine,isoleucine,-,Severe,-,-,<1,-,,,,,
4184,14215,c.1232G>T,3,Point,Missense,-,-,-,Active site,Ser > Ile,1232,-,411,365,Serine Protease,Exon 8,p.Ser411Ile,31215,Ser,Ile,serine,isoleucine,-,Moderate,-,-,1.80%,-,,,,,
4184,15971,c.1232G>T,3,Point,Missense,No,-,-,Active site,Ser > Ile,1232,-,411,365,Serine Protease,Exon 8,p.Ser411Ile,31215,Ser,Ile,serine,isoleucine,-,Severe,-,-,<1,-,,,,,
4185,14134,c.1233T>A,1,Point,Missense,-,-,-,Active site,Ser > Arg,1233,-,411,365,Serine Protease,Exon 8,p.Ser411Arg,31216,Ser,Arg,serine,arginine,-,Moderate,-,-,1%,90%,,,,,
4186,14135,c.1233T>G,1,Point,Missense,-,-,-,Active site,Ser > Arg,1233,-,411,365,Serine Protease,Exon 8,p.Ser411Arg,31216,Ser,Arg,serine,arginine,-,Severe,-,-,<1,100%,,,,,
4187,14136,c.1234G>T,2,Point,Missense,-,-,-,-,Gly > Trp,1234,-,412,366,Serine Protease,Exon 8,p.Gly412Trp,31217,Gly,Trp,glycine,tryptophan,-,Moderate,-,-,4%,-,,,,,
4187,15026,c.1234G>T,2,Point,Missense,No,-,-,-,Gly > Trp,1234,-,412,366,Serine Protease,Exon 8,p.Gly412Trp,31217,Gly,Trp,glycine,tryptophan,-,Severe,-,-,<1,-,,,,,
4188,14137,c.1235G>A,10,Point,Missense,-,-,-,-,Gly > Glu,1235,-,412,366,Serine Protease,Exon 8,p.Gly412Glu,31218,Gly,Glu,glycine,glutamic acid,-,Mild,-,-,6%,-,,,,,
4188,14138,c.1235G>A,10,Point,Missense,-,-,-,-,Gly > Glu,1235,-,412,366,Serine Protease,Exon 8,p.Gly412Glu,31218,Gly,Glu,glycine,glutamic acid,-,Severe,-,-,-,-,,,,,
4188,14139,c.1235G>A,10,Point,Missense,-,-,-,-,Gly > Glu,1235,-,412,366,Serine Protease,Exon 8,p.Gly412Glu,31218,Gly,Glu,glycine,glutamic acid,-,Severe,-,-,-,-,,,,,
4188,14140,c.1235G>A,10,Point,Missense,-,-,-,-,Gly > Glu,1235,-,412,366,Serine Protease,Exon 8,p.Gly412Glu,31218,Gly,Glu,glycine,glutamic acid,-,Severe,-,-,<1,-,,,,,
4188,14141,c.1235G>A,10,Point,Missense,-,-,-,-,Gly > Glu,1235,-,412,366,Serine Protease,Exon 8,p.Gly412Glu,31218,Gly,Glu,glycine,glutamic acid,-,Moderate,-,-,2.20%,-,,,,,
4188,14142,c.1235G>A,10,Point,Missense,-,-,-,-,Gly > Glu,1235,-,412,366,Serine Protease,Exon 8,p.Gly412Glu,31218,Gly,Glu,glycine,glutamic acid,-,Severe,-,-,0.50%,-,,,,,
4188,14143,c.1235G>A,10,Point,Missense,-,-,-,-,Gly > Glu,1235,-,412,366,Serine Protease,Exon 8,p.Gly412Glu,31218,Gly,Glu,glycine,glutamic acid,-,Severe,-,-,<1,32%,,,,,
4188,15972,c.1235G>A,10,Point,Missense,No,-,-,-,Gly > Glu,1235,-,412,366,Serine Protease,Exon 8,p.Gly412Glu,31218,Gly,Glu,glycine,glutamic acid,-,Severe,-,-,<1,-,,,,,
4188,15973,c.1235G>A,10,Point,Missense,No,-,-,-,Gly > Glu,1235,-,412,366,Serine Protease,Exon 8,p.Gly412Glu,31218,Gly,Glu,glycine,glutamic acid,-,Severe,-,-,<1,-,,,,,
4188,15974,c.1235G>A,10,Point,Missense,No,-,-,-,Gly > Glu,1235,-,412,366,Serine Protease,Exon 8,p.Gly412Glu,31218,Gly,Glu,glycine,glutamic acid,-,Severe,-,-,<1,-,,,,,
4189,14144,c.1235G>C,1,Point,Missense,-,-,-,-,Gly > Ala,1235,-,412,366,Serine Protease,Exon 8,p.Gly412Ala,31218,Gly,Ala,glycine,alanine,-,Mild,-,-,8%,-,,,,,
4190,14145,c.1237G>A,7,Point,Missense,-,-,-,"Haplotype differs from 1344, 1896",Gly > Arg,1237,-,413,367,Serine Protease,Exon 8,p.Gly413Arg,31220,Gly,Arg,glycine,arginine,-,Moderate,-,-,3%,-,,,,,
4190,14146,c.1237G>A,7,Point,Missense,-,-,-,"Haplotype differs from 1344, 1896",Gly > Arg,1237,-,413,367,Serine Protease,Exon 8,p.Gly413Arg,31220,Gly,Arg,glycine,arginine,-,Moderate,-,-,-,-,,,,,
4190,14147,c.1237G>A,7,Point,Missense,-,-,-,"Haplotype differs from 1344, 1896",Gly > Arg,1237,-,413,367,Serine Protease,Exon 8,p.Gly413Arg,31220,Gly,Arg,glycine,arginine,-,Severe,-,-,<1,-,,,,,
4190,14148,c.1237G>A,7,Point,Missense,-,-,-,"Haplotype differs from 1344, 1896",Gly > Arg,1237,-,413,367,Serine Protease,Exon 8,p.Gly413Arg,31220,Gly,Arg,glycine,arginine,-,Moderate,-,-,1%,-,,,,,
4190,14149,c.1237G>A,7,Point,Missense,-,-,-,"Haplotype differs from 1344, 1896",Gly > Arg,1237,-,413,367,Serine Protease,Exon 8,p.Gly413Arg,31220,Gly,Arg,glycine,arginine,-,Moderate,-,-,1.50%,-,,,,,
4190,14150,c.1237G>A,7,Point,Missense,-,-,-,"Haplotype differs from 1344, 1896",Gly > Arg,1237,-,413,367,Serine Protease,Exon 8,p.Gly413Arg,31220,Gly,Arg,glycine,arginine,-,Severe,-,-,<1,-,,,,,
4190,14151,c.1237G>A,7,Point,Missense,-,-,-,"Haplotype differs from 1344, 1896",Gly > Arg,1237,-,413,367,Serine Protease,Exon 8,p.Gly413Arg,31220,Gly,Arg,glycine,arginine,-,Severe,-,-,<1,14%,,,,,
4191,14152,c.1237G>T,1,Point,Nonsense,-,-,-,-,Gly > *,1237,-,413,367,Serine Protease,Exon 8,p.(Gly413*),31220,Gly,*,glycine,-,-,-,-,-,-,-,,,,,
4192,14153,c.1238G>A,3,Point,Missense,-,-,-,-,Gly > Glu,1238,-,413,367,Serine Protease,Exon 8,p.Gly413Glu,31221,Gly,Glu,glycine,glutamic acid,-,Mild,-,-,8%,-,,,,,
4192,14154,c.1238G>A,3,Point,Missense,-,-,-,-,Gly > Glu,1238,-,413,367,Serine Protease,Exon 8,p.Gly413Glu,31221,Gly,Glu,glycine,glutamic acid,-,Severe,-,-,<1,-,,,,,
4192,14155,c.1238G>A,3,Point,Missense,-,-,-,-,Gly > Glu,1238,-,413,367,Serine Protease,Exon 8,p.Gly413Glu,31221,Gly,Glu,glycine,glutamic acid,-,Severe,-,-,<1,-,,,,,
4193,14156,c.1238G>C,1,Point,Missense,-,-,-,Bm,Gly > Ala,1238,-,413,367,Serine Protease,Exon 8,p.Gly413Ala,31221,Gly,Ala,glycine,alanine,-,Moderate,-,-,3%,103%,,,,,
4194,14157,c.1240C>A,13,Point,Missense,-,-,-,Bm,Pro > Thr,1240,-,414,368,Serine Protease,Exon 8,p.Pro414Thr,31223,Pro,Thr,proline,threonine,-,Severe,-,-,<1,156%,,,,,
4194,14158,c.1240C>A,13,Point,Missense,-,-,-,Bm,Pro > Thr,1240,-,414,368,Serine Protease,Exon 8,p.Pro414Thr,31223,Pro,Thr,proline,threonine,-,Mild,-,-,7%,>100,,,,,
4194,14159,c.1240C>A,13,Point,Missense,-,-,-,Bm,Pro > Thr,1240,-,414,368,Serine Protease,Exon 8,p.Pro414Thr,31223,Pro,Thr,proline,threonine,-,Severe,-,-,<1,-,,,,,
4194,14160,c.1240C>A,13,Point,Missense,-,-,-,Bm,Pro > Thr,1240,-,414,368,Serine Protease,Exon 8,p.Pro414Thr,31223,Pro,Thr,proline,threonine,-,Moderate,-,-,2%,115%,,,,,
4194,14161,c.1240C>A,13,Point,Missense,-,-,-,Bm,Pro > Thr,1240,-,414,368,Serine Protease,Exon 8,p.Pro414Thr,31223,Pro,Thr,proline,threonine,-,Severe,-,-,<1,-,,,,,
4194,14162,c.1240C>A,13,Point,Missense,No,-,-,Bm,Pro > Thr,1240,-,414,368,Serine Protease,Exon 8,p.Pro414Thr,31223,Pro,Thr,proline,threonine,-,Severe,-,-,<1,133%,,,,,
4194,14164,c.1240C>A,13,Point,Missense,-,-,-,Bm,Pro > Thr,1240,-,414,368,Serine Protease,Exon 8,p.Pro414Thr,31223,Pro,Thr,proline,threonine,-,-,-,-,-,-,,,,,
4194,14165,c.1240C>A,13,Point,Missense,-,-,-,Bm,Pro > Thr,1240,-,414,368,Serine Protease,Exon 8,p.Pro414Thr,31223,Pro,Thr,proline,threonine,-,Severe,-,-,-,-,,,,,
4194,15140,c.1240C>A,13,Point,Missense,No,-,-,Bm,Pro > Thr,1240,-,414,368,Serine Protease,Exon 8,p.Pro414Thr,31223,Pro,Thr,proline,threonine,-,Severe,-,-,-,-,,,,,
4194,15205,c.1240C>A,13,Point,Missense,No,-,-,Bm,Pro > Thr,1240,-,414,368,Serine Protease,Exon 8,p.Pro414Thr,31223,Pro,Thr,proline,threonine,-,Severe,-,-,-,-,,,,,
4194,15206,c.1240C>A,13,Point,Missense,No,-,-,Bm,Pro > Thr,1240,-,414,368,Serine Protease,Exon 8,p.Pro414Thr,31223,Pro,Thr,proline,threonine,-,Moderate,-,-,-,-,,,,,
4194,15975,c.1240C>A,13,Point,Missense,No,-,-,Bm,Pro > Thr,1240,-,414,368,Serine Protease,Exon 8,p.Pro414Thr,31223,Pro,Thr,proline,threonine,-,Moderate,-,-,2%,-,,,,,
4194,15976,c.1240C>A,13,Point,Missense,No,-,-,Bm,Pro > Thr,1240,-,414,368,Serine Protease,Exon 8,p.Pro414Thr,31223,Pro,Thr,proline,threonine,-,Severe,-,-,<1,-,,,,,
4195,14166,c.1240C>T,1,Point,Missense,-,0.000005455,-,-,Pro > Ser,1240,-,414,368,Serine Protease,Exon 8,p.Pro414Ser,31223,Pro,Ser,proline,serine,-,Severe,-,-,<1,-,,,,,
4196,14163,c.1241C>A,3,Point,Missense,-,-,-,-,Pro > His,1241,-,414,368,Serine Protease,Exon 8,p.Pro414His,31224,Pro,His,proline,histidine,-,Severe,-,-,<1,-,,,,,
4196,14167,c.1241C>A,3,Point,Missense,-,-,-,-,Pro > His,1241,-,414,368,Serine Protease,Exon 8,p.Pro414His,31224,Pro,His,proline,histidine,-,Severe,-,-,<1,102%,,,,,
4196,15334,c.1241C>A,3,Point,Missense,-,-,-,-,Pro > His,1241,-,414,368,Serine Protease,Exon 8,p.Pro414His,31224,Pro,His,proline,histidine,-,-,-,-,-,-,,,,,
4197,14168,c.1241C>T,7,Point,Missense,-,-,-,"Double (see 31,012)",Pro > Leu,1241,-,414,368,Serine Protease,Exon 8,p.Pro414Leu,31224,Pro,Leu,proline,leucine,-,-,-,-,-,-,,,,,
4197,14169,c.1241C>T,7,Point,Missense,-,-,-,"Double (see 31,012)",Pro > Leu,1241,-,414,368,Serine Protease,Exon 8,p.Pro414Leu,31224,Pro,Leu,proline,leucine,-,Moderate,-,-,3%,-,,,,,
4197,14170,c.1241C>T,7,Point,Missense,-,-,-,"Double (see 31,012)",Pro > Leu,1241,-,414,368,Serine Protease,Exon 8,p.Pro414Leu,31224,Pro,Leu,proline,leucine,-,Severe,-,-,<1,-,,,,,
4197,14171,c.1241C>T,7,Point,Missense,-,-,-,"Double (see 31,012)",Pro > Leu,1241,-,414,368,Serine Protease,Exon 8,p.Pro414Leu,31224,Pro,Leu,proline,leucine,-,Moderate,-,-,2%,62%,,,,,
4197,14172,c.1241C>T,7,Point,Missense,-,-,-,"Double (see 31,012)",Pro > Leu,1241,-,414,368,Serine Protease,Exon 8,p.Pro414Leu,31224,Pro,Leu,proline,leucine,-,Severe,-,-,-,-,,,,,
4197,14173,c.1241C>T,7,Point,Missense,-,-,-,"Double (see 31,012)",Pro > Leu,1241,-,414,368,Serine Protease,Exon 8,p.Pro414Leu,31224,Pro,Leu,proline,leucine,-,-,-,-,-,100%,,,,,
4197,15977,c.1241C>T,7,Point,Missense,-,-,-,"Double (see 31,012)",Pro > Leu,1241,-,414,368,Serine Protease,Exon 8,p.Pro414Leu,31224,Pro,Leu,proline,leucine,-,Severe,-,-,<1,-,,,,,
4198,14174,c.1241C>G,1,Point,Missense,-,-,-,-,Pro > Arg,1241,-,414,368,Serine Protease,Exon 8,p.Pro414Arg,31224,Pro,Arg,proline,arginine,-,Severe,-,-,<1,-,,,,,
4199,14175,c.1242_1244delinsAAT,1,Indel,Inframe,-,-,-,-,His > Ile,1242,-,415,369,Serine Protease,Exon 8,p.(His415Ile),31225,His,Ile,histidine,isoleucine,-,Severe,-,-,<1,-,,,,,
4200,14176,c.1243C>A,2,Point,Missense,-,-,-,-,His > Asn,1243,-,415,369,Serine Protease,Exon 8,p.His415Asn,31226,His,Asn,histidine,asparagine,-,Severe,-,-,<1,-,,,,,
4200,15141,c.1243C>A,2,Point,Missense,No,-,-,-,His > Asn,1243,-,415,369,Serine Protease,Exon 8,p.His415Asn,31226,His,Asn,histidine,asparagine,-,Moderate,-,-,-,-,,,,,
4201,14177,c.1244A>G,7,Point,Missense,-,-,-,-,His > Arg,1244,-,415,369,Serine Protease,Exon 8,p.His415Arg,31227,His,Arg,histidine,arginine,-,-,-,-,<3,-,,,,,
4201,14178,c.1244A>G,7,Point,Missense,-,-,-,-,His > Arg,1244,-,415,369,Serine Protease,Exon 8,p.His415Arg,31227,His,Arg,histidine,arginine,-,Severe,-,-,<1,<1,,,,,
4201,15027,c.1244A>G,7,Point,Missense,No,-,-,-,His > Arg,1244,-,415,369,Serine Protease,Exon 8,p.His415Arg,31227,His,Arg,histidine,arginine,-,Severe,-,-,<1,-,,,,,
4201,15978,c.1244A>G,7,Point,Missense,-,-,-,-,His > Arg,1244,-,415,369,Serine Protease,Exon 8,p.His415Arg,31227,His,Arg,histidine,arginine,-,Moderate,-,-,2%,-,,,,,
4201,15979,c.1244A>G,7,Point,Missense,No,-,-,-,His > Arg,1244,-,415,369,Serine Protease,Exon 8,p.His415Arg,31227,His,Arg,histidine,arginine,-,Severe,-,-,<1,-,,,,,
4201,15980,c.1244A>G,7,Point,Missense,No,-,-,-,His > Arg,1244,-,415,369,Serine Protease,Exon 8,p.His415Arg,31227,His,Arg,histidine,arginine,-,Severe,-,-,<1,-,,,,,
4201,15981,c.1244A>G,7,Point,Missense,No,-,-,-,His > Arg,1244,-,415,369,Serine Protease,Exon 8,p.His415Arg,31227,His,Arg,histidine,arginine,-,Severe,-,-,<1,-,,,,,
4202,14179,c.1245T>A,3,Point,Missense,-,-,-,-,His > Gln,1245,-,415,369,Serine Protease,Exon 8,p.His415Gln,31228,His,Gln,histidine,glutamine,-,Moderate,-,-,5%,60%,,,,,
4202,14988,c.1245T>A,3,Point,Missense,No,-,-,-,His > Gln,1245,-,415,369,Serine Protease,Exon 8,p.His415Gln,31228,His,Gln,histidine,glutamine,-,Severe,-,-,<1,-,,,,,
4202,15982,c.1245T>A,3,Point,Missense,No,-,-,-,His > Gln,1245,-,415,369,Serine Protease,Exon 8,p.His415Gln,31228,His,Gln,histidine,glutamine,-,Severe,-,-,<1,-,,,,,
4203,14182,c.1258G>T,3,Point,Nonsense,-,-,-,-,Glu > *,1258,-,420,374,Serine Protease,Exon 8,p.(Glu420*),31241,Glu,*,glutamic acid,-,-,Moderate,-,-,1%,-,,,,,
4203,14183,c.1258G>T,3,Point,Nonsense,-,-,-,-,Glu > *,1258,-,420,374,Serine Protease,Exon 8,p.(Glu420*),31241,Glu,*,glutamic acid,-,-,-,-,-,-,-,,,,,
4203,14184,c.1258G>T,3,Point,Nonsense,-,-,-,-,Glu > *,1258,-,420,374,Serine Protease,Exon 8,p.(Glu420*),31241,Glu,*,glutamic acid,-,-,Severe,-,-,<1,1%,,,,,
4204,14185,c.1258G>A,1,Point,Missense,-,-,-,Type II,Glu > Lys,1258,-,420,374,Serine Protease,Exon 8,p.Glu420Lys,31241,Glu,Lys,glutamic acid,lysine,-,Mild,-,-,5.40%,70%,,,,,
4205,14186,c.1265C>A,1,Point,Missense,-,-,-,-,Thr > Asn,1265,-,422,376,Serine Protease,Exon 8,p.Thr422Asn,31248,Thr,Asn,threonine,asparagine,-,Mild,-,-,15%,13%,,,,,
4206,14187,c.1270T>C,4,Point,Missense,-,-,-,-,Phe > Leu,1270,-,424,378,Serine Protease,Exon 8,p.Phe424Leu,31253,Phe,Leu,phenylalanine,leucine,-,Severe,-,-,<1,<1,,,,,
4206,14188,c.1270T>C,4,Point,Missense,No,-,-,-,Phe > Leu,1270,-,424,378,Serine Protease,Exon 8,p.Phe424Leu,31253,Phe,Leu,phenylalanine,leucine,-,Severe,-,-,<1,<1,,,,,
4206,15142,c.1270T>C,4,Point,Missense,No,-,-,-,Phe > Leu,1270,-,424,378,Serine Protease,Exon 8,p.Phe424Leu,31253,Phe,Leu,phenylalanine,leucine,-,Severe,-,-,-,-,,,,,
4206,15985,c.1270T>C,4,Point,Missense,-,-,-,-,Phe > Leu,1270,-,424,378,Serine Protease,Exon 8,p.Phe424Leu,31253,Phe,Leu,phenylalanine,leucine,-,Severe,-,-,<1,-,,,,,
4207,14189,c.1270T>G,1,Point,Missense,-,-,-,"(Bogazici, HB 30; Istanbul 2)",Phe > Val,1270,-,424,378,Serine Protease,Exon 8,p.Phe424Val,31253,Phe,Val,phenylalanine,valine,-,Severe,-,-,<1,-,,,,,
4208,14190,c.1271T>C,3,Point,Missense,-,-,-,-,Phe > Ser,1271,-,424,378,Serine Protease,Exon 8,p.Phe424Ser,31254,Phe,Ser,phenylalanine,serine,-,Severe,-,-,<1,-,,,,,
4208,14191,c.1271T>C,3,Point,Missense,-,-,-,-,Phe > Ser,1271,-,424,378,Serine Protease,Exon 8,p.Phe424Ser,31254,Phe,Ser,phenylalanine,serine,-,-,-,-,-,-,,,,,
4208,15986,c.1271T>C,3,Point,Missense,No,-,-,-,Phe > Ser,1271,-,424,378,Serine Protease,Exon 8,p.Phe424Ser,31254,Phe,Ser,phenylalanine,serine,-,Severe,-,-,<1,-,,,,,
4209,14192,c.1274T>G,2,Point,Nonsense,-,-,-,-,Leu > *,1274,-,425,379,Serine Protease,Exon 8,p.(Leu425*),31257,Leu,*,leucine,-,-,-,-,-,-,-,,,,,
4209,14193,c.1274T>G,2,Point,Nonsense,-,-,-,-,Leu > *,1274,-,425,379,Serine Protease,Exon 8,p.(Leu425*),31257,Leu,*,leucine,-,-,Severe,-,-,<1,-,,,,,
4210,14194,c.1275A>C,4,Point,Missense,-,-,-,-,Leu > Phe,1275,-,425,379,Serine Protease,Exon 8,p.Leu425Phe,31258,Leu,Phe,leucine,phenylalanine,-,Moderate,-,-,5%,-,,,,,
4210,14195,c.1275A>C,4,Point,Missense,-,-,-,-,Leu > Phe,1275,-,425,379,Serine Protease,Exon 8,p.Leu425Phe,31258,Leu,Phe,leucine,phenylalanine,-,Mild,-,-,11%,-,,,,,
4210,15987,c.1275A>C,4,Point,Missense,No,-,-,-,Leu > Phe,1275,-,425,379,Serine Protease,Exon 8,p.Leu425Phe,31258,Leu,Phe,leucine,phenylalanine,-,Moderate,-,-,3%,-,,,,,
4210,15988,c.1275A>C,4,Point,Missense,No,-,-,-,Leu > Phe,1275,-,425,379,Serine Protease,Exon 8,p.Leu425Phe,31258,Leu,Phe,leucine,phenylalanine,-,Moderate,-,-,2%,-,,,,,
4211,14197,c.1276A>G,1,Point,Missense,-,-,-,"A10512G, C6575G",Thr > Ala,1276,-,426,380,Serine Protease,Exon 8,p.Thr426Ala,31259,Thr,Ala,threonine,alanine,-,Severe,-,-,<1,-,,,,,
4212,14198,c.1277C>A,1,Point,Missense,-,-,-,-,Thr > Asn,1277,-,426,380,Serine Protease,Exon 8,p.Thr426Asn,31260,Thr,Asn,threonine,asparagine,-,Moderate,-,-,1.40%,-,,,,,
4213,14199,c.1277C>G,1,Point,Missense,-,-,-,-,Thr > Ser,1277,-,426,380,Serine Protease,Exon 8,p.Thr426Ser,31260,Thr,Ser,threonine,serine,-,Mild,-,-,7%,<10,Patient tested at Hong Kong,,,,
4214,14200,c.1277C>T,3,Point,Missense,-,-,-,-,Thr > Ile,1277,-,426,380,Serine Protease,Exon 8,p.Thr426Ile,31260,Thr,Ile,threonine,isoleucine,-,Severe,-,-,<1,1%,,,,,
4214,14201,c.1277C>T,3,Point,Missense,-,-,-,-,Thr > Ile,1277,-,426,380,Serine Protease,Exon 8,p.Thr426Ile,31260,Thr,Ile,threonine,isoleucine,-,Severe,-,-,0%,-,,,,,
4214,14202,c.1277C>T,3,Point,Missense,-,-,-,-,Thr > Ile,1277,-,426,380,Serine Protease,Exon 8,p.Thr426Ile,31260,Thr,Ile,threonine,isoleucine,-,Severe,-,-,0%,-,,,,,
4215,14203,c.1278delT,1,Deletion,Frameshift,-,-,-,Frameshift,Thr426fs,1278,-,426,380,Serine Protease,Exon 8,p.(Thr426Thrfs*12),31261,Thr426fs,-,threonine,-,-,Severe,-,-,<1,<1,Patient tested at Hong Kong,,,,
4216,14204,c.1280del,1,Deletion,Frameshift,-,-,-,Frameshift,Gly427fs,1280,-,427,381,Serine Protease,Exon 8,p.(Gly427Glufs*11),31262,Gly427fs,-,glycine,-,-,Mild,-,-,10%,-,,,,,
4217,14206,c.1279G>A,4,Point,Missense,-,-,-,-,Gly > Arg,1279,-,427,381,Serine Protease,Exon 8,p.Gly427Arg,31262,Gly,Arg,glycine,arginine,-,Moderate,-,-,2%,-,,,,,
4217,14207,c.1279G>A,4,Point,Missense,-,-,-,-,Gly > Arg,1279,-,427,381,Serine Protease,Exon 8,p.Gly427Arg,31262,Gly,Arg,glycine,arginine,-,Severe,-,-,-,-,,,,,
4217,15029,c.1279G>A,4,Point,Missense,No,-,-,-,Gly > Arg,1279,-,427,381,Serine Protease,Exon 8,p.Gly427Arg,31262,Gly,Arg,glycine,arginine,-,Severe,-,-,<1,-,,,,,
4217,15207,c.1279G>A,4,Point,Missense,No,-,-,-,Gly > Arg,1279,-,427,381,Serine Protease,Exon 8,p.Gly427Arg,31262,Gly,Arg,glycine,arginine,-,Moderate,-,-,-,-,,,,,
4218,14208,c.457G>A,1,Point,Missense,-,-,-,-,Val > Met,457,-,153,107,EGF2,Exon 5,p.Val153Met,17734,Val,Met,valine,methionine,-,Mild,-,-,-,-,,,,,
4219,14209,c.1280G>A,1,Point,Missense,-,-,-,-,Gly > Glu,1280,-,427,381,Serine Protease,Exon 8,p.Gly427Glu,31263,Gly,Glu,glycine,glutamic acid,-,Severe,-,-,-,-,,,,,
4220,14210,c.1280G>C,1,Point,Missense,-,-,-,-,Gly > Ala,1280,-,427,381,Serine Protease,Exon 8,p.Gly427Ala,31263,Gly,Ala,glycine,alanine,-,Moderate,-,-,2%,-,,,,,
4221,14211,c.1282A>T,1,Point,Missense,-,-,-,"double with 30802+A, N?",Ile > Phe,1282,-,428,382,Serine Protease,Exon 8,p.Ile428Phe,31265,Ile,Phe,isoleucine,phenylalanine,-,Moderate,-,-,1%,-,,,,,
4222,14213,c.1289G>A,1,Point,Missense,-,-,-,-,Ser > Asn,1289,-,430,384,Serine Protease,Exon 8,p.Ser430Asn,31272,Ser,Asn,serine,asparagine,-,-,-,-,-,-,,,,,
4223,14214,c.1289G>C,1,Point,Missense,-,-,-,-,Ser > Thr,1289,-,430,384,Serine Protease,Exon 8,p.Ser430Thr,31272,Ser,Thr,serine,threonine,-,Mild,-,-,24%,-,,,,,
4225,14216,c.1290C>G,1,Point,Missense,-,-,-,-,Ser > Arg,1290,-,430,384,Serine Protease,Exon 8,p.Ser430Arg,31273,Ser,Arg,serine,arginine,-,-,-,-,-,-,,,,,
4226,14217,c.1291T>A,2,Point,Missense,-,-,-,-,Trp > Arg,1291,-,431,385,Serine Protease,Exon 8,p.Trp431Arg,31274,Trp,Arg,tryptophan,arginine,-,Moderate,-,-,-,-,,,,,
4226,15031,c.1291T>A,2,Point,Missense,No,-,-,-,Trp > Arg,1291,-,431,385,Serine Protease,Exon 8,p.Trp431Arg,31274,Trp,Arg,tryptophan,arginine,-,Severe,-,-,<1,-,,,,,
4227,14218,c.1291T>C,7,Point,Missense,-,-,-,-,Trp > Arg,1291,-,431,385,Serine Protease,Exon 8,p.Trp431Arg,31274,Trp,Arg,tryptophan,arginine,-,Severe,-,-,<1,-,,,,,
4227,14219,c.1291T>C,7,Point,Missense,-,-,-,-,Trp > Arg,1291,-,431,385,Serine Protease,Exon 8,p.Trp431Arg,31274,Trp,Arg,tryptophan,arginine,-,-,-,-,-,-,,,,,
4227,14220,c.1291T>C,7,Point,Missense,-,-,-,-,Trp > Arg,1291,-,431,385,Serine Protease,Exon 8,p.Trp431Arg,31274,Trp,Arg,tryptophan,arginine,-,Moderate,-,-,2%,51%,,,,,
4227,14221,c.1291T>C,7,Point,Missense,-,-,-,-,Trp > Arg,1291,-,431,385,Serine Protease,Exon 8,p.Trp431Arg,31274,Trp,Arg,tryptophan,arginine,-,Moderate,-,-,2%,81%,,,,,
4227,14222,c.1291T>C,7,Point,Missense,-,-,-,-,Trp > Arg,1291,-,431,385,Serine Protease,Exon 8,p.Trp431Arg,31274,Trp,Arg,tryptophan,arginine,-,-,-,-,-,-,,,,,
4227,14223,c.1291T>C,7,Point,Missense,-,-,-,-,Trp > Arg,1291,-,431,385,Serine Protease,Exon 8,p.Trp431Arg,31274,Trp,Arg,tryptophan,arginine,-,-,-,-,-,-,,,,,
4227,15030,c.1291T>C,7,Point,Missense,No,-,-,-,Trp > Arg,1291,-,431,385,Serine Protease,Exon 8,p.Trp431Arg,31274,Trp,Arg,tryptophan,arginine,-,Moderate,-,-,3%,-,,,,,
4228,14224,c.1291T>G,1,Point,Missense,-,-,-,-,Trp > Gly,1291,-,431,385,Serine Protease,Exon 8,p.Trp431Gly,31274,Trp,Gly,tryptophan,glycine,-,Mild,-,-,13%,80%,,,,,
4229,14227,c.1293G>C,1,Point,Missense,-,-,-,-,Trp > Cys,1293,-,431,385,Serine Protease,Exon 8,p.Trp431Cys,31276,Trp,Cys,tryptophan,cysteine,-,Mild,-,-,11%,-,,,,,
4230,14228,c.1293G>T,4,Point,Missense,-,-,-,-,Trp > Cys,1293,-,431,385,Serine Protease,Exon 8,p.Trp431Cys,31276,Trp,Cys,tryptophan,cysteine,-,Moderate,-,-,1%,-,,,,,
4230,14229,c.1293G>T,4,Point,Missense,No,-,-,-,Trp > Cys,1293,-,431,385,Serine Protease,Exon 8,p.Trp431Cys,31276,Trp,Cys,tryptophan,cysteine,-,Severe,-,-,<1,96%,,,,,
4230,14230,c.1293G>T,4,Point,Missense,-,-,-,-,Trp > Cys,1293,-,431,385,Serine Protease,Exon 8,p.Trp431Cys,31276,Trp,Cys,tryptophan,cysteine,-,-,-,-,-,-,,,,,
4230,14231,c.1293G>T,4,Point,Missense,-,-,-,-,Trp > Cys,1293,-,431,385,Serine Protease,Exon 8,p.Trp431Cys,31276,Trp,Cys,tryptophan,cysteine,-,Severe,-,-,-,-,,,,,
4231,14225,c.1293G>A,6,Point,Nonsense,-,-,-,-,Trp > *,1293,-,431,385,Serine Protease,Exon 8,p.(Trp431*),31276,Trp,*,tryptophan,-,-,-,-,-,-,-,,,,,
4231,14226,c.1293G>A,6,Point,Nonsense,-,-,-,-,Trp > *,1293,-,431,385,Serine Protease,Exon 8,p.(Trp431*),31276,Trp,*,tryptophan,-,-,-,-,-,-,-,,,,,
4231,14232,c.1293G>A,6,Point,Nonsense,-,-,-,-,Trp > *,1293,-,431,385,Serine Protease,Exon 8,p.(Trp431*),31276,Trp,*,tryptophan,-,-,Severe,-,-,<1,-,,,,,
4231,14235,c.1293G>A,6,Point,Nonsense,-,-,-,-,Trp > *,1293,-,431,385,Serine Protease,Exon 8,p.(Trp431*),31276,Trp,*,tryptophan,-,-,-,-,-,-,-,,,,,
4231,14238,c.1293G>A,6,Point,Nonsense,-,-,-,-,Trp > *,1293,-,431,385,Serine Protease,Exon 8,p.(Trp431*),31276,Trp,*,tryptophan,-,-,Severe,-,-,<1,<1,,,,,
4231,16155,c.1293G>A,6,Point,Nonsense,No,-,-,-,Trp > *,1293,-,431,385,Serine Protease,Exon 8,p.(Trp431*),31276,Trp,*,tryptophan,-,-,Severe,-,-,<1,-,,,,,
4232,14239,c.1295G>A,5,Point,Missense,-,-,-,Bm[Bovine PT moderately prolonged],Gly > Asp,1295,-,432,386,Serine Protease,Exon 8,p.Gly432Asp,31278,Gly,Asp,glycine,aspartic acid,-,Moderate,-,-,2%,120%,"publication unavailable: J Nara Med Ass 43, 503-10",,,,
4232,14240,c.1295G>A,5,Point,Missense,-,-,-,Bm[Bovine PT moderately prolonged],Gly > Asp,1295,-,432,386,Serine Protease,Exon 8,p.Gly432Asp,31278,Gly,Asp,glycine,aspartic acid,-,Moderate,-,-,2%,119%,,,,,
4232,14241,c.1295G>A,5,Point,Missense,-,-,-,Bm[Bovine PT moderately prolonged],Gly > Asp,1295,-,432,386,Serine Protease,Exon 8,p.Gly432Asp,31278,Gly,Asp,glycine,aspartic acid,-,Severe,-,-,<1,-,,,,,
4232,14242,c.1295G>A,5,Point,Missense,-,-,-,Bm[Bovine PT moderately prolonged],Gly > Asp,1295,-,432,386,Serine Protease,Exon 8,p.Gly432Asp,31278,Gly,Asp,glycine,aspartic acid,-,Severe,-,-,<1,-,,,,,
4232,15991,c.1295G>A,5,Point,Missense,No,-,-,Bm[Bovine PT moderately prolonged],Gly > Asp,1295,-,432,386,Serine Protease,Exon 8,p.Gly432Asp,31278,Gly,Asp,glycine,aspartic acid,-,Severe,-,-,<1,-,,,,,
4233,14243,c.1295G>C,4,Point,Missense,-,-,-,-,Gly > Ala,1295,-,432,386,Serine Protease,Exon 8,p.Gly432Ala,31278,Gly,Ala,glycine,alanine,-,-,-,-,-,-,,,,,
4233,14244,c.1295G>C,4,Point,Missense,-,-,-,-,Gly > Ala,1295,-,432,386,Serine Protease,Exon 8,p.Gly432Ala,31278,Gly,Ala,glycine,alanine,-,-,-,-,-,-,,,,,
4233,14245,c.1295G>C,4,Point,Missense,-,-,-,-,Gly > Ala,1295,-,432,386,Serine Protease,Exon 8,p.Gly432Ala,31278,Gly,Ala,glycine,alanine,-,Moderate,-,-,<5,-,,,,,
4233,14246,c.1295G>C,4,Point,Missense,-,-,-,-,Gly > Ala,1295,-,432,386,Serine Protease,Exon 8,p.Gly432Ala,31278,Gly,Ala,glycine,alanine,-,Severe,-,-,<1,-,,,,,
4234,14247,c.1295G>T,3,Point,Missense,-,-,-,-,Gly > Val,1295,-,432,386,Serine Protease,Exon 8,p.Gly432Val,31278,Gly,Val,glycine,valine,-,Moderate,-,-,1%,-,,,,,
4234,14248,c.1295G>T,3,Point,Missense,-,-,-,-,Gly > Val,1295,-,432,386,Serine Protease,Exon 8,p.Gly432Val,31278,Gly,Val,glycine,valine,-,Severe,-,-,<1,-,,,,,
4234,15306,c.1295G>T,3,Point,Missense,-,-,-,-,Gly > Val,1295,-,432,386,Serine Protease,Exon 8,p.Gly432Val,31278,Gly,Val,glycine,valine,-,Moderate,-,-,1%,-,,,,,
4235,14249,c.1297G>A,10,Point,Missense,-,-,-,-,Glu > Lys,1297,-,433,387,Serine Protease,Exon 8,p.Glu433Lys,31280,Glu,Lys,glutamic acid,lysine,-,Moderate,-,-,2%,74%,,,,,
4235,14250,c.1297G>A,10,Point,Missense,-,-,-,-,Glu > Lys,1297,-,433,387,Serine Protease,Exon 8,p.Glu433Lys,31280,Glu,Lys,glutamic acid,lysine,-,Severe,-,-,<1,-,,,,,
4235,14251,c.1297G>A,10,Point,Missense,-,-,-,-,Glu > Lys,1297,-,433,387,Serine Protease,Exon 8,p.Glu433Lys,31280,Glu,Lys,glutamic acid,lysine,-,Severe,-,-,<1,-,,,,,
4235,14252,c.1297G>A,10,Point,Missense,-,-,-,-,Glu > Lys,1297,-,433,387,Serine Protease,Exon 8,p.Glu433Lys,31280,Glu,Lys,glutamic acid,lysine,-,Moderate,-,-,2%,-,,,,,
4235,14253,c.1297G>A,10,Point,Missense,-,-,-,-,Glu > Lys,1297,-,433,387,Serine Protease,Exon 8,p.Glu433Lys,31280,Glu,Lys,glutamic acid,lysine,-,-,-,-,-,-,,,,,
4235,14254,c.1297G>A,10,Point,Missense,-,-,-,-,Glu > Lys,1297,-,433,387,Serine Protease,Exon 8,p.Glu433Lys,31280,Glu,Lys,glutamic acid,lysine,-,Severe,-,-,<1,63%,,,,,
4235,14255,c.1297G>A,10,Point,Missense,-,-,-,-,Glu > Lys,1297,-,433,387,Serine Protease,Exon 8,p.Glu433Lys,31280,Glu,Lys,glutamic acid,lysine,-,-,-,-,-,-,,,,,
4235,14256,c.1297G>A,10,Point,Missense,-,-,-,-,Glu > Lys,1297,-,433,387,Serine Protease,Exon 8,p.Glu433Lys,31280,Glu,Lys,glutamic acid,lysine,-,Moderate,-,-,1%,67%,,,,,
4235,14257,c.1297G>A,10,Point,Missense,-,-,-,-,Glu > Lys,1297,-,433,387,Serine Protease,Exon 8,p.Glu433Lys,31280,Glu,Lys,glutamic acid,lysine,-,-,-,-,-,-,,,,,
4235,15992,c.1297G>A,10,Point,Missense,No,-,-,-,Glu > Lys,1297,-,433,387,Serine Protease,Exon 8,p.Glu433Lys,31280,Glu,Lys,glutamic acid,lysine,-,Severe,-,-,<1,-,,,,,
4236,14258,c.1298A>C,6,Point,Missense,-,-,-,-,Glu > Ala,1298,-,433,387,Serine Protease,Exon 8,p.Glu433Ala,31281,Glu,Ala,glutamic acid,alanine,-,Moderate,-,-,1%,-,,,,,
4236,14259,c.1298A>C,6,Point,Missense,-,-,-,-,Glu > Ala,1298,-,433,387,Serine Protease,Exon 8,p.Glu433Ala,31281,Glu,Ala,glutamic acid,alanine,-,Severe,-,-,<1,118%,,,,,
4236,14260,c.1298A>C,6,Point,Missense,-,-,-,-,Glu > Ala,1298,-,433,387,Serine Protease,Exon 8,p.Glu433Ala,31281,Glu,Ala,glutamic acid,alanine,-,Moderate,-,-,4%,90%,,,,,
4236,14261,c.1298A>C,6,Point,Missense,-,-,-,-,Glu > Ala,1298,-,433,387,Serine Protease,Exon 8,p.Glu433Ala,31281,Glu,Ala,glutamic acid,alanine,-,-,-,-,-,-,,,,,
4236,14262,c.1298A>C,6,Point,Missense,-,-,-,-,Glu > Ala,1298,-,433,387,Serine Protease,Exon 8,p.Glu433Ala,31281,Glu,Ala,glutamic acid,alanine,-,-,-,-,-,-,,,,,
4236,14263,c.1298A>C,6,Point,Missense,-,-,-,-,Glu > Ala,1298,-,433,387,Serine Protease,Exon 8,p.Glu433Ala,31281,Glu,Ala,glutamic acid,alanine,-,-,-,-,-,-,,,,,
4237,14264,c.1298A>G,2,Point,Missense,-,-,-,-,Glu > Gly,1298,-,433,387,Serine Protease,Exon 8,p.Glu433Gly,31281,Glu,Gly,glutamic acid,glycine,-,Moderate,-,-,2%,95%,,,,,
4237,14265,c.1298A>G,2,Point,Missense,-,-,-,-,Glu > Gly,1298,-,433,387,Serine Protease,Exon 8,p.Glu433Gly,31281,Glu,Gly,glutamic acid,glycine,-,-,-,-,-,-,,,,,
4238,14266,c.1300G>T,3,Point,Nonsense,-,-,-,-,Glu > *,1300,-,434,388,Serine Protease,Exon 8,p.(Glu434*),31283,Glu,*,glutamic acid,-,-,Severe,-,-,<1,-,,,,,
4238,14267,c.1300G>T,3,Point,Nonsense,-,-,-,-,Glu > *,1300,-,434,388,Serine Protease,Exon 8,p.(Glu434*),31283,Glu,*,glutamic acid,-,-,-,-,-,-,-,,,,,
4238,16156,c.1300G>T,3,Point,Nonsense,No,-,-,-,Glu > *,1300,-,434,388,Serine Protease,Exon 8,p.(Glu434*),31283,Glu,*,glutamic acid,-,-,Severe,-,-,<1,-,,,,,
4239,14268,c.1300G>A,1,Point,Missense,No,-,-,-,Glu > Lys,1300,-,434,388,Serine Protease,Exon 8,p.Glu434Lys,31283,Glu,Lys,glutamic acid,lysine,-,Mild,-,-,21%,62%,,,,,
4240,14269,c.1301A>G,1,Point,Missense,-,-,-,-,Glu > Gly,1301,-,434,388,Serine Protease,Exon 8,p.Glu434Gly,31284,Glu,Gly,glutamic acid,glycine,-,Mild,-,-,24%,-,,,,,
4241,14270,c.1303T>A,1,Point,Missense,-,-,-,-,Cys > Ser,1303,-,435,389,Serine Protease,Exon 8,p.Cys435Ser,31286,Cys,Ser,cysteine,serine,-,Severe,-,-,<1,-,,,,,
4242,14271,c.1303T>G,2,Point,Missense,-,-,-,-,Cys > Gly,1303,-,435,389,Serine Protease,Exon 8,p.Cys435Gly,31286,Cys,Gly,cysteine,glycine,-,Severe,-,-,<1,-,,,,,
4242,15143,c.1303T>G,2,Point,Missense,No,-,-,-,Cys > Gly,1303,-,435,389,Serine Protease,Exon 8,p.Cys435Gly,31286,Cys,Gly,cysteine,glycine,-,Moderate,-,-,-,-,,,,,
4243,14272,c.1304G>A,13,Point,Missense,-,-,-,-,Cys > Tyr,1304,-,435,389,Serine Protease,Exon 8,p.Cys435Tyr,31287,Cys,Tyr,cysteine,tyrosine,-,Severe,-,-,<1,<1,,,,,
4243,14273,c.1304G>A,13,Point,Missense,-,-,-,-,Cys > Tyr,1304,-,435,389,Serine Protease,Exon 8,p.Cys435Tyr,31287,Cys,Tyr,cysteine,tyrosine,-,Moderate,-,-,4%,7%,,,,,
4243,14274,c.1304G>A,13,Point,Missense,-,-,-,-,Cys > Tyr,1304,-,435,389,Serine Protease,Exon 8,p.Cys435Tyr,31287,Cys,Tyr,cysteine,tyrosine,-,Mild,-,-,35%,-,,,,,
4243,14275,c.1304G>A,13,Point,Missense,-,-,-,-,Cys > Tyr,1304,-,435,389,Serine Protease,Exon 8,p.Cys435Tyr,31287,Cys,Tyr,cysteine,tyrosine,-,Severe,-,-,<1,<1,,,,,
4243,14276,c.1304G>A,13,Point,Missense,-,-,-,-,Cys > Tyr,1304,-,435,389,Serine Protease,Exon 8,p.Cys435Tyr,31287,Cys,Tyr,cysteine,tyrosine,-,Severe,-,-,<1,2%,,,,,
4243,14277,c.1304G>A,13,Point,Missense,-,-,-,-,Cys > Tyr,1304,-,435,389,Serine Protease,Exon 8,p.Cys435Tyr,31287,Cys,Tyr,cysteine,tyrosine,-,Moderate,-,-,3%,-,,,,,
4243,14278,c.1304G>A,13,Point,Missense,-,-,-,-,Cys > Tyr,1304,-,435,389,Serine Protease,Exon 8,p.Cys435Tyr,31287,Cys,Tyr,cysteine,tyrosine,-,Severe,-,-,<1,5%,,,,,
4243,14279,c.1304G>A,13,Point,Missense,-,-,-,-,Cys > Tyr,1304,-,435,389,Serine Protease,Exon 8,p.Cys435Tyr,31287,Cys,Tyr,cysteine,tyrosine,-,Severe,-,-,<1,-,,,,,
4243,14280,c.1304G>A,13,Point,Missense,-,-,-,-,Cys > Tyr,1304,-,435,389,Serine Protease,Exon 8,p.Cys435Tyr,31287,Cys,Tyr,cysteine,tyrosine,-,Severe,-,-,<1,-,,,,,
4243,14281,c.1304G>A,13,Point,Missense,-,-,-,-,Cys > Tyr,1304,-,435,389,Serine Protease,Exon 8,p.Cys435Tyr,31287,Cys,Tyr,cysteine,tyrosine,-,Severe,-,-,<1,-,,,,,
4243,15209,c.1304G>A,13,Point,Missense,No,-,-,-,Cys > Tyr,1304,-,435,389,Serine Protease,Exon 8,p.Cys435Tyr,31287,Cys,Tyr,cysteine,tyrosine,-,Severe,-,-,-,-,,,,,
4243,15993,c.1304G>A,13,Point,Missense,No,-,-,-,Cys > Tyr,1304,-,435,389,Serine Protease,Exon 8,p.Cys435Tyr,31287,Cys,Tyr,cysteine,tyrosine,-,Severe,-,-,<1,-,,,,,
4243,15994,c.1304G>A,13,Point,Missense,No,-,-,-,Cys > Tyr,1304,-,435,389,Serine Protease,Exon 8,p.Cys435Tyr,31287,Cys,Tyr,cysteine,tyrosine,-,Severe,-,-,<1,-,,,,,
4245,14289,c.1307C>A,2,Point,Missense,-,-,-,-,Ala > Glu,1307,-,436,390,Serine Protease,Exon 8,p.Ala436Glu,31290,Ala,Glu,alanine,glutamic acid,-,-,-,-,-,-,,,,,
4245,14290,c.1307C>A,2,Point,Missense,-,-,-,-,Ala > Glu,1307,-,436,390,Serine Protease,Exon 8,p.Ala436Glu,31290,Ala,Glu,alanine,glutamic acid,-,Moderate,-,-,2%,30%,,,,,
4246,14291,c.1307C>T,13,Point,Missense,-,-,-,Bm,Ala > Val,1307,-,436,390,Serine Protease,Exon 8,p.Ala436Val,31290,Ala,Val,alanine,valine,-,Severe,-,-,<1,100%,,,,,
4246,14292,c.1307C>T,13,Point,Missense,-,-,-,Bm,Ala > Val,1307,-,436,390,Serine Protease,Exon 8,p.Ala436Val,31290,Ala,Val,alanine,valine,-,Severe,-,-,0%,-,,,,,
4246,14293,c.1307C>T,13,Point,Missense,-,-,-,Bm,Ala > Val,1307,-,436,390,Serine Protease,Exon 8,p.Ala436Val,31290,Ala,Val,alanine,valine,-,Moderate,-,-,1 to 4,140%,,,,,
4246,14294,c.1307C>T,13,Point,Missense,-,-,-,Bm,Ala > Val,1307,-,436,390,Serine Protease,Exon 8,p.Ala436Val,31290,Ala,Val,alanine,valine,-,Moderate,-,-,2%,48%,,,,,
4246,14295,c.1307C>T,13,Point,Missense,-,-,-,Bm,Ala > Val,1307,-,436,390,Serine Protease,Exon 8,p.Ala436Val,31290,Ala,Val,alanine,valine,-,Severe,-,-,<1,71%,,,,,
4246,14296,c.1307C>T,13,Point,Missense,-,-,-,Bm,Ala > Val,1307,-,436,390,Serine Protease,Exon 8,p.Ala436Val,31290,Ala,Val,alanine,valine,-,Moderate,-,-,1%,-,,,,,
4246,14297,c.1307C>T,13,Point,Missense,No,-,-,Bm,Ala > Val,1307,-,436,390,Serine Protease,Exon 8,p.Ala436Val,31290,Ala,Val,alanine,valine,-,Severe,-,-,<1,150%,,,,,
4246,14298,c.1307C>T,13,Point,Missense,-,-,-,Bm,Ala > Val,1307,-,436,390,Serine Protease,Exon 8,p.Ala436Val,31290,Ala,Val,alanine,valine,-,Severe,-,-,<1,-,,,,,
4246,15144,c.1307C>T,13,Point,Missense,No,-,-,Bm,Ala > Val,1307,-,436,390,Serine Protease,Exon 8,p.Ala436Val,31290,Ala,Val,alanine,valine,-,Severe,-,-,-,-,,,,,
4246,15997,c.1307C>T,13,Point,Missense,No,-,-,Bm,Ala > Val,1307,-,436,390,Serine Protease,Exon 8,p.Ala436Val,31290,Ala,Val,alanine,valine,-,Severe,-,-,<1,-,,,,,
4246,15998,c.1307C>T,13,Point,Missense,No,-,-,Bm,Ala > Val,1307,-,436,390,Serine Protease,Exon 8,p.Ala436Val,31290,Ala,Val,alanine,valine,-,Severe,-,-,<1,-,,,,,
4246,15999,c.1307C>T,13,Point,Missense,No,-,-,Bm,Ala > Val,1307,-,436,390,Serine Protease,Exon 8,p.Ala436Val,31290,Ala,Val,alanine,valine,-,Severe,-,-,<1,-,,,,,
4246,16000,c.1307C>T,13,Point,Missense,No,-,-,Bm,Ala > Val,1307,-,436,390,Serine Protease,Exon 8,p.Ala436Val,31290,Ala,Val,alanine,valine,-,Severe,-,-,<1,-,,,,,
4247,14299,c.1318A>G,5,Point,Missense,-,-,-,-,Lys > Glu,1318,-,440,394,Serine Protease,Exon 8,p.Lys440Glu,31301,Lys,Glu,lysine,glutamic acid,-,Moderate,-,-,2%,-,,,,,
4247,14300,c.1318A>G,5,Point,Missense,-,-,-,-,Lys > Glu,1318,-,440,394,Serine Protease,Exon 8,p.Lys440Glu,31301,Lys,Glu,lysine,glutamic acid,-,Severe,-,-,<1,-,,,,,
4247,14301,c.1318A>G,5,Point,Missense,-,-,-,-,Lys > Glu,1318,-,440,394,Serine Protease,Exon 8,p.Lys440Glu,31301,Lys,Glu,lysine,glutamic acid,-,Moderate,-,-,1 to 5,33%,,,,,
4247,16001,c.1318A>G,5,Point,Missense,No,-,-,-,Lys > Glu,1318,-,440,394,Serine Protease,Exon 8,p.Lys440Glu,31301,Lys,Glu,lysine,glutamic acid,-,Severe,-,-,<1,-,,,,,
4247,16002,c.1318A>G,5,Point,Missense,No,-,-,-,Lys > Glu,1318,-,440,394,Serine Protease,Exon 8,p.Lys440Glu,31301,Lys,Glu,lysine,glutamic acid,-,Severe,-,-,<1,-,,,,,
4248,14302,c.1320A>C,1,Point,Missense,-,-,-,-,Lys > Asn,1320,-,440,394,Serine Protease,Exon 8,p.Lys440Asn,31303,Lys,Asn,lysine,asparagine,-,-,-,-,-,-,,,,,
4249,14304,c.1321T>C,2,Point,Missense,-,-,-,-,Tyr > Hisis,1321,-,441,395,Serine Protease,Exon 8,p.Tyr441Hisis,31304,Tyr,Hisis,tyrosine,histidine,-,Moderate,-,-,4%,-,,,,,
4249,14305,c.1321T>C,2,Point,Missense,-,-,-,-,Tyr > Hisis,1321,-,441,395,Serine Protease,Exon 8,p.Tyr441Hisis,31304,Tyr,Hisis,tyrosine,histidine,-,-,-,-,-,-,,,,,
4250,14306,c.1322A>G,4,Point,Missense,-,-,-,-,Tyr > Cys,1322,-,441,395,Serine Protease,Exon 8,p.Tyr441Cys,31305,Tyr,Cys,tyrosine,cysteine,-,Severe,-,-,<1,-,,,,,
4250,14307,c.1322A>G,4,Point,Missense,-,-,-,-,Tyr > Cys,1322,-,441,395,Serine Protease,Exon 8,p.Tyr441Cys,31305,Tyr,Cys,tyrosine,cysteine,-,Severe,-,-,<1,-,,,,,
4250,14308,c.1322A>G,4,Point,Missense,-,-,-,-,Tyr > Cys,1322,-,441,395,Serine Protease,Exon 8,p.Tyr441Cys,31305,Tyr,Cys,tyrosine,cysteine,-,Moderate,-,-,1.30%,-,,,,,
4250,15145,c.1322A>G,4,Point,Missense,No,-,-,-,Tyr > Cys,1322,-,441,395,Serine Protease,Exon 8,p.Tyr441Cys,31305,Tyr,Cys,tyrosine,cysteine,-,Severe,-,-,-,-,,,,,
4251,14309,c.1323T>G,1,Point,Nonsense,-,-,-,-,Tyr > *,1323,-,441,395,Serine Protease,Exon 8,p.(Tyr441*),31306,Tyr,*,tyrosine,-,-,Severe,-,-,<1,<1,,,,,
4252,14310,c.1324G>A,6,Point,Missense,-,-,-,Bm[Bovine PT moderately prolonged],Gly > Arg,1324,-,442,396,Serine Protease,Exon 8,p.Gly442Arg,31307,Gly,Arg,glycine,arginine,-,Severe,-,-,<1,110%,,,,,
4252,14311,c.1324G>A,6,Point,Missense,-,-,-,Bm[Bovine PT moderately prolonged],Gly > Arg,1324,-,442,396,Serine Protease,Exon 8,p.Gly442Arg,31307,Gly,Arg,glycine,arginine,-,Moderate,-,-,1%,90%,,,,,
4252,14312,c.1324G>A,6,Point,Missense,-,-,-,Bm[Bovine PT moderately prolonged],Gly > Arg,1324,-,442,396,Serine Protease,Exon 8,p.Gly442Arg,31307,Gly,Arg,glycine,arginine,-,Severe,-,-,<1,-,,,,,
4252,14313,c.1324G>A,6,Point,Missense,-,-,-,Bm[Bovine PT moderately prolonged],Gly > Arg,1324,-,442,396,Serine Protease,Exon 8,p.Gly442Arg,31307,Gly,Arg,glycine,arginine,-,Severe,-,-,<1,90%,,,,,
4252,15146,c.1324G>A,6,Point,Missense,No,-,-,Bm[Bovine PT moderately prolonged],Gly > Arg,1324,-,442,396,Serine Protease,Exon 8,p.Gly442Arg,31307,Gly,Arg,glycine,arginine,-,Moderate,-,-,-,-,,,,,
4252,16003,c.1324G>A,6,Point,Missense,No,-,-,Bm[Bovine PT moderately prolonged],Gly > Arg,1324,-,442,396,Serine Protease,Exon 8,p.Gly442Arg,31307,Gly,Arg,glycine,arginine,-,Severe,-,-,<1,-,,,,,
4253,14314,c.1325G>A,1,Point,Missense,-,-,-,-,Gly > Glu,1325,-,442,396,Serine Protease,Exon 8,p.Gly442Glu,31308,Gly,Glu,glycine,glutamic acid,-,Severe,-,-,<1,-,,,,,
4254,14315,c.1325G>C,1,Point,Missense,-,-,-,-,Gly > Ala,1325,-,442,396,Serine Protease,Exon 8,p.Gly442Ala,31308,Gly,Ala,glycine,alanine,-,Moderate,-,-,1%,112%,,,,,
4255,14316,c.1325G>T,3,Point,Missense,-,-,-,-,Gly > Val,1325,-,442,396,Serine Protease,Exon 8,p.Gly442Val,31308,Gly,Val,glycine,valine,-,-,-,-,-,-,,,,,
4255,14317,c.1325G>T,3,Point,Missense,-,-,-,-,Gly > Val,1325,-,442,396,Serine Protease,Exon 8,p.Gly442Val,31308,Gly,Val,glycine,valine,-,-,-,-,-,-,,,,,
4255,14318,c.1325G>T,3,Point,Missense,-,-,-,-,Gly > Val,1325,-,442,396,Serine Protease,Exon 8,p.Gly442Val,31308,Gly,Val,glycine,valine,-,-,-,-,-,-,,,,,
4256,14319,c.1327A>C,1,Point,Missense,-,-,-,-,Ile > Leu,1327,-,443,397,Serine Protease,Exon 8,p.Ile443Leu,31310,Ile,Leu,isoleucine,leucine,-,Mild,-,-,20%,-,,,,,
4257,14320,c.1328T>C,103,Point,Missense,-,-,-,"Same haplotype as each other & 365-368, 379 & 380",Ile > Thr,1328,-,443,397,Serine Protease,Exon 8,p.Ile443Thr,31311,Ile,Thr,isoleucine,threonine,-,Moderate,-,-,0 to 6,-,,,,,
4257,14321,c.1328T>C,103,Point,Missense,-,-,-,"Same haplotype as each other & 365-368, 379 & 380",Ile > Thr,1328,-,443,397,Serine Protease,Exon 8,p.Ile443Thr,31311,Ile,Thr,isoleucine,threonine,-,Severe,-,-,<1,100%,,,,,
4257,14322,c.1328T>C,103,Point,Missense,-,-,-,"Same haplotype as each other & 365-368, 379 & 380",Ile > Thr,1328,-,443,397,Serine Protease,Exon 8,p.Ile443Thr,31311,Ile,Thr,isoleucine,threonine,-,Severe,-,-,<1,100%,,,,,
4257,14323,c.1328T>C,103,Point,Missense,-,-,-,"Same haplotype as each other & 365-368, 379 & 380",Ile > Thr,1328,-,443,397,Serine Protease,Exon 8,p.Ile443Thr,31311,Ile,Thr,isoleucine,threonine,-,Moderate,-,-,2%,55%,,,,,
4257,14324,c.1328T>C,103,Point,Missense,-,-,-,"Same haplotype as each other & 365-368, 379 & 380",Ile > Thr,1328,-,443,397,Serine Protease,Exon 8,p.Ile443Thr,31311,Ile,Thr,isoleucine,threonine,-,Moderate,-,-,2%,65%,,,,,
4257,14325,c.1328T>C,103,Point,Missense,-,-,-,"Same haplotype as each other & 365-368, 379 & 380",Ile > Thr,1328,-,443,397,Serine Protease,Exon 8,p.Ile443Thr,31311,Ile,Thr,isoleucine,threonine,-,Moderate,-,-,1%,73%,,,,,
4257,14326,c.1328T>C,103,Point,Missense,-,-,-,"Same haplotype as each other & 365-368, 379 & 380",Ile > Thr,1328,-,443,397,Serine Protease,Exon 8,p.Ile443Thr,31311,Ile,Thr,isoleucine,threonine,-,Moderate,-,-,4%,61%,,,,,
4257,14327,c.1328T>C,103,Point,Missense,-,-,-,"Same haplotype as each other & 365-368, 379 & 380",Ile > Thr,1328,-,443,397,Serine Protease,Exon 8,p.Ile443Thr,31311,Ile,Thr,isoleucine,threonine,-,Moderate,-,-,3%,62%,,,,,
4257,14328,c.1328T>C,103,Point,Missense,-,-,-,"Same haplotype as each other & 365-368, 379 & 380",Ile > Thr,1328,-,443,397,Serine Protease,Exon 8,p.Ile443Thr,31311,Ile,Thr,isoleucine,threonine,-,Moderate,-,-,2%,62%,,,,,
4257,14329,c.1328T>C,103,Point,Missense,-,-,-,"Same haplotype as each other & 365-368, 379 & 380",Ile > Thr,1328,-,443,397,Serine Protease,Exon 8,p.Ile443Thr,31311,Ile,Thr,isoleucine,threonine,-,Moderate,-,-,3%,70%,,,,,
4257,14330,c.1328T>C,103,Point,Missense,-,-,-,"Same haplotype as each other & 365-368, 379 & 380",Ile > Thr,1328,-,443,397,Serine Protease,Exon 8,p.Ile443Thr,31311,Ile,Thr,isoleucine,threonine,-,Moderate,-,-,4%,52%,,,,,
4257,14331,c.1328T>C,103,Point,Missense,-,-,-,"Same haplotype as each other & 365-368, 379 & 380",Ile > Thr,1328,-,443,397,Serine Protease,Exon 8,p.Ile443Thr,31311,Ile,Thr,isoleucine,threonine,-,Moderate,-,-,1%,45%,,,,,
4257,14332,c.1328T>C,103,Point,Missense,-,-,-,"Same haplotype as each other & 365-368, 379 & 380",Ile > Thr,1328,-,443,397,Serine Protease,Exon 8,p.Ile443Thr,31311,Ile,Thr,isoleucine,threonine,-,Moderate,-,-,3%,64%,,,,,
4257,14333,c.1328T>C,103,Point,Missense,-,-,-,"Same haplotype as each other & 365-368, 379 & 380",Ile > Thr,1328,-,443,397,Serine Protease,Exon 8,p.Ile443Thr,31311,Ile,Thr,isoleucine,threonine,-,Moderate,-,-,2%,75%,,,,,
4257,14334,c.1328T>C,103,Point,Missense,-,-,-,"Same haplotype as each other & 365-368, 379 & 380",Ile > Thr,1328,-,443,397,Serine Protease,Exon 8,p.Ile443Thr,31311,Ile,Thr,isoleucine,threonine,-,Moderate,-,-,5%,96%,,,,,
4257,14335,c.1328T>C,103,Point,Missense,-,-,-,"Same haplotype as each other & 365-368, 379 & 380",Ile > Thr,1328,-,443,397,Serine Protease,Exon 8,p.Ile443Thr,31311,Ile,Thr,isoleucine,threonine,-,Moderate,-,-,4%,56%,,,,,
4257,14336,c.1328T>C,103,Point,Missense,-,-,-,"Same haplotype as each other & 365-368, 379 & 380",Ile > Thr,1328,-,443,397,Serine Protease,Exon 8,p.Ile443Thr,31311,Ile,Thr,isoleucine,threonine,-,Moderate,-,-,4%,88%,,,,,
4257,14337,c.1328T>C,103,Point,Missense,-,-,-,"Same haplotype as each other & 365-368, 379 & 380",Ile > Thr,1328,-,443,397,Serine Protease,Exon 8,p.Ile443Thr,31311,Ile,Thr,isoleucine,threonine,-,Severe,-,-,<1,-,,,,,
4257,14338,c.1328T>C,103,Point,Missense,-,-,-,"Same haplotype as each other & 365-368, 379 & 380",Ile > Thr,1328,-,443,397,Serine Protease,Exon 8,p.Ile443Thr,31311,Ile,Thr,isoleucine,threonine,-,Moderate,-,-,3%,54%,,,,,
4257,14339,c.1328T>C,103,Point,Missense,-,-,-,"Same haplotype as each other & 365-368, 379 & 380",Ile > Thr,1328,-,443,397,Serine Protease,Exon 8,p.Ile443Thr,31311,Ile,Thr,isoleucine,threonine,-,Mild,-,-,8%,70%,,,,,
4257,14340,c.1328T>C,103,Point,Missense,-,-,-,"Same haplotype as each other & 365-368, 379 & 380",Ile > Thr,1328,-,443,397,Serine Protease,Exon 8,p.Ile443Thr,31311,Ile,Thr,isoleucine,threonine,-,Moderate,-,-,2%,72%,,,,,
4257,14341,c.1328T>C,103,Point,Missense,-,-,-,"Same haplotype as each other & 365-368, 379 & 380",Ile > Thr,1328,-,443,397,Serine Protease,Exon 8,p.Ile443Thr,31311,Ile,Thr,isoleucine,threonine,-,Severe,-,-,<1,27%,,,,,
4257,14342,c.1328T>C,103,Point,Missense,-,-,-,"Same haplotype as each other & 365-368, 379 & 380",Ile > Thr,1328,-,443,397,Serine Protease,Exon 8,p.Ile443Thr,31311,Ile,Thr,isoleucine,threonine,-,Mild,-,-,7%,-,,,,,
4257,14343,c.1328T>C,103,Point,Missense,-,-,-,"Same haplotype as each other & 365-368, 379 & 380",Ile > Thr,1328,-,443,397,Serine Protease,Exon 8,p.Ile443Thr,31311,Ile,Thr,isoleucine,threonine,-,Mild,-,-,8%,-,,,,,
4257,14344,c.1328T>C,103,Point,Missense,-,-,-,"Same haplotype as each other & 365-368, 379 & 380",Ile > Thr,1328,-,443,397,Serine Protease,Exon 8,p.Ile443Thr,31311,Ile,Thr,isoleucine,threonine,-,-,-,-,-,-,,,,,
4257,14345,c.1328T>C,103,Point,Missense,-,-,-,"Same haplotype as each other & 365-368, 379 & 380",Ile > Thr,1328,-,443,397,Serine Protease,Exon 8,p.Ile443Thr,31311,Ile,Thr,isoleucine,threonine,-,Moderate,-,-,3%,-,,,,,
4257,14346,c.1328T>C,103,Point,Missense,-,-,-,"Same haplotype as each other & 365-368, 379 & 380",Ile > Thr,1328,-,443,397,Serine Protease,Exon 8,p.Ile443Thr,31311,Ile,Thr,isoleucine,threonine,-,Moderate,-,-,2%,-,,,,,
4257,14347,c.1328T>C,103,Point,Missense,-,-,-,"Same haplotype as each other & 365-368, 379 & 380",Ile > Thr,1328,-,443,397,Serine Protease,Exon 8,p.Ile443Thr,31311,Ile,Thr,isoleucine,threonine,-,Mild,-,-,9%,74%,,,,,
4257,14348,c.1328T>C,103,Point,Missense,-,-,-,"Same haplotype as each other & 365-368, 379 & 380",Ile > Thr,1328,-,443,397,Serine Protease,Exon 8,p.Ile443Thr,31311,Ile,Thr,isoleucine,threonine,-,Moderate,-,-,3%,80%,,,,,
4257,14349,c.1328T>C,103,Point,Missense,-,-,-,"Same haplotype as each other & 365-368, 379 & 380",Ile > Thr,1328,-,443,397,Serine Protease,Exon 8,p.Ile443Thr,31311,Ile,Thr,isoleucine,threonine,-,Mild,-,-,12%,160%,,,,,
4257,14350,c.1328T>C,103,Point,Missense,-,-,-,"Same haplotype as each other & 365-368, 379 & 380",Ile > Thr,1328,-,443,397,Serine Protease,Exon 8,p.Ile443Thr,31311,Ile,Thr,isoleucine,threonine,-,Moderate,-,-,2%,100%,,,,,
4257,14351,c.1328T>C,103,Point,Missense,-,-,-,"Same haplotype as each other & 365-368, 379 & 380",Ile > Thr,1328,-,443,397,Serine Protease,Exon 8,p.Ile443Thr,31311,Ile,Thr,isoleucine,threonine,-,Moderate,-,-,1.50%,-,,,,,
4257,14352,c.1328T>C,103,Point,Missense,-,-,-,"Same haplotype as each other & 365-368, 379 & 380",Ile > Thr,1328,-,443,397,Serine Protease,Exon 8,p.Ile443Thr,31311,Ile,Thr,isoleucine,threonine,-,Moderate,-,-,4%,-,,,,,
4257,14353,c.1328T>C,103,Point,Missense,-,-,-,"Same haplotype as each other & 365-368, 379 & 380",Ile > Thr,1328,-,443,397,Serine Protease,Exon 8,p.Ile443Thr,31311,Ile,Thr,isoleucine,threonine,-,Moderate,-,-,3%,-,,,,,
4257,14354,c.1328T>C,103,Point,Missense,-,-,-,"Same haplotype as each other & 365-368, 379 & 380",Ile > Thr,1328,-,443,397,Serine Protease,Exon 8,p.Ile443Thr,31311,Ile,Thr,isoleucine,threonine,-,Moderate,-,-,5%,35%,,,,,
4257,14355,c.1328T>C,103,Point,Missense,-,-,-,"Same haplotype as each other & 365-368, 379 & 380",Ile > Thr,1328,-,443,397,Serine Protease,Exon 8,p.Ile443Thr,31311,Ile,Thr,isoleucine,threonine,-,Moderate,-,-,2%,62%,,,,,
4257,14356,c.1328T>C,103,Point,Missense,No,-,-,"Same haplotype as each other & 365-368, 379 & 380",Ile > Thr,1328,-,443,397,Serine Protease,Exon 8,p.Ile443Thr,31311,Ile,Thr,isoleucine,threonine,-,Mild,-,-,6%,-,,,,,
4257,14357,c.1328T>C,103,Point,Missense,No,-,-,"Same haplotype as each other & 365-368, 379 & 380",Ile > Thr,1328,-,443,397,Serine Protease,Exon 8,p.Ile443Thr,31311,Ile,Thr,isoleucine,threonine,-,Moderate,-,-,1%,46%,,,,,
4257,14358,c.1328T>C,103,Point,Missense,-,-,-,"Same haplotype as each other & 365-368, 379 & 380",Ile > Thr,1328,-,443,397,Serine Protease,Exon 8,p.Ile443Thr,31311,Ile,Thr,isoleucine,threonine,-,-,-,-,-,-,,,,,
4257,14359,c.1328T>C,103,Point,Missense,-,-,-,"Same haplotype as each other & 365-368, 379 & 380",Ile > Thr,1328,-,443,397,Serine Protease,Exon 8,p.Ile443Thr,31311,Ile,Thr,isoleucine,threonine,-,-,-,-,-,-,,,,,
4257,14360,c.1328T>C,103,Point,Missense,-,-,-,"Same haplotype as each other & 365-368, 379 & 380",Ile > Thr,1328,-,443,397,Serine Protease,Exon 8,p.Ile443Thr,31311,Ile,Thr,isoleucine,threonine,-,-,-,-,-,-,,,,,
4257,14361,c.1328T>C,103,Point,Missense,-,-,-,"Same haplotype as each other & 365-368, 379 & 380",Ile > Thr,1328,-,443,397,Serine Protease,Exon 8,p.Ile443Thr,31311,Ile,Thr,isoleucine,threonine,-,-,-,-,-,-,,,,,
4257,15210,c.1328T>C,103,Point,Missense,No,-,-,"Same haplotype as each other & 365-368, 379 & 380",Ile > Thr,1328,-,443,397,Serine Protease,Exon 8,p.Ile443Thr,31311,Ile,Thr,isoleucine,threonine,-,Moderate,-,-,-,-,,,,,
4257,15211,c.1328T>C,103,Point,Missense,No,-,-,"Same haplotype as each other & 365-368, 379 & 380",Ile > Thr,1328,-,443,397,Serine Protease,Exon 8,p.Ile443Thr,31311,Ile,Thr,isoleucine,threonine,-,Mild,-,-,-,-,,,,,
4257,15239,c.1328T>C,103,Point,Missense,-,-,-,"Same haplotype as each other & 365-368, 379 & 380",Ile > Thr,1328,-,443,397,Serine Protease,Exon 8,p.Ile443Thr,31311,Ile,Thr,isoleucine,threonine,-,-,-,-,-,-,,,,,
4257,15240,c.1328T>C,103,Point,Missense,-,-,-,"Same haplotype as each other & 365-368, 379 & 380",Ile > Thr,1328,-,443,397,Serine Protease,Exon 8,p.Ile443Thr,31311,Ile,Thr,isoleucine,threonine,-,-,-,-,-,-,,,,,
4257,15241,c.1328T>C,103,Point,Missense,-,-,-,"Same haplotype as each other & 365-368, 379 & 380",Ile > Thr,1328,-,443,397,Serine Protease,Exon 8,p.Ile443Thr,31311,Ile,Thr,isoleucine,threonine,-,-,-,-,-,-,,,,,
4257,15242,c.1328T>C,103,Point,Missense,-,-,-,"Same haplotype as each other & 365-368, 379 & 380",Ile > Thr,1328,-,443,397,Serine Protease,Exon 8,p.Ile443Thr,31311,Ile,Thr,isoleucine,threonine,-,-,-,-,-,-,,,,,
4257,15314,c.1328T>C,103,Point,Missense,-,-,-,"Same haplotype as each other & 365-368, 379 & 380",Ile > Thr,1328,-,443,397,Serine Protease,Exon 8,p.Ile443Thr,31311,Ile,Thr,isoleucine,threonine,-,-,-,-,-,-,,,,,
4257,16004,c.1328T>C,103,Point,Missense,No,-,-,"Same haplotype as each other & 365-368, 379 & 380",Ile > Thr,1328,-,443,397,Serine Protease,Exon 8,p.Ile443Thr,31311,Ile,Thr,isoleucine,threonine,-,Moderate,-,-,2%,-,,,,,
4257,16005,c.1328T>C,103,Point,Missense,No,-,-,"Same haplotype as each other & 365-368, 379 & 380",Ile > Thr,1328,-,443,397,Serine Protease,Exon 8,p.Ile443Thr,31311,Ile,Thr,isoleucine,threonine,-,Moderate,-,-,5%,-,,,,,
4257,16006,c.1328T>C,103,Point,Missense,No,-,-,"Same haplotype as each other & 365-368, 379 & 380",Ile > Thr,1328,-,443,397,Serine Protease,Exon 8,p.Ile443Thr,31311,Ile,Thr,isoleucine,threonine,-,Moderate,-,-,4%,-,,,,,
4257,16007,c.1328T>C,103,Point,Missense,No,-,-,"Same haplotype as each other & 365-368, 379 & 380",Ile > Thr,1328,-,443,397,Serine Protease,Exon 8,p.Ile443Thr,31311,Ile,Thr,isoleucine,threonine,-,Mild,-,-,6%,-,,,,,
4257,16008,c.1328T>C,103,Point,Missense,No,-,-,"Same haplotype as each other & 365-368, 379 & 380",Ile > Thr,1328,-,443,397,Serine Protease,Exon 8,p.Ile443Thr,31311,Ile,Thr,isoleucine,threonine,-,Moderate,-,-,3%,-,,,,,
4257,16009,c.1328T>C,103,Point,Missense,No,-,-,"Same haplotype as each other & 365-368, 379 & 380",Ile > Thr,1328,-,443,397,Serine Protease,Exon 8,p.Ile443Thr,31311,Ile,Thr,isoleucine,threonine,-,Moderate,-,-,1%,-,,,,,
4257,16010,c.1328T>C,103,Point,Missense,No,-,-,"Same haplotype as each other & 365-368, 379 & 380",Ile > Thr,1328,-,443,397,Serine Protease,Exon 8,p.Ile443Thr,31311,Ile,Thr,isoleucine,threonine,-,Moderate,-,-,3%,-,,,,,
4257,16011,c.1328T>C,103,Point,Missense,No,-,-,"Same haplotype as each other & 365-368, 379 & 380",Ile > Thr,1328,-,443,397,Serine Protease,Exon 8,p.Ile443Thr,31311,Ile,Thr,isoleucine,threonine,-,Mild,-,-,22%,-,,,,,
4257,16012,c.1328T>C,103,Point,Missense,No,-,-,"Same haplotype as each other & 365-368, 379 & 380",Ile > Thr,1328,-,443,397,Serine Protease,Exon 8,p.Ile443Thr,31311,Ile,Thr,isoleucine,threonine,-,Moderate,-,-,2%,-,,,,,
4257,16013,c.1328T>C,103,Point,Missense,No,-,-,"Same haplotype as each other & 365-368, 379 & 380",Ile > Thr,1328,-,443,397,Serine Protease,Exon 8,p.Ile443Thr,31311,Ile,Thr,isoleucine,threonine,-,Moderate,-,-,1%,-,,,,,
4257,16014,c.1328T>C,103,Point,Missense,No,-,-,"Same haplotype as each other & 365-368, 379 & 380",Ile > Thr,1328,-,443,397,Serine Protease,Exon 8,p.Ile443Thr,31311,Ile,Thr,isoleucine,threonine,-,Moderate,-,-,3.37%,-,,,,,
4257,16015,c.1328T>C,103,Point,Missense,No,-,-,"Same haplotype as each other & 365-368, 379 & 380",Ile > Thr,1328,-,443,397,Serine Protease,Exon 8,p.Ile443Thr,31311,Ile,Thr,isoleucine,threonine,-,Mild,-,-,11%,-,,,,,
4257,16016,c.1328T>C,103,Point,Missense,No,-,-,"Same haplotype as each other & 365-368, 379 & 380",Ile > Thr,1328,-,443,397,Serine Protease,Exon 8,p.Ile443Thr,31311,Ile,Thr,isoleucine,threonine,-,Moderate,-,-,5%,-,,,,,
4257,16017,c.1328T>C,103,Point,Missense,No,-,-,"Same haplotype as each other & 365-368, 379 & 380",Ile > Thr,1328,-,443,397,Serine Protease,Exon 8,p.Ile443Thr,31311,Ile,Thr,isoleucine,threonine,-,Moderate,-,-,3%,-,,,,,
4257,16018,c.1328T>C,103,Point,Missense,No,-,-,"Same haplotype as each other & 365-368, 379 & 380",Ile > Thr,1328,-,443,397,Serine Protease,Exon 8,p.Ile443Thr,31311,Ile,Thr,isoleucine,threonine,-,Moderate,-,-,3%,-,,,,,
4257,16019,c.1328T>C,103,Point,Missense,No,-,-,"Same haplotype as each other & 365-368, 379 & 380",Ile > Thr,1328,-,443,397,Serine Protease,Exon 8,p.Ile443Thr,31311,Ile,Thr,isoleucine,threonine,-,Moderate,-,-,1%,-,,,,,
4257,16020,c.1328T>C,103,Point,Missense,No,-,-,"Same haplotype as each other & 365-368, 379 & 380",Ile > Thr,1328,-,443,397,Serine Protease,Exon 8,p.Ile443Thr,31311,Ile,Thr,isoleucine,threonine,-,Moderate,-,-,5%,-,,,,,
4257,16021,c.1328T>C,103,Point,Missense,-,-,-,"Same haplotype as each other & 365-368, 379 & 380",Ile > Thr,1328,-,443,397,Serine Protease,Exon 8,p.Ile443Thr,31311,Ile,Thr,isoleucine,threonine,-,Moderate,-,-,2%,-,,,,,
4257,16022,c.1328T>C,103,Point,Missense,-,-,-,"Same haplotype as each other & 365-368, 379 & 380",Ile > Thr,1328,-,443,397,Serine Protease,Exon 8,p.Ile443Thr,31311,Ile,Thr,isoleucine,threonine,-,Moderate,-,-,1%,-,,,,,
4257,16023,c.1328T>C,103,Point,Missense,No,-,-,"Same haplotype as each other & 365-368, 379 & 380",Ile > Thr,1328,-,443,397,Serine Protease,Exon 8,p.Ile443Thr,31311,Ile,Thr,isoleucine,threonine,-,Moderate,-,-,2%,-,,,,,
4257,16024,c.1328T>C,103,Point,Missense,No,-,-,"Same haplotype as each other & 365-368, 379 & 380",Ile > Thr,1328,-,443,397,Serine Protease,Exon 8,p.Ile443Thr,31311,Ile,Thr,isoleucine,threonine,-,Moderate,-,-,2%,-,,,,,
4257,16025,c.1328T>C,103,Point,Missense,-,-,-,"Same haplotype as each other & 365-368, 379 & 380",Ile > Thr,1328,-,443,397,Serine Protease,Exon 8,p.Ile443Thr,31311,Ile,Thr,isoleucine,threonine,-,Moderate,-,-,3%,-,,,,,
4257,16026,c.1328T>C,103,Point,Missense,-,-,-,"Same haplotype as each other & 365-368, 379 & 380",Ile > Thr,1328,-,443,397,Serine Protease,Exon 8,p.Ile443Thr,31311,Ile,Thr,isoleucine,threonine,-,Moderate,-,-,3%,-,,,,,
4257,16027,c.1328T>C,103,Point,Missense,No,-,-,"Same haplotype as each other & 365-368, 379 & 380",Ile > Thr,1328,-,443,397,Serine Protease,Exon 8,p.Ile443Thr,31311,Ile,Thr,isoleucine,threonine,-,Mild,-,-,12.60%,-,,,,,
4257,16028,c.1328T>C,103,Point,Missense,No,-,-,"Same haplotype as each other & 365-368, 379 & 380",Ile > Thr,1328,-,443,397,Serine Protease,Exon 8,p.Ile443Thr,31311,Ile,Thr,isoleucine,threonine,-,Moderate,-,-,3%,-,,,,,
4257,16029,c.1328T>C,103,Point,Missense,No,-,-,"Same haplotype as each other & 365-368, 379 & 380",Ile > Thr,1328,-,443,397,Serine Protease,Exon 8,p.Ile443Thr,31311,Ile,Thr,isoleucine,threonine,-,Moderate,-,-,2%,-,,,,,
4257,16030,c.1328T>C,103,Point,Missense,No,-,-,"Same haplotype as each other & 365-368, 379 & 380",Ile > Thr,1328,-,443,397,Serine Protease,Exon 8,p.Ile443Thr,31311,Ile,Thr,isoleucine,threonine,-,Moderate,-,-,5%,-,,,,,
4257,16031,c.1328T>C,103,Point,Missense,-,-,-,"Same haplotype as each other & 365-368, 379 & 380",Ile > Thr,1328,-,443,397,Serine Protease,Exon 8,p.Ile443Thr,31311,Ile,Thr,isoleucine,threonine,-,Moderate,-,-,3%,-,,,,,
4257,16032,c.1328T>C,103,Point,Missense,-,-,-,"Same haplotype as each other & 365-368, 379 & 380",Ile > Thr,1328,-,443,397,Serine Protease,Exon 8,p.Ile443Thr,31311,Ile,Thr,isoleucine,threonine,-,Moderate,-,-,2%,-,,,,,
4257,16033,c.1328T>C,103,Point,Missense,No,-,-,"Same haplotype as each other & 365-368, 379 & 380",Ile > Thr,1328,-,443,397,Serine Protease,Exon 8,p.Ile443Thr,31311,Ile,Thr,isoleucine,threonine,-,Moderate,-,-,2%,-,,,,,
4257,16034,c.1328T>C,103,Point,Missense,-,-,-,"Same haplotype as each other & 365-368, 379 & 380",Ile > Thr,1328,-,443,397,Serine Protease,Exon 8,p.Ile443Thr,31311,Ile,Thr,isoleucine,threonine,-,Moderate,-,-,4%,-,,,,,
4257,16035,c.1328T>C,103,Point,Missense,No,-,-,"Same haplotype as each other & 365-368, 379 & 380",Ile > Thr,1328,-,443,397,Serine Protease,Exon 8,p.Ile443Thr,31311,Ile,Thr,isoleucine,threonine,-,Moderate,-,-,3.60%,-,,,,,
4257,16036,c.1328T>C,103,Point,Missense,No,-,-,"Same haplotype as each other & 365-368, 379 & 380",Ile > Thr,1328,-,443,397,Serine Protease,Exon 8,p.Ile443Thr,31311,Ile,Thr,isoleucine,threonine,-,Moderate,-,-,4%,-,,,,,
4257,16037,c.1328T>C,103,Point,Missense,No,-,-,"Same haplotype as each other & 365-368, 379 & 380",Ile > Thr,1328,-,443,397,Serine Protease,Exon 8,p.Ile443Thr,31311,Ile,Thr,isoleucine,threonine,-,Moderate,-,-,2%,-,,,,,
4257,16038,c.1328T>C,103,Point,Missense,No,-,-,"Same haplotype as each other & 365-368, 379 & 380",Ile > Thr,1328,-,443,397,Serine Protease,Exon 8,p.Ile443Thr,31311,Ile,Thr,isoleucine,threonine,-,Moderate,-,-,2%,-,,,,,
4257,16039,c.1328T>C,103,Point,Missense,No,-,-,"Same haplotype as each other & 365-368, 379 & 380",Ile > Thr,1328,-,443,397,Serine Protease,Exon 8,p.Ile443Thr,31311,Ile,Thr,isoleucine,threonine,-,Moderate,-,-,5%,-,,,,,
4257,16040,c.1328T>C,103,Point,Missense,No,-,-,"Same haplotype as each other & 365-368, 379 & 380",Ile > Thr,1328,-,443,397,Serine Protease,Exon 8,p.Ile443Thr,31311,Ile,Thr,isoleucine,threonine,-,Severe,-,-,<1,-,,,,,
4257,16041,c.1328T>C,103,Point,Missense,No,-,-,"Same haplotype as each other & 365-368, 379 & 380",Ile > Thr,1328,-,443,397,Serine Protease,Exon 8,p.Ile443Thr,31311,Ile,Thr,isoleucine,threonine,-,Moderate,-,-,3%,-,,,,,
4257,16042,c.1328T>C,103,Point,Missense,No,-,-,"Same haplotype as each other & 365-368, 379 & 380",Ile > Thr,1328,-,443,397,Serine Protease,Exon 8,p.Ile443Thr,31311,Ile,Thr,isoleucine,threonine,-,Moderate,-,-,1%,-,,,,,
4257,16043,c.1328T>C,103,Point,Missense,No,-,-,"Same haplotype as each other & 365-368, 379 & 380",Ile > Thr,1328,-,443,397,Serine Protease,Exon 8,p.Ile443Thr,31311,Ile,Thr,isoleucine,threonine,-,Moderate,-,-,1%,-,,,,,
4257,16044,c.1328T>C,103,Point,Missense,No,-,-,"Same haplotype as each other & 365-368, 379 & 380",Ile > Thr,1328,-,443,397,Serine Protease,Exon 8,p.Ile443Thr,31311,Ile,Thr,isoleucine,threonine,-,Moderate,-,-,5%,-,,,,,
4257,16045,c.1328T>C,103,Point,Missense,No,-,-,"Same haplotype as each other & 365-368, 379 & 380",Ile > Thr,1328,-,443,397,Serine Protease,Exon 8,p.Ile443Thr,31311,Ile,Thr,isoleucine,threonine,-,Moderate,-,-,2%,-,,,,,
4257,16046,c.1328T>C,103,Point,Missense,No,-,-,"Same haplotype as each other & 365-368, 379 & 380",Ile > Thr,1328,-,443,397,Serine Protease,Exon 8,p.Ile443Thr,31311,Ile,Thr,isoleucine,threonine,-,Mild,-,-,11%,-,,,,,
4257,16047,c.1328T>C,103,Point,Missense,No,-,-,"Same haplotype as each other & 365-368, 379 & 380",Ile > Thr,1328,-,443,397,Serine Protease,Exon 8,p.Ile443Thr,31311,Ile,Thr,isoleucine,threonine,-,Moderate,-,-,2%,-,,,,,
4257,16048,c.1328T>C,103,Point,Missense,No,-,-,"Same haplotype as each other & 365-368, 379 & 380",Ile > Thr,1328,-,443,397,Serine Protease,Exon 8,p.Ile443Thr,31311,Ile,Thr,isoleucine,threonine,-,Mild,-,-,8%,-,,,,,
4257,16049,c.1328T>C,103,Point,Missense,No,-,-,"Same haplotype as each other & 365-368, 379 & 380",Ile > Thr,1328,-,443,397,Serine Protease,Exon 8,p.Ile443Thr,31311,Ile,Thr,isoleucine,threonine,-,Severe,-,-,<1,-,,,,,
4257,16050,c.1328T>C,103,Point,Missense,No,-,-,"Same haplotype as each other & 365-368, 379 & 380",Ile > Thr,1328,-,443,397,Serine Protease,Exon 8,p.Ile443Thr,31311,Ile,Thr,isoleucine,threonine,-,Mild,-,-,10%,-,,,,,
4257,16051,c.1328T>C,103,Point,Missense,No,-,-,"Same haplotype as each other & 365-368, 379 & 380",Ile > Thr,1328,-,443,397,Serine Protease,Exon 8,p.Ile443Thr,31311,Ile,Thr,isoleucine,threonine,-,Moderate,-,-,3%,-,,,,,
4257,16052,c.1328T>C,103,Point,Missense,-,-,-,"Same haplotype as each other & 365-368, 379 & 380",Ile > Thr,1328,-,443,397,Serine Protease,Exon 8,p.Ile443Thr,31311,Ile,Thr,isoleucine,threonine,-,Moderate,-,-,3%,-,,,,,
4257,16053,c.1328T>C,103,Point,Missense,No,-,-,"Same haplotype as each other & 365-368, 379 & 380",Ile > Thr,1328,-,443,397,Serine Protease,Exon 8,p.Ile443Thr,31311,Ile,Thr,isoleucine,threonine,-,Moderate,-,-,1%,-,,,,,
4257,16054,c.1328T>C,103,Point,Missense,No,-,-,"Same haplotype as each other & 365-368, 379 & 380",Ile > Thr,1328,-,443,397,Serine Protease,Exon 8,p.Ile443Thr,31311,Ile,Thr,isoleucine,threonine,-,Moderate,-,-,2%,-,,,,,
4257,16055,c.1328T>C,103,Point,Missense,No,-,-,"Same haplotype as each other & 365-368, 379 & 380",Ile > Thr,1328,-,443,397,Serine Protease,Exon 8,p.Ile443Thr,31311,Ile,Thr,isoleucine,threonine,-,Moderate,-,-,2%,-,,,,,
4257,16056,c.1328T>C,103,Point,Missense,No,-,-,"Same haplotype as each other & 365-368, 379 & 380",Ile > Thr,1328,-,443,397,Serine Protease,Exon 8,p.Ile443Thr,31311,Ile,Thr,isoleucine,threonine,-,Moderate,-,-,3%,-,,,,,
4257,16057,c.1328T>C,103,Point,Missense,No,-,-,"Same haplotype as each other & 365-368, 379 & 380",Ile > Thr,1328,-,443,397,Serine Protease,Exon 8,p.Ile443Thr,31311,Ile,Thr,isoleucine,threonine,-,Moderate,-,-,2%,-,,,,,
4258,14362,c.1330T>C,1,Point,Missense,-,-,-,Type II,Tyr > His,1330,-,444,398,Serine Protease,Exon 8,p.Tyr444His,31313,Tyr,His,tyrosine,histidine,-,Moderate,-,-,4.60%,58%,,,,,
4259,14363,c.1331A>C,2,Point,Missense,-,-,-,-,Tyr > Ser,1331,-,444,398,Serine Protease,Exon 8,p.Tyr444Ser,31314,Tyr,Ser,tyrosine,serine,-,-,-,-,-,-,,,,,
4259,14364,c.1331A>C,2,Point,Missense,-,-,-,-,Tyr > Ser,1331,-,444,398,Serine Protease,Exon 8,p.Tyr444Ser,31314,Tyr,Ser,tyrosine,serine,-,-,-,-,-,-,,,,,
4260,14365,c.1334C>A,2,Point,Missense,-,-,-,-,Thr > Asn,1334,-,445,399,Serine Protease,Exon 8,p.Thr445Asn,31317,Thr,Asn,threonine,asparagine,-,-,-,-,-,-,,,,,
4260,15284,c.1334C>A,2,Point,Missense,-,-,-,-,Thr > Asn,1334,-,445,399,Serine Protease,Exon 8,p.Thr445Asn,31317,Thr,Asn,threonine,asparagine,-,Mild,-,-,15%,-,,,,,
4261,14366,c.1334C>T,1,Point,Missense,-,-,-,-,Thr > Ile,1334,-,445,399,Serine Protease,Exon 8,p.Thr445Ile,31317,Thr,Ile,threonine,isoleucine,-,Mild,-,-,14%,-,,,,,
4262,14367,c.1338G>C,2,Point,Missense,-,-,-,double with,Lys > Asn,1338,-,446,400,Serine Protease,Exon 8,p.Lys446Asn,31321,Lys,Asn,lysine,asparagine,-,Mild,-,-,12%,-,,,,,
4262,16058,c.1338G>C,2,Point,Missense,No,-,-,double with,Lys > Asn,1338,-,446,400,Serine Protease,Exon 8,p.Lys446Asn,31321,Lys,Asn,lysine,asparagine,-,Mild,-,-,12%,-,,,,,
4263,14368,c.1340T>A,1,Point,Missense,-,-,-,-,Val > Glu,1340,-,447,401,Serine Protease,Exon 8,p.Val447Glu,31323,Val,Glu,valine,glutamic acid,-,Severe,-,-,<1,-,,,,,
4264,14369,c.1342delT,1,Deletion,Frameshift,-,-,-,-,Ser448fs,1342,-,448,402,Serine Protease,Exon 8,p.(Ser448Profs*35),31325,Ser448fs,-,serine,-,-,Mild,-,-,8%,-,,,,,
4265,14370,c.1343C>T,2,Point,Missense,-,-,-,-,Ser > Phe,1343,-,448,402,Serine Protease,Exon 8,p.Ser448Phe,31326,Ser,Phe,serine,phenylalanine,-,Mild,-,-,8%,-,,,,,
4265,14371,c.1343C>T,2,Point,Missense,-,-,-,-,Ser > Phe,1343,-,448,402,Serine Protease,Exon 8,p.Ser448Phe,31326,Ser,Phe,serine,phenylalanine,-,Mild,-,-,8%,-,,,,,
4266,14372,c.1343C>A,1,Point,Missense,-,-,-,-,Ser > Tyr,1343,-,448,402,Serine Protease,Exon 8,p.Ser448Tyr,31326,Ser,Tyr,serine,tyrosine,-,Mild,-,-,7%,-,,,,,
4267,14373,c.1345C>T,19,Point,Missense,-,0.000039096,-,"Double (see 30,972)",Arg > Trp,1345,-,449,403,Serine Protease,Exon 8,p.Arg449Trp,31328,Arg,Trp,arginine,tryptophan,-,-,-,-,-,-,,,,,
4267,14374,c.1345C>T,19,Point,Missense,-,0.000039096,-,"Double (see 30,972)",Arg > Trp,1345,-,449,403,Serine Protease,Exon 8,p.Arg449Trp,31328,Arg,Trp,arginine,tryptophan,-,Mild,-,-,-,-,,,,,
4267,14375,c.1345C>T,19,Point,Missense,-,0.000039096,-,"Double (see 30,972)",Arg > Trp,1345,-,449,403,Serine Protease,Exon 8,p.Arg449Trp,31328,Arg,Trp,arginine,tryptophan,-,Mild,-,-,32%,-,,,,,
4267,14376,c.1345C>T,19,Point,Missense,-,0.000039096,-,"Double (see 30,972)",Arg > Trp,1345,-,449,403,Serine Protease,Exon 8,p.Arg449Trp,31328,Arg,Trp,arginine,tryptophan,-,Mild,-,-,33%,-,,,,,
4267,14377,c.1345C>T,19,Point,Missense,-,0.000039096,-,"Double (see 30,972)",Arg > Trp,1345,-,449,403,Serine Protease,Exon 8,p.Arg449Trp,31328,Arg,Trp,arginine,tryptophan,-,Mild,-,-,19%,-,,,,,
4267,14378,c.1345C>T,19,Point,Missense,-,0.000039096,-,"Double (see 30,972)",Arg > Trp,1345,-,449,403,Serine Protease,Exon 8,p.Arg449Trp,31328,Arg,Trp,arginine,tryptophan,-,-,-,-,-,-,,,,,
4267,14379,c.1345C>T,19,Point,Missense,-,0.000039096,-,"Double (see 30,972)",Arg > Trp,1345,-,449,403,Serine Protease,Exon 8,p.Arg449Trp,31328,Arg,Trp,arginine,tryptophan,-,Mild,-,-,19%,-,,,,,
4267,14380,c.1345C>T,19,Point,Missense,-,0.000039096,-,"Double (see 30,972)",Arg > Trp,1345,-,449,403,Serine Protease,Exon 8,p.Arg449Trp,31328,Arg,Trp,arginine,tryptophan,-,Mild,-,-,23%,-,,,,,
4267,14381,c.1345C>T,19,Point,Missense,-,0.000039096,-,"Double (see 30,972)",Arg > Trp,1345,-,449,403,Serine Protease,Exon 8,p.Arg449Trp,31328,Arg,Trp,arginine,tryptophan,-,Mild,-,-,28%,-,,,,,
4267,14382,c.1345C>T,19,Point,Missense,-,0.000039096,-,"Double (see 30,972)",Arg > Trp,1345,-,449,403,Serine Protease,Exon 8,p.Arg449Trp,31328,Arg,Trp,arginine,tryptophan,-,Mild,-,-,35%,-,,,,,
4267,14383,c.1345C>T,19,Point,Missense,-,0.000039096,-,"Double (see 30,972)",Arg > Trp,1345,-,449,403,Serine Protease,Exon 8,p.Arg449Trp,31328,Arg,Trp,arginine,tryptophan,-,Mild,-,-,33%,-,,,,,
4267,14384,c.1345C>T,19,Point,Missense,-,0.000039096,-,"Double (see 30,972)",Arg > Trp,1345,-,449,403,Serine Protease,Exon 8,p.Arg449Trp,31328,Arg,Trp,arginine,tryptophan,-,-,-,-,-,-,,,,,
4267,14385,c.1345C>T,19,Point,Missense,-,0.000039096,-,"Double (see 30,972)",Arg > Trp,1345,-,449,403,Serine Protease,Exon 8,p.Arg449Trp,31328,Arg,Trp,arginine,tryptophan,-,Mild,-,-,25%,-,,,,,
4267,14386,c.1345C>T,19,Point,Missense,-,0.000039096,-,"Double (see 30,972)",Arg > Trp,1345,-,449,403,Serine Protease,Exon 8,p.Arg449Trp,31328,Arg,Trp,arginine,tryptophan,-,Mild,-,-,40%,-,,,,,
4267,15285,c.1345C>T,19,Point,Missense,-,0.000039096,-,"Double (see 30,972)",Arg > Trp,1345,-,449,403,Serine Protease,Exon 8,p.Arg449Trp,31328,Arg,Trp,arginine,tryptophan,-,Mild,-,-,41%,-,,,,,
4267,15307,c.1345C>T,19,Point,Missense,-,0.000039096,-,"Double (see 30,972)",Arg > Trp,1345,-,449,403,Serine Protease,Exon 8,p.Arg449Trp,31328,Arg,Trp,arginine,tryptophan,-,Mild,-,-,13%,-,,,,,
4267,15308,c.1345C>T,19,Point,Missense,-,0.000039096,-,"Double (see 30,972)",Arg > Trp,1345,-,449,403,Serine Protease,Exon 8,p.Arg449Trp,31328,Arg,Trp,arginine,tryptophan,-,Mild,-,-,34%,-,,,,,
4267,16059,c.1345C>T,19,Point,Missense,No,0.000039096,-,"Double (see 30,972)",Arg > Trp,1345,-,449,403,Serine Protease,Exon 8,p.Arg449Trp,31328,Arg,Trp,arginine,tryptophan,-,Mild,-,-,32%,-,,,,,
4267,16060,c.1345C>T,19,Point,Missense,No,0.000039096,-,"Double (see 30,972)",Arg > Trp,1345,-,449,403,Serine Protease,Exon 8,p.Arg449Trp,31328,Arg,Trp,arginine,tryptophan,-,Mild,-,-,35%,-,,,,,
4268,14387,c.1346G>A,7,Point,Missense,-,0.000082032,-,-,Arg > Gln,1346,-,449,403,Serine Protease,Exon 8,p.Arg449Gln,31329,Arg,Gln,arginine,glutamine,-,Mild,-,-,30%,60%,,,,,
4268,14388,c.1346G>A,7,Point,Missense,-,0.000082032,-,-,Arg > Gln,1346,-,449,403,Serine Protease,Exon 8,p.Arg449Gln,31329,Arg,Gln,arginine,glutamine,-,Mild,-,-,29%,-,,,,,
4268,14389,c.1346G>A,7,Point,Missense,-,0.000082032,-,-,Arg > Gln,1346,-,449,403,Serine Protease,Exon 8,p.Arg449Gln,31329,Arg,Gln,arginine,glutamine,-,Mild,-,-,12%,-,,,,,
4268,14390,c.1346G>A,7,Point,Missense,-,0.000082032,-,-,Arg > Gln,1346,-,449,403,Serine Protease,Exon 8,p.Arg449Gln,31329,Arg,Gln,arginine,glutamine,-,Mild,-,-,48%,185%,,,,,
4268,14391,c.1346G>A,7,Point,Missense,-,0.000082032,-,-,Arg > Gln,1346,-,449,403,Serine Protease,Exon 8,p.Arg449Gln,31329,Arg,Gln,arginine,glutamine,-,Mild,-,-,25%,132%,,,,,
4268,14392,c.1346G>A,7,Point,Missense,-,0.000082032,-,-,Arg > Gln,1346,-,449,403,Serine Protease,Exon 8,p.Arg449Gln,31329,Arg,Gln,arginine,glutamine,-,Mild,-,-,29%,-,,,,,
4268,14393,c.1346G>A,7,Point,Missense,-,0.000082032,-,-,Arg > Gln,1346,-,449,403,Serine Protease,Exon 8,p.Arg449Gln,31329,Arg,Gln,arginine,glutamine,-,Mild,-,-,33%,101%,,,,,
4269,14394,c.1347delG,1,Deletion,Frameshift,-,-,-,Frameshift,Arg449fs,1347,-,449,403,Serine Protease,Exon 8,p.(Arg449fs*?),31330,Arg449fs,-,arginine,-,-,Severe,-,-,<1,-,,,,,
4270,14395,c.1348T>C,2,Point,Missense,-,-,-,-,Tyr > Hisis,1348,-,450,404,Serine Protease,Exon 8,p.Tyr450Hisis,31331,Tyr,Hisis,tyrosine,histidine,-,Moderate,-,-,4%,-,,,,,
4270,14396,c.1348T>C,2,Point,Missense,-,-,-,-,Tyr > Hisis,1348,-,450,404,Serine Protease,Exon 8,p.Tyr450Hisis,31331,Tyr,Hisis,tyrosine,histidine,-,Mild,-,-,7%,162%,,,,,
4271,14397,c.1349A>G,5,Point,Missense,-,-,-,-,Tyr > Cys,1349,-,450,404,Serine Protease,Exon 8,p.Tyr450Cys,31332,Tyr,Cys,tyrosine,cysteine,-,-,-,-,-,-,,,,,
4271,14398,c.1349A>G,5,Point,Missense,-,-,-,-,Tyr > Cys,1349,-,450,404,Serine Protease,Exon 8,p.Tyr450Cys,31332,Tyr,Cys,tyrosine,cysteine,-,-,-,-,-,-,,,,,
4271,14399,c.1349A>G,5,Point,Missense,No,-,-,-,Tyr > Cys,1349,-,450,404,Serine Protease,Exon 8,p.Tyr450Cys,31332,Tyr,Cys,tyrosine,cysteine,-,Severe,-,-,<1,<1,,,,,
4271,16061,c.1349A>G,5,Point,Missense,No,-,-,-,Tyr > Cys,1349,-,450,404,Serine Protease,Exon 8,p.Tyr450Cys,31332,Tyr,Cys,tyrosine,cysteine,-,Severe,-,-,<1,-,,,,,
4271,16062,c.1349A>G,5,Point,Missense,No,-,-,-,Tyr > Cys,1349,-,450,404,Serine Protease,Exon 8,p.Tyr450Cys,31332,Tyr,Cys,tyrosine,cysteine,-,Severe,-,-,<1,-,,,,,
4272,14400,c.1351G>T,2,Point,Missense,-,-,-,-,Val > Phe,1351,-,451,405,Serine Protease,Exon 8,p.Val451Phe,31334,Val,Phe,valine,phenylalanine,-,Mild,-,-,23%,26%,,,,,
4272,16063,c.1351G>T,2,Point,Missense,No,-,-,-,Val > Phe,1351,-,451,405,Serine Protease,Exon 8,p.Val451Phe,31334,Val,Phe,valine,phenylalanine,-,Mild,-,-,11%,-,,,,,
4273,14401,c.1357T>A,3,Point,Missense,-,-,-,-,Trp > Arg,1357,-,453,407,Serine Protease,Exon 8,p.Trp453Arg,31340,Trp,Arg,tryptophan,arginine,-,Severe,-,-,<1,-,,,,,
4273,14402,c.1357T>A,3,Point,Missense,-,-,-,-,Trp > Arg,1357,-,453,407,Serine Protease,Exon 8,p.Trp453Arg,31340,Trp,Arg,tryptophan,arginine,-,Severe,-,-,<1,<1,,,,,
4273,14403,c.1357T>A,3,Point,Missense,-,-,-,-,Trp > Arg,1357,-,453,407,Serine Protease,Exon 8,p.Trp453Arg,31340,Trp,Arg,tryptophan,arginine,-,Severe,-,-,<1,-,,,,,
4274,14404,c.1357T>C,5,Point,Missense,-,-,-,-,Trp > Arg,1357,-,453,407,Serine Protease,Exon 8,p.Trp453Arg,31340,Trp,Arg,tryptophan,arginine,-,Moderate,-,-,1%,-,,,,,
4274,14405,c.1357T>C,5,Point,Missense,-,-,-,-,Trp > Arg,1357,-,453,407,Serine Protease,Exon 8,p.Trp453Arg,31340,Trp,Arg,tryptophan,arginine,-,Severe,-,-,<1,2%,,,,,
4274,14406,c.1357T>C,5,Point,Missense,-,-,-,-,Trp > Arg,1357,-,453,407,Serine Protease,Exon 8,p.Trp453Arg,31340,Trp,Arg,tryptophan,arginine,-,-,-,-,-,-,,,,,
4274,14407,c.1357T>C,5,Point,Missense,-,-,-,-,Trp > Arg,1357,-,453,407,Serine Protease,Exon 8,p.Trp453Arg,31340,Trp,Arg,tryptophan,arginine,-,-,-,-,-,-,,,,,
4274,14408,c.1357T>C,5,Point,Missense,-,-,-,-,Trp > Arg,1357,-,453,407,Serine Protease,Exon 8,p.Trp453Arg,31340,Trp,Arg,tryptophan,arginine,-,-,-,-,-,-,,,,,
4275,14409,c.1358G>A,2,Point,Nonsense,-,-,-,-,Trp > *,1358,-,453,407,Serine Protease,Exon 8,p.(Trp453*),31341,Trp,*,tryptophan,-,-,-,-,-,-,-,,,,,
4275,15215,c.1358G>A,2,Point,Nonsense,No,-,-,-,Trp > *,1358,-,453,407,Serine Protease,Exon 8,p.(Trp453*),31341,Trp,*,tryptophan,-,-,Severe,-,-,-,-,,,,,
4276,14410,c.1358G>T,1,Point,Missense,-,-,-,-,Trp > Leu,1358,-,453,407,Serine Protease,Exon 8,p.Trp453Leu,31341,Trp,Leu,tryptophan,leucine,-,-,-,-,-,-,,,,,
4277,14411,c.1359G>A,6,Point,Nonsense,-,-,-,-,Trp > *,1359,-,453,407,Serine Protease,Exon 8,p.(Trp453*),31342,Trp,*,tryptophan,-,-,Severe,-,-,<1,<1,,,,,
4277,14412,c.1359G>A,6,Point,Nonsense,-,-,-,-,Trp > *,1359,-,453,407,Serine Protease,Exon 8,p.(Trp453*),31342,Trp,*,tryptophan,-,-,Severe,-,-,<1,<1,,,,,
4277,14413,c.1359G>A,6,Point,Nonsense,-,-,-,-,Trp > *,1359,-,453,407,Serine Protease,Exon 8,p.(Trp453*),31342,Trp,*,tryptophan,-,-,Mild,-,-,51%,-,,,,,
4277,15328,c.1359G>A,6,Point,Nonsense,-,-,-,-,Trp > *,1359,-,453,407,Serine Protease,Exon 8,p.(Trp453*),31342,Trp,*,tryptophan,-,-,Severe,-,-,<1,<1,,,,,
4277,15335,c.1359G>A,6,Point,Nonsense,-,-,-,-,Trp > *,1359,-,453,407,Serine Protease,Exon 8,p.(Trp453*),31342,Trp,*,tryptophan,-,-,-,-,-,-,-,,,,,
4277,16157,c.1359G>A,6,Point,Nonsense,No,-,-,-,Trp > *,1359,-,453,407,Serine Protease,Exon 8,p.(Trp453*),31342,Trp,*,tryptophan,-,-,Severe,-,-,<1,-,,,,,
4278,14414,c.1359G>C,1,Point,Missense,-,-,-,-,Trp > Cys,1359,-,453,407,Serine Protease,Exon 8,p.Trp453Cys,31342,Trp,Cys,tryptophan,cysteine,-,Mild,-,-,6%,-,,,,,
4279,14415,c.1361T>A,1,Point,Missense,-,-,-,-,Ile > Asn,1361,-,454,408,Serine Protease,Exon 8,p.Ile454Asn,31344,Ile,Asn,isoleucine,asparagine,-,Severe,-,-,-,-,,,,,
4280,14416,c.1361T>C,3,Point,Missense,-,-,-,-,Ile > Thr,1361,-,454,408,Serine Protease,Exon 8,p.Ile454Thr,31344,Ile,Thr,isoleucine,threonine,-,Moderate,-,-,1%,1%,,,,,
4280,14417,c.1361T>C,3,Point,Missense,-,-,-,-,Ile > Thr,1361,-,454,408,Serine Protease,Exon 8,p.Ile454Thr,31344,Ile,Thr,isoleucine,threonine,-,Severe,-,-,<1,-,,,,,
4280,14418,c.1361T>C,3,Point,Missense,-,-,-,-,Ile > Thr,1361,-,454,408,Serine Protease,Exon 8,p.Ile454Thr,31344,Ile,Thr,isoleucine,threonine,-,Severe,-,-,<1,-,,,,,
4281,12172,c.260T>G,6,Point,Missense,-,-,-,-,Phe > Cys,260,-,87,41,Gla,Exon 3,p.Phe87Cys,6685,Phe,Cys,phenylalanine,cysteine,-,-,-,-,-,-,,,,,
4281,12173,c.260T>G,6,Point,Missense,-,-,-,-,Phe > Cys,260,-,87,41,Gla,Exon 3,p.Phe87Cys,6685,Phe,Cys,phenylalanine,cysteine,-,Severe,-,-,<1,-,,,,,
4281,12174,c.260T>G,6,Point,Missense,-,-,-,-,Phe > Cys,260,-,87,41,Gla,Exon 3,p.Phe87Cys,6685,Phe,Cys,phenylalanine,cysteine,-,Severe,-,-,<1,-,,,,,
4281,12175,c.260T>G,6,Point,Missense,-,-,-,-,Phe > Cys,260,-,87,41,Gla,Exon 3,p.Phe87Cys,6685,Phe,Cys,phenylalanine,cysteine,-,Moderate,-,-,1.50%,-,,,,,
4281,12176,c.260T>G,6,Point,Missense,No,-,-,-,Phe > Cys,260,-,87,41,Gla,Exon 3,p.Phe87Cys,6685,Phe,Cys,phenylalanine,cysteine,-,Severe,-,-,<1,-,,,,,
4281,14419,c.260T>G,6,Point,Missense,-,-,-,-,Phe > Cys,260,-,87,41,Gla,Exon 3,p.Phe87Cys,6685,Phe,Cys,phenylalanine,cysteine,-,Moderate,-,-,-,-,,,,,
4282,14420,c.1364G>T,1,Point,Nonsense,-,-,-,-,Glu > *,1364,-,456,410,Serine Protease,Exon 8,p.(Glu456*),31347,Glu,*,glutamic acid,-,-,-,-,-,-,-,,,,,
4283,14421,c.1369A>T,2,Point,Nonsense,-,-,-,-,Lys > *,1369,-,457,411,Serine Protease,Exon 8,p.(Lys457*),31352,Lys,*,lysine,-,-,Severe,-,-,<1,<1,,,,,
4283,16158,c.1369A>T,2,Point,Nonsense,No,-,-,-,Lys > *,1369,-,457,411,Serine Protease,Exon 8,p.(Lys457*),31352,Lys,*,lysine,-,-,Severe,-,-,<1,-,,,,,
4284,14422,c.1373C>A,2,Point,Missense,-,-,-,De novo in mother (30),Thr > Lys,1373,-,458,412,Serine Protease,Exon 8,p.Thr458Lys,31356,Thr,Lys,threonine,lysine,-,Moderate,-,-,3%,1%,,,,,
4284,14423,c.1373C>A,2,Point,Missense,-,-,-,De novo in mother (30),Thr > Lys,1373,-,458,412,Serine Protease,Exon 8,p.Thr458Lys,31356,Thr,Lys,threonine,lysine,-,-,-,-,-,-,,,,,
4286,14445,c.*1478T>C,2,Point,-,-,-,-,-,-,,-,,,-,3' UTR,N/A,32847,-,-,-,-,-,Moderate,-,-,1%,-,,,,,
4286,14942,c.*1478T>C,2,Point,-,-,-,-,-,-,,-,,,-,3' UTR,N/A,32847,-,-,-,-,-,-,-,-,-,-,,,,,
4287,14446,g.ins?,1,Insertion,Frameshift,-,-,-,Insertion in exon d,-,,-,,,-,Exon 4,p.(?),,-,-,-,-,-,-,-,-,-,-,,,,,
4288,14447,Alu Ins,1,Insertion,Frameshift,-,-,-,Alu insertion,-,,-,,,-,-,p.(?),,-,-,-,-,-,Severe,-,-,-,-,,,,,
4289,14448,c.425_426ins(322),1,Insertion,Frameshift,-,-,-,Insertion at 17688,-,425,-,142,96,EGF2,Exon 5,p.(?),17688,-,-,-,-,-,-,-,-,-,-,,,,,
4290,14449,c.51_52dup,1,Insertion,Frameshift,-,-,-,Frameshift,Cys > Serfs,51,-,18,-29,Signal Peptide,Exon 1,p.(Cys18Serfs*4),81,Cys,Serfs,cysteine,-,-,-,-,-,-,-,,,,,
4291,14450,c.81_82dup,1,Duplication,Frameshift,-,-,-,Frameshift,Cys > Thrfs,81,-,28,-19,Propeptide,Exon 1,p.(Cys28Tyrfs*15),113,Cys,Thrfs,cysteine,-,-,Severe,-,-,<1,<1,,,,,
4292,14451,c.247dup,1,Duplication,Frameshift,-,-,-,Frameshift,Arg83fs*4,247,-,83,37,Gla,Exon 2,p.(Arg83Lysfs*4),6484,Arg83fs*4,-,arginine,-,-,Severe,-,-,<1,-,,,,,
4293,14452,c.235_236insGG,1,Insertion,Frameshift,-,-,-,Frameshift,Glu79fs,235,-,79,33,Gla,Exon 2,p.(Glu79Glyfs*26),6472,Glu79fs,-,glutamic acid,-,-,-,-,-,-,-,,,,,
4294,14453,c.219dup,1,Duplication,Frameshift,-,-,-,Frameshift,Ala74fs,219,-,74,28,Gla,Exon 2,p.(Ala74Serfs*6),6456,Ala74fs,-,alanine,-,-,-,-,-,-,<1,,,,,
4295,14454,c.133_134insT,1,Insertion,Frameshift,No,-,-,Frameshift,Lys45fs,133,-,45,-2,Propeptide,Exon 2,p.(Lys45Ilefs*4),6370,Lys45fs,-,lysine,-,-,Severe,-,-,<1,<1,,,,,
4296,14455,c.418dup,1,Duplication,Frameshift,-,-,-,Frameshift,Arg140fs,418,-,140,94,EGF2,Exon 5,p.(Arg140Lysfs*7),17695,Arg140fs,-,arginine,-,-,Moderate,-,-,1%,-,,,,,
4297,14456,c.440dupA,2,Duplication,Frameshift,-,-,-,Frameshift,Asn147fs,440,-,147,101,EGF2,Exon 5,p.(Asn147Lysfs*2),17717,Asn147fs,-,asparagine,-,-,Severe,-,-,<1,-,,,,,
4297,14457,c.440dupA,2,Duplication,Frameshift,-,-,-,Frameshift,Asn147fs,440,-,147,101,EGF2,Exon 5,p.(Asn147Lysfs*2),17717,Asn147fs,-,asparagine,-,-,Severe,-,-,<1,-,,,,,
4298,14458,c.450_451insTT,1,Insertion,Frameshift,-,-,-,Frameshift,Asn151fs,450,-,151,105,EGF2,Exon 5,p.(Asn151Leufs*53),17727,Asn151fs,-,asparagine,-,-,Severe,-,-,<1,<1,,,,,
4299,14459,c.453dup,1,Duplication,Frameshift,-,-,-,Frameshift,Lys152fs,453,-,152,106,EGF2,Exon 5,p.(Asn151Glnfs*8),17730,Lys152fs,-,lysine,-,-,Severe,-,-,<1,-,,,,,
4300,14460,c.465_470dup,1,Duplication,Inframe,-,-,-,Novel insertion in pakistani patient,Cysfs,465,-,155,109,EGF2,Exon 5,p.(Ser156_Cys157insCysSer),17743,Cysfs,-,cysteine,-,-,-,-,-,-,-,,,,,
4301,14461,c.470_495dupGTACTGAGG GATATCGACTTGCAGAA,1,Duplication,Frameshift,-,-,-,Frameshift,Asn > *,470,-,166,120,EGF2,Exon 5,p.(Asn166Valfs*45),17748,Asn,*,asparagine,-,-,Severe,-,-,<1,<1,,,,,
4302,14462,c.487dup,1,Duplication,Frameshift,-,-,-,"Frameshift, de novo in",Leu163fs,487,-,163,117,EGF2,Exon 5,p.(Leu163Profs*9),17764,Leu163fs,-,leucine,-,-,Severe,-,-,<1,-,,,,,
4303,14463,c.499dup,1,Duplication,Frameshift,-,-,-,Frameshift,Asn167fs,499,-,167,121,EGF2,Exon 5,p.(Gln167Profs*5),17774,Asn167fs,-,asparagine,-,-,-,-,-,-,-,,,,,
4304,14464,c.681dup,1,Duplication,Frameshift,-,-,-,Frameshift,Val228fs,681,-,228,182,Serine Protease,Exon 6,p.(Val228fsCys*20),20523,Val228fs,-,valine,-,-,Severe,-,-,-,-,,,,,
4305,14465,c.684dup,1,Duplication,Frameshift,-,-,-,Frameshift,Gly229fs,684,-,229,183,Serine Protease,Exon 6,p.(Gly229fsTrp*19),20526,Gly229fs,-,glycine,-,-,Moderate,-,-,3%,-,,,,,
4306,14466,c.789_790insT,1,Insertion,Frameshift,-,-,-,Frameshift,Val264fs,789,-,264,218,Serine Protease,Exon 7,p.(Thr264Tyrfs*7),30104,Val264fs,-,valine,-,-,Severe,-,-,<1,-,,,,,
4307,14468,c.837dup,1,Duplication,Frameshift,-,-,-,Frameshift,Gly280fs,837,-,280,234,Serine Protease,Exon 7,p.(Gly280Argfs*2),30152,Gly280fs,-,glycine,-,-,Severe,-,-,<1,<1,,,,,
4308,14469,c.839-20dup,6,Duplication,-,-,-,-,-,-,839,-,,,-,Intron 7,N/A,30802,-,-,-,-,-,-,-,-,-,-,,,,,
4308,14470,c.839-20dup,6,Duplication,-,-,-,-,-,-,839,-,,,-,Intron 7,N/A,30802,-,-,-,-,-,Moderate,-,-,1.5 to 2,-,,,,,
4308,14471,c.839-20dup,6,Duplication,-,-,-,-,-,-,839,-,,,-,Intron 7,N/A,30802,-,-,-,-,-,-,-,-,-,-,,,,,
4308,14472,c.839-20dup,6,Duplication,-,-,-,-,-,-,839,-,,,-,Intron 7,N/A,30802,-,-,-,-,-,-,-,-,-,-,,,,,
4308,14473,c.839-20dup,6,Duplication,-,-,-,-,-,-,839,-,,,-,Intron 7,N/A,30802,-,-,-,-,-,-,-,-,-,-,,,,,
4308,14474,c.839-20dup,6,Duplication,-,-,-,-,-,-,839,-,,,-,Intron 7,N/A,30802,-,-,-,-,-,Moderate,-,-,3%,119%,,,,,
4309,14475,c.948dup,1,Duplication,Frameshift,-,-,-,Frameshift,Ala317fs,948,-,317,271,Serine Protease,Exon 8,p.(Ala317Cysfs*22),30930,Ala317fs,-,alanine,-,-,Severe,-,-,<1,-,,,,,
4310,14476,c.946_953dup,1,Duplication,Frameshift,-,-,-,-,Glu > Profs,946,-,320,274,Serine Protease,Exon 8,p.(Glu320Profs*9),30936,Glu,Profs,glutamic acid,-,-,Severe,-,-,<1,-,,,,,
4311,14477,c.1021_1022insCA,1,Insertion,Frameshift,-,-,-,Frameshift,Tyr > Serfs,1021,-,341,295,Serine Protease,Exon 8,p.(Tyr341Serfs*14),31003,Tyr,Serfs,tyrosine,-,-,Severe,-,-,<1,-,,,,,
4312,14478,c.1114dup,2,Duplication,Frameshift,-,-,-,Frameshift,Leu > Profs,1014,-,372,326,Serine Protease,Exon 8,p.(Leu372Profs*2),31003,Leu,Profs,leucine,-,-,Severe,-,-,<1,-,,,,,
4312,14479,c.1114dup,2,Duplication,Frameshift,-,-,-,Frameshift,Leu > Profs,1014,-,372,326,Serine Protease,Exon 8,p.(Leu372Profs*2),31003,Leu,Profs,leucine,-,-,Severe,-,-,<1,-,,,,,
4313,14480,c.1159_1160dup,1,Duplication,Frameshift,-,-,-,Frameshift,Phe > Serfs,1159,-,388,342,Serine Protease,Exon 8,p.(Phe388Serfs*39),31143,Phe,Serfs,phenylalanine,-,-,-,-,-,-,-,,,,,
4314,14481,c.1174_1175dup,2,Duplication,Frameshift,-,-,-,Frameshift,Asn392fs,1174,-,392,346,Serine Protease,Exon 8,p.(Asn392Lysfs*35),31158,Asn392fs,-,asparagine,-,-,Severe,-,-,<1,<1,,,,,
4314,15169,c.1174_1175dup,2,Duplication,Frameshift,No,-,-,Frameshift,Asn392fs,1174,-,392,346,Serine Protease,Exon 8,p.(Asn392Lysfs*35),31158,Asn392fs,-,asparagine,-,-,Severe,-,-,-,-,,,,,
4315,14482,c.1229_1232dup,2,Duplication,Frameshift,-,-,-,"Frameshift, de novo in MGF",Ser411fs,1229,-,411,365,Serine Protease,Exon 8,p.(Ser411Argfs*2),31212,Ser411fs,-,serine,-,-,Severe,-,-,<1,<1,,,,,
4315,16199,c.1229_1232dup,2,Duplication,Frameshift,No,-,-,"Frameshift, de novo in MGF",Ser411fs,1229,-,411,365,Serine Protease,Exon 8,p.(Ser411Argfs*2),31212,Ser411fs,-,serine,-,-,Severe,-,-,<1,-,,,,,
4316,14483,c.1267dup,1,Duplication,Frameshift,-,-,-,Frameshift,Ser423fs,1267,-,423,377,Serine Protease,Exon 8,p.(Ser423Lysfs*8),31250,Ser423fs,-,serine,-,-,Moderate,-,-,1%,-,,,,,
4317,14484,c.1287dup,1,Duplication,Frameshift,-,-,-,Frameshift,Ser > *,1287,-,430,384,Serine Protease,Exon 8,p.(Ser430*),31270,Ser,*,serine,-,-,Severe,-,-,<1,-,,,,,
4318,14485,c.1301_1302dup,1,Duplication,Frameshift,No,-,-,Frameshift,Cys > *,1303,-,435,389,Serine Protease,Exon 8,p.(Cys435*),31286,Cys,*,cysteine,-,-,Moderate,-,-,1%,<1,,,,,
4319,14486,c.1328_1336dup,1,Duplication,Inframe,-,-,-,In frame,-,1328,-,443,397,Serine Protease,Exon 8,p.(Ile443_Thr445dup),31317,-,-,isoleucine,-,-,Moderate,-,-,2%,-,,,,,
4320,14487,c.1359_1362dup,1,Duplication,Frameshift,-,-,-,"Frameshift, de novo in mother",Lys455fs,1359,-,455,409,Serine Protease,Exon 8,p.(Lys455Aspfs*2),31345,Lys455fs,-,lysine,-,-,Severe,-,-,<1,-,,,,,
4321,14488,c.1372dup,3,Duplication,Frameshift,No,-,-,Frameshift,Thr > Asnfs,1372,-,458,412,Serine Protease,Exon 8,p.(Thr458Asnfs*18),31356,Thr,Asnfs,threonine,-,-,Severe,-,-,<1,<1,,,,,
4321,16200,c.1372dup,3,Duplication,Frameshift,No,-,-,Frameshift,Thr > Asnfs,1372,-,458,412,Serine Protease,Exon 8,p.(Thr458Asnfs*18),31356,Thr,Asnfs,threonine,-,-,Severe,-,-,<1,-,,,,,
4321,16201,c.1372dup,3,Duplication,Frameshift,No,-,-,Frameshift,Thr > Asnfs,1372,-,458,412,Serine Protease,Exon 8,p.(Thr458Asnfs*18),31356,Thr,Asnfs,threonine,-,-,Severe,-,-,<1,-,,,,,
4322,14489,c.391+1dup,1,Duplication,Splice,-,-,-,"Frameshift, donor splice?",-,391,-,131,85,EGF2,Intron 4,),10505,-,-,-,-,-,Severe,-,-,<1,-,,,,,
4323,14491,c.[89-835_724-139del; *829_*876del],1,Indel,Gross Deletion,-,-,-,-,-,,-,,,-,Exon 2 - Exon 6,p.(0?),,-,-,-,-,-,-,-,-,-,-,,,,,
4324,14492,c.89-1_89delinsA,1,Indel,Splice,-,-,-,Acceptor splice (b),-,89,-,,,-,Intron 1,N/A,6325,-,-,-,-,-,Severe,-,-,<1,-,,,,,
4325,14493,c.158_165delAAGAGTTT insGTAAATTGGAAG,2,Indel,Frameshift,-,-,-,Frameshift,Glu53fs,158,-,53,7,Gla,Exon 2,p.(Glu53Glyfs*10),6395,Glu53fs,-,glutamic acid,-,-,Severe,-,-,<1,-,,,,,
4325,16196,c.158_165delAAGAGTTT insGTAAATTGGAAG,2,Indel,Frameshift,No,-,-,Frameshift,Glu53fs,158,-,53,7,Gla,Exon 2,p.(Glu53Glyfs*10),6395,Glu53fs,-,glutamic acid,-,-,Severe,-,-,<1,-,,,,,
4326,14494,c.283_285delGATinsA,1,Indel,Frameshift,-,-,-,Frameshift,Asp95fs,283,-,95,49,EGF1,Exon 4,p.(Asp95Thrfs*3),10397,Asp95fs,-,aspartic acid,-,-,Moderate,-,-,1%,-,,,,,
4327,14495,g.18501_40924del,1,Deletion,Gross Deletion,-,-,-,Deletion exons b-e,-,,-,,,-,Exon 6 - Exon 8,p.(0?),18501,-,-,-,-,-,-,-,-,-,-,,,,,
4328,14496,c.727_728delGTinsA,4,Indel,Frameshift,-,-,-,Frameshift,Val > Ile,727,-,243,197,Serine Protease,Exon 7,p.(Val243Ilefs*2),30042,Val,Ile,valine,-,-,Severe,-,-,<1,-,,,,,
4328,14497,c.727_728delGTinsA,4,Indel,Frameshift,-,-,-,Frameshift,Val > Ile,727,-,243,197,Serine Protease,Exon 7,p.(Val243Ilefs*2),30042,Val,Ile,valine,-,-,Moderate,-,-,2.20%,<1,,,,,
4328,16197,c.727_728delGTinsA,4,Indel,Frameshift,No,-,-,Frameshift,Val > Ile,727,-,243,197,Serine Protease,Exon 7,p.(Val243Ilefs*2),30042,Val,Ile,valine,-,-,Severe,-,-,<1,-,,,,,
4328,16198,c.727_728delGTinsA,4,Indel,Frameshift,No,-,-,Frameshift,Val > Ile,727,-,243,197,Serine Protease,Exon 7,p.(Val243Ilefs*2),30042,Val,Ile,valine,-,-,Severe,-,-,<1,-,,,,,
4329,14498,c.864delA,1,Deletion,Frameshift,-,-,-,deletion+insertion,Glu288fs,864,-,288,242,Serine Protease,Exon 8,p.(Glu288Aspfs*9),30846,Glu288fs,-,glutamic acid,-,-,Severe,-,-,<1,-,,,,,
4330,14499,c.956_958delinsAGA,1,Indel,Inframe,-,-,-,Two mutations in FIX,Leu319Gln;Glu320Lys,956,-,319,273,Serine Protease,Exon 8,p.(Leu319_Glu320delinsGlnLys),30939,Leu319Gln;Glu320Lys,-,-,glutamine,-,-,-,-,-,<10,,,,,
4331,14500,c.957_958delGGinsC,1,Indel,Frameshift,-,-,-,Frameshift stop codon 325,Glu320fs,957,-,320,274,Serine Protease,Exon 8,p.(Glu320Asnfs*6),30940,Glu320fs,-,glutamic acid,-,-,-,-,-,-,-,,,,,
4332,14501,c.1006_1007delATinsCA,1,Indel,Inframe,-,-,-,-,IledelinsHis,1006,-,336,290,Serine Protease,Exon 8,p.(Ile336delinsHis),30989,IledelinsHis,-,-,histidine,-,-,-,-,-,-,,,,,
4333,14502,c.1176_1180delinsG,1,Indel,Frameshift,-,-,-,"Frameshift, see 31149",Asn > Lysfs,1176,-,392,346,Serine Protease,Exon 8,p.(Asn392Lysfs*33),31158,Asn,Lysfs,asparagine,-,-,Severe,-,-,<1,<1,,,,,
4334,14503,c.1232_1234delGTGinsTT,1,Indel,Frameshift,-,-,-,deletion + insertion,Ser411fs,1232,-,411,365,Serine Protease,Exon 8,p.(Ser411Ilefs*15),31215,Ser411fs,-,serine,-,-,Severe,-,-,<1,-,,,,,
4335,14504,c.1344_1345delCCinsAAGGTACCAA,1,Indel,Frameshift,-,-,-,Frameshift,Ser448fs,1344,-,448,402,Serine Protease,Exon 8,p.(Ser448fs*?),31327,Ser448fs,-,serine,-,-,Moderate,-,-,3%,9%,,,,,
4336,14505,c.[520+890_724-455del; 723+3512_723+3605inv,1,Complex,Frameshift,-,-,-,del18684-29584; inv24075-32758,-,,-,,,-,Exon 6,p.(?),18684,-,-,-,-,-,Severe,-,-,-,-,,,,,
4337,14506,-,1,Complex,Frameshift,-,-,-,gross deletion,-,,-,,,-,Exon 7,p.(?),,-,-,-,-,-,-,-,-,-,-,,,,,
4338,14507,delins TTCCAGTTTCAACTTGTTTCAG AGGGAAACTTTGAACCATGAGTATT,1,Complex,-,-,-,-,gross deletion,-,390,-,,,-,Intron 4,p.(?),,-,-,-,-,-,-,-,-,-,-,,,,,
4340,14509,c.788_789ins 290 bp,1,Complex,Frameshift,-,-,-,Premature termination of FIX sequence after 228 AA|LINE 1 element of 163 bp followed by 125 nucleotide poly A at the 3,Thr,788,-,264,218,Serine Protease,Exon 7,p.(Thr264_Leu460delinsGlyGly GlyArgAspSerIleGlyArgTyr),30103,Thr,-,threonine,-,-,Moderate,-,-,1%,-,,,,,
4341,14510,g.del?,3,Deletion,Gross Deletion,-,-,-,Deletion exon a,-,,-,,,-,Exon 1,p.(?),,-,-,-,-,-,-,-,-,-,-,,,,,
4341,14511,g.del?,3,Deletion,Gross Deletion,Yes,-,-,Deletion exon a,-,,-,,,-,Exon 1,p.(?),,-,-,-,-,-,Severe,-,-,<1,-,,,,,
4341,14512,g.del?,3,Deletion,Gross Deletion,-,-,-,Deletion exon a,-,,-,,,-,Exon 1,p.(?),,-,-,-,-,-,-,-,-,-,-,,,,,
4342,14513,g.del?,2,Deletion,Gross Deletion,-,-,-,Deletion exon d,-,,-,,,-,Exon 4,p.(?),,-,-,-,-,-,-,-,-,-,-,,,,,
4342,15034,g.del?,2,Deletion,Gross Deletion,No,-,-,Deletion exon d,-,,-,,,-,Exon 4,p.(?),,-,-,-,-,-,Severe,-,-,<1,-,,,,,
4344,14516,c.392-173_520+796del,1,Deletion,Gross Deletion,-,-,-,Deletion exon e,-,,-,,,-,Exon 5,p.(?),17496,-,-,-,-,-,-,-,-,-,-,,,,,
4345,14517,g.del?,7,Deletion,Gross Deletion,-,-,-,Deletion e-HhaI poly,-,,-,,,-,Exon 6,p.(?),,-,-,-,-,-,Severe,-,-,<1,-,,,,,
4345,15032,g.del?,7,Deletion,Gross Deletion,No,-,-,Deletion e-HhaI poly,-,,-,,,-,Exon 6,p.(?),,-,-,-,-,-,Severe,-,-,<1,-,,,,,
4345,15247,g.del?,7,Deletion,Gross Deletion,-,-,-,Deletion e-HhaI poly,-,,-,,,-,Exon 6,p.(?),,-,-,-,-,-,-,-,-,-,-,,,,,
4345,16225,g.del?,7,Deletion,Gross Deletion,Yes,-,-,Deletion e-HhaI poly,-,,-,,,-,Exon 6,p.(?),,-,-,-,-,-,Severe,-,-,<1,-,,,,,
4345,16226,g.del?,7,Deletion,Gross Deletion,-,-,-,Deletion e-HhaI poly,-,,-,,,-,Exon 6,p.(?),,-,-,-,-,-,Severe,-,-,<1,-,,,,,
4345,16227,g.del?,7,Deletion,Gross Deletion,-,-,-,Deletion e-HhaI poly,-,,-,,,-,Exon 6,p.(?),,-,-,-,-,-,Severe,-,-,<1,-,,,,,
4345,16228,g.del?,7,Deletion,Gross Deletion,No,-,-,Deletion e-HhaI poly,-,,-,,,-,Exon 6,p.(?),,-,-,-,-,-,Moderate,-,-,1%,-,,,,,
4346,14518,g.del?,7,Deletion,Gross Deletion,-,-,-,gross deletion,-,,-,,,-,Exon 8,p.(?),,-,-,-,-,-,Severe,-,-,-,-,,,,,
4346,14519,g.del?,7,Deletion,Gross Deletion,-,-,-,gross deletion,-,,-,,,-,Exon 8,p.(?),,-,-,-,-,-,-,-,-,-,-,,,,,
4346,14520,g.del?,7,Deletion,Gross Deletion,-,-,-,gross deletion,-,,-,,,-,Exon 8,p.(?),,-,-,-,-,-,Severe,-,-,<1,-,,,,,
4346,14521,g.del?,7,Deletion,Gross Deletion,-,-,-,gross deletion,-,,-,,,-,Exon 8,p.(?),,-,-,-,-,-,-,-,-,-,-,,,,,
4346,14522,g.del?,7,Deletion,Gross Deletion,-,-,-,gross deletion,-,,-,,,-,Exon 8,p.(?),,-,-,-,-,-,Severe,-,-,-,-,,,,,
4346,14584,g.del?,7,Deletion,Gross Deletion,-,-,-,gross deletion,-,,-,,,-,Exon 8,p.(?),,-,-,-,-,-,Severe,-,-,<1,-,,,,,
4346,14989,g.del?,7,Deletion,Gross Deletion,No,-,-,gross deletion,-,,-,,,-,Exon 8,p.(?),,-,-,-,-,-,Severe,-,-,<1,-,,,,,
4347,14523,g.9900_19218del,1,Deletion,Gross Deletion,-,-,-,"Deletion exons d,e",-,278,-,,,-,Exon 4 - Exon 5,p.(?),9900,-,-,-,-,-,-,-,-,-,-,,,,,
4348,14565,g.del,2,Deletion,Gross Deletion,Yes,-,-,Deletion exons e-f,-,,-,,,-,Exon 5 - Exon 6,p.(?),,-,-,-,-,-,Severe,-,-,-,-,also see Chen and Scott 1990 PMID:2239965,,,,
4348,16224,g.del,2,Deletion,Gross Deletion,No,-,-,Deletion exons e-f,-,,-,,,-,Exon 5 - Exon 6,p.(?),,-,-,-,-,-,Severe,-,-,<1,-,,,,,
4349,14524,c.521-284_724-3497del,1,Deletion,Gross Deletion,-,-,-,gross deletion ;frameshift,-,521,-,,,-,Exon 5 - Exon 6,p.(?),20078,-,-,-,-,-,Severe,-,-,-,-,,,,,
4350,14525,g.del?,10,Deletion,Gross Deletion,-,-,-,Deletion exons g-h,-,,-,,,-,Exon 7 - Exon 8,p.(?),,-,-,-,-,-,-,-,-,-,-,,,,,
4350,14526,g.del?,10,Deletion,Gross Deletion,-,-,-,Deletion exons g-h,-,,-,,,-,Exon 7 - Exon 8,p.(?),,-,-,-,-,-,Severe,-,-,-,-,,,,,
4350,14527,g.del?,10,Deletion,Gross Deletion,-,-,-,Deletion exons g-h,-,,-,,,-,Exon 7 - Exon 8,p.(?),,-,-,-,-,-,-,-,-,-,-,,,,,
4350,14528,g.del?,10,Deletion,Gross Deletion,-,-,-,Deletion exons g-h,-,,-,,,-,Exon 7 - Exon 8,p.(?),,-,-,-,-,-,-,-,-,-,-,,,,,
4350,14529,g.del?,10,Deletion,Gross Deletion,-,-,-,Deletion exons g-h,-,,-,,,-,Exon 7 - Exon 8,p.(?),,-,-,-,-,-,Severe,-,-,<1,<1,,,,,
4350,14530,g.del?,10,Deletion,Gross Deletion,-,-,-,Deletion exons g-h,-,,-,,,-,Exon 7 - Exon 8,p.(?),,-,-,-,-,-,Severe,-,-,<1,-,,,,,
4350,14531,g.del?,10,Deletion,Gross Deletion,-,-,-,Deletion exons g-h,-,,-,,,-,Exon 7 - Exon 8,p.(?),,-,-,-,-,-,-,-,-,-,-,,,,,
4350,14532,g.del?,10,Deletion,Gross Deletion,-,-,-,Deletion exons g-h,-,,-,,,-,Exon 7 - Exon 8,p.(?),,-,-,-,-,-,-,-,-,-,-,,,,,
4350,15048,g.del?,10,Deletion,Gross Deletion,No,-,-,Deletion exons g-h,-,,-,,,-,Exon 7 - Exon 8,p.(?),,-,-,-,-,-,Severe,-,-,<1,-,,,,,
4350,15320,g.del?,10,Deletion,Gross Deletion,-,-,-,Deletion exons g-h,-,,-,,,-,Exon 7 - Exon 8,p.(?),,-,-,-,-,-,-,-,-,-,-,,,,,
4351,14533,c.723+3402_*1387del,1,Deletion,Gross Deletion,-,-,-,Deletion exons g-h,-,,-,,,-,Exon 7 - Exon 8,p.(?),23946,-,-,-,-,-,-,-,-,-,-,,,,,
4352,14534,g.del?,2,Deletion,Gross Deletion,Yes,-,-,Deletion exons a-c | Inhibitor,-,,-,,,-,Exon 1 - Exon 3,p.(?),,-,-,-,-,-,-,-,-,-,-,,,,,
4352,14535,g.del?,2,Deletion,Gross Deletion,-,-,-,Deletion exons a-c | Inhibitor,-,,-,,,-,Exon 1 - Exon 3,p.(?),,-,-,-,-,-,-,-,-,-,-,,,,,
4353,14514,g.del?,3,Deletion,Gross Deletion,-,-,-,Deletion exons e-h | Inhibitor|Complex rearrangement,-,,-,,,-,Exon 5 - Exon 8,p.(?),,-,-,-,-,-,Severe,-,-,-,-,,,,,
4353,14515,g.del?,3,Deletion,Gross Deletion,-,-,-,Deletion exons e-h | Inhibitor|Complex rearrangement,-,,-,,,-,Exon 5 - Exon 8,p.(?),,-,-,-,-,-,-,-,-,-,-,,,,,
4353,14541,g.del?,3,Deletion,Gross Deletion,-,-,-,Deletion exons e-h | Inhibitor|Complex rearrangement,-,,-,,,-,Exon 5 - Exon 8,p.(?),,-,-,-,-,-,-,-,-,-,-,,,,,
4354,14537,g.del?,4,Deletion,Gross Deletion,-,-,-,Deletion exons f-h,-,,-,,,-,Exon 6 - Exon 8,p.(?),,-,-,-,-,-,-,-,-,-,-,,,,,
4354,14538,g.del?,4,Deletion,Gross Deletion,-,-,-,Deletion exons f-h,-,,-,,,-,Exon 6 - Exon 8,p.(?),,-,-,-,-,-,-,-,-,-,-,,,,,
4354,14539,g.del?,4,Deletion,Gross Deletion,-,-,-,Deletion exons f-h,-,,-,,,-,Exon 6 - Exon 8,p.(?),,-,-,-,-,-,-,-,-,-,-,,,,,
4354,16229,g.del?,4,Deletion,Gross Deletion,Yes,-,-,Deletion exons f-h,-,,-,,,-,Exon 6 - Exon 8,p.(?),,-,-,-,-,-,Severe,-,-,<1,-,,,,,
4356,14542,g.0?,2,Deletion,Gross Deletion,-,-,-,gross deletion exons a-f,-,,-,,,-,Exon 1 - Exon 6,p.(0?),,-,-,-,-,-,-,-,-,-,-,,,,,
4356,14543,g.0?,2,Deletion,Gross Deletion,-,-,-,gross deletion exons a-f,-,,-,,,-,Exon 1 - Exon 6,p.(0?),,-,-,-,-,-,-,-,-,-,-,,,,,
4357,14544,g.0?,2,Deletion,Gross Deletion,-,-,-,Deletion exons b-h,-,,-,,,-,Exon 2 - Exon 7,p.(0?),,-,-,-,-,-,-,-,-,-,-,,,,,
4357,15274,g.0?,2,Deletion,Gross Deletion,-,-,-,Deletion exons b-h,-,,-,,,-,Exon 2 - Exon 7,p.(0?),,-,-,-,-,-,Mild,-,-,6%,6%,female heterozygote,,,,
4360,14548,g.0,81,Deletion,Gross Deletion,-,-,-,total gene deletion,-,,-,,,-,5' UTR - 3' UTR,p.(0),,-,-,-,-,-,Severe,-,-,<1,-,,,,,
4360,14549,g.0,81,Deletion,Gross Deletion,-,-,-,total gene deletion,-,,-,,,-,5' UTR - 3' UTR,p.(0),,-,-,-,-,-,Severe,-,-,<1,-,,,,,
4360,14550,g.0,81,Deletion,Gross Deletion,Yes,-,-,total gene deletion,-,,-,,,-,5' UTR - 3' UTR,p.(0),,-,-,-,-,-,Severe,-,-,-,-,,,,,
4360,14551,g.0,81,Deletion,Gross Deletion,Yes,-,-,total gene deletion,-,,-,,,-,5' UTR - 3' UTR,p.(0),,-,-,-,-,-,Severe,-,-,-,-,,,,,
4360,14552,g.0,81,Deletion,Gross Deletion,-,-,-,total gene deletion,-,,-,,,-,5' UTR - 3' UTR,p.(0),,-,-,-,-,-,Severe,-,-,-,-,,,,,
4360,14553,g.0,81,Deletion,Gross Deletion,-,-,-,total gene deletion,-,,-,,,-,5' UTR - 3' UTR,p.(0),,-,-,-,-,-,Severe,-,-,-,-,,,,,
4360,14554,g.0,81,Deletion,Gross Deletion,-,-,-,total gene deletion,-,,-,,,-,5' UTR - 3' UTR,p.(0),,-,-,-,-,-,Severe,-,-,-,-,,,,,
4360,14555,g.0,81,Deletion,Gross Deletion,-,-,-,total gene deletion,-,,-,,,-,5' UTR - 3' UTR,p.(0),,-,-,-,-,-,Severe,-,-,-,-,,,,,
4360,14556,g.0,81,Deletion,Gross Deletion,-,-,-,total gene deletion,-,,-,,,-,5' UTR - 3' UTR,p.(0),,-,-,-,-,-,Severe,-,-,-,-,,,,,
4360,14557,g.0,81,Deletion,Gross Deletion,-,-,-,total gene deletion,-,,-,,,-,5' UTR - 3' UTR,p.(0),,-,-,-,-,-,Severe,-,-,-,-,,,,,
4360,14558,g.0,81,Deletion,Gross Deletion,Yes,-,-,total gene deletion,-,,-,,,-,5' UTR - 3' UTR,p.(0),,-,-,-,-,-,Severe,-,-,-,-,,,,,
4360,14559,g.0,81,Deletion,Gross Deletion,-,-,-,total gene deletion,-,,-,,,-,5' UTR - 3' UTR,p.(0),,-,-,-,-,-,Severe,-,-,-,-,,,,,
4360,14560,g.0,81,Deletion,Gross Deletion,Yes,-,-,total gene deletion,-,,-,,,-,5' UTR - 3' UTR,p.(0),,-,-,-,-,-,Severe,-,-,-,-,,,,,
4360,14561,g.0,81,Deletion,Gross Deletion,Yes,-,-,total gene deletion,-,,-,,,-,5' UTR - 3' UTR,p.(0),,-,-,-,-,-,Severe,-,-,-,-,,,,,
4360,14562,g.0,81,Deletion,Gross Deletion,Yes,-,-,total gene deletion,-,,-,,,-,5' UTR - 3' UTR,p.(0),,-,-,-,-,-,Severe,-,-,-,-,,,,,
4360,14563,g.0,81,Deletion,Gross Deletion,-,-,-,total gene deletion,-,,-,,,-,5' UTR - 3' UTR,p.(0),,-,-,-,-,-,Severe,-,-,-,-,,,,,
4360,14564,g.0,81,Deletion,Gross Deletion,-,-,-,total gene deletion,-,,-,,,-,5' UTR - 3' UTR,p.(0),,-,-,-,-,-,Severe,-,-,-,-,,,,,
4360,14566,g.0,81,Deletion,Gross Deletion,Yes,-,-,total gene deletion,-,,-,,,-,5' UTR - 3' UTR,p.(0),,-,-,-,-,-,Severe,-,-,-,-,,,,,
4360,14567,g.0,81,Deletion,Gross Deletion,Yes,-,-,total gene deletion,-,,-,,,-,5' UTR - 3' UTR,p.(0),,-,-,-,-,-,Severe,-,-,-,-,,,,,
4360,14568,g.0,81,Deletion,Gross Deletion,Yes,-,-,total gene deletion,-,,-,,,-,5' UTR - 3' UTR,p.(0),,-,-,-,-,-,Severe,-,-,-,-,,,,,
4360,14569,g.0,81,Deletion,Gross Deletion,-,-,-,total gene deletion,-,,-,,,-,5' UTR - 3' UTR,p.(0),,-,-,-,-,-,Severe,-,-,-,-,,,,,
4360,14570,g.0,81,Deletion,Gross Deletion,Yes,-,-,total gene deletion,-,,-,,,-,5' UTR - 3' UTR,p.(0),,-,-,-,-,-,Severe,-,-,-,-,,,,,
4360,14571,g.0,81,Deletion,Gross Deletion,Yes,-,-,total gene deletion,-,,-,,,-,5' UTR - 3' UTR,p.(0),,-,-,-,-,-,Severe,-,-,-,-,,,,,
4360,14572,g.0,81,Deletion,Gross Deletion,-,-,-,total gene deletion,-,,-,,,-,5' UTR - 3' UTR,p.(0),,-,-,-,-,-,Severe,-,-,-,-,,,,,
4360,14573,g.0,81,Deletion,Gross Deletion,-,-,-,total gene deletion,-,,-,,,-,5' UTR - 3' UTR,p.(0),,-,-,-,-,-,Severe,-,-,-,-,,,,,
4360,14574,g.0,81,Deletion,Gross Deletion,-,-,-,total gene deletion,-,,-,,,-,5' UTR - 3' UTR,p.(0),,-,-,-,-,-,Severe,-,-,-,-,,,,,
4360,14575,g.0,81,Deletion,Gross Deletion,-,-,-,total gene deletion,-,,-,,,-,5' UTR - 3' UTR,p.(0),,-,-,-,-,-,Severe,-,-,-,-,,,,,
4360,14576,g.0,81,Deletion,Gross Deletion,-,-,-,total gene deletion,-,,-,,,-,5' UTR - 3' UTR,p.(0),,-,-,-,-,-,Severe,-,-,-,-,,,,,
4360,14577,g.0,81,Deletion,Gross Deletion,-,-,-,total gene deletion,-,,-,,,-,5' UTR - 3' UTR,p.(0),,-,-,-,-,-,Severe,-,-,-,-,,,,,
4360,14578,g.0,81,Deletion,Gross Deletion,Yes,-,-,total gene deletion,-,,-,,,-,5' UTR - 3' UTR,p.(0),,-,-,-,-,-,Severe,-,-,-,-,,,,,
4360,14579,g.0,81,Deletion,Gross Deletion,-,-,-,total gene deletion,-,,-,,,-,5' UTR - 3' UTR,p.(0),,-,-,-,-,-,Severe,-,-,-,-,,,,,
4360,14580,g.0,81,Deletion,Gross Deletion,-,-,-,total gene deletion,-,,-,,,-,5' UTR - 3' UTR,p.(0),,-,-,-,-,-,Severe,-,-,-,-,,,,,
4360,14581,g.0,81,Deletion,Gross Deletion,-,-,-,total gene deletion,-,,-,,,-,5' UTR - 3' UTR,p.(0),,-,-,-,-,-,Severe,-,-,<1,-,,,,,
4360,14582,g.0,81,Deletion,Gross Deletion,-,-,-,total gene deletion,-,,-,,,-,5' UTR - 3' UTR,p.(0),,-,-,-,-,-,Severe,-,-,<1,-,,,,,
4360,14583,g.0,81,Deletion,Gross Deletion,-,-,-,total gene deletion,-,,-,,,-,5' UTR - 3' UTR,p.(0),,-,-,-,-,-,Severe,-,-,-,-,,,,,
4360,14585,g.0,81,Deletion,Gross Deletion,-,-,-,total gene deletion,-,,-,,,-,5' UTR - 3' UTR,p.(0),,-,-,-,-,-,Severe,-,-,-,-,,,,,
4360,14586,g.0,81,Deletion,Gross Deletion,Yes,-,-,total gene deletion,-,,-,,,-,5' UTR - 3' UTR,p.(0),,-,-,-,-,-,Severe,-,-,-,-,,,,,
4360,14587,g.0,81,Deletion,Gross Deletion,Yes,-,-,total gene deletion,-,,-,,,-,5' UTR - 3' UTR,p.(0),,-,-,-,-,-,Severe,-,-,-,-,,,,,
4360,14588,g.0,81,Deletion,Gross Deletion,-,-,-,total gene deletion,-,,-,,,-,5' UTR - 3' UTR,p.(0),,-,-,-,-,-,Severe,-,-,-,-,,,,,
4360,14589,g.0,81,Deletion,Gross Deletion,-,-,-,total gene deletion,-,,-,,,-,5' UTR - 3' UTR,p.(0),,-,-,-,-,-,Severe,-,-,-,-,,,,,
4360,14590,g.0,81,Deletion,Gross Deletion,-,-,-,total gene deletion,-,,-,,,-,5' UTR - 3' UTR,p.(0),,-,-,-,-,-,Severe,-,-,-,-,,,,,
4360,14591,g.0,81,Deletion,Gross Deletion,-,-,-,total gene deletion,-,,-,,,-,5' UTR - 3' UTR,p.(0),,-,-,-,-,-,Severe,-,-,-,-,,,,,
4360,14592,g.0,81,Deletion,Gross Deletion,-,-,-,total gene deletion,-,,-,,,-,5' UTR - 3' UTR,p.(0),,-,-,-,-,-,Severe,-,-,-,-,,,,,
4360,14593,g.0,81,Deletion,Gross Deletion,-,-,-,total gene deletion,-,,-,,,-,5' UTR - 3' UTR,p.(0),,-,-,-,-,-,Severe,-,-,-,-,,,,,
4360,14595,g.0,81,Deletion,Gross Deletion,Yes,-,-,total gene deletion,-,,-,,,-,5' UTR - 3' UTR,p.(0),,-,-,-,-,-,Severe,-,-,-,-,,,,,
4360,14596,g.0,81,Deletion,Gross Deletion,-,-,-,total gene deletion,-,,-,,,-,5' UTR - 3' UTR,p.(0),,-,-,-,-,-,Severe,-,-,-,-,,,,,
4360,14597,g.0,81,Deletion,Gross Deletion,-,-,-,total gene deletion,-,,-,,,-,5' UTR - 3' UTR,p.(0),,-,-,-,-,-,Severe,-,-,-,-,,,,,
4360,14598,g.0,81,Deletion,Gross Deletion,Yes,-,-,total gene deletion,-,,-,,,-,5' UTR - 3' UTR,p.(0),,-,-,-,-,-,Severe,-,-,-,-,,,,,
4360,14599,g.0,81,Deletion,Gross Deletion,Yes,-,-,total gene deletion,-,,-,,,-,5' UTR - 3' UTR,p.(0),,-,-,-,-,-,Severe,-,-,-,-,,,,,
4360,15049,g.0,81,Deletion,Gross Deletion,Yes,-,-,total gene deletion,-,,-,,,-,5' UTR - 3' UTR,p.(0),,-,-,-,-,-,Severe,-,-,<1,-,,,,,
4360,15050,g.0,81,Deletion,Gross Deletion,Yes,-,-,total gene deletion,-,,-,,,-,5' UTR - 3' UTR,p.(0),,-,-,-,-,-,Severe,-,-,<1,-,,,,,
4360,15051,g.0,81,Deletion,Gross Deletion,No,-,-,total gene deletion,-,,-,,,-,5' UTR - 3' UTR,p.(0),,-,-,-,-,-,Severe,-,-,<1,-,,,,,
4360,15157,g.0,81,Deletion,Gross Deletion,Yes,-,-,total gene deletion,-,,-,,,-,5' UTR - 3' UTR,p.(0),,-,-,-,-,-,Severe,-,-,-,-,,,,,
4360,15232,g.0,81,Deletion,Gross Deletion,Yes,-,-,total gene deletion,-,,-,,,-,5' UTR - 3' UTR,p.(0),,-,-,-,-,-,Severe,-,-,<1,<1,,,,,
4360,15233,g.0,81,Deletion,Gross Deletion,Yes,-,-,total gene deletion,-,,-,,,-,5' UTR - 3' UTR,p.(0),,-,-,-,-,-,Severe,-,-,<1,-,,,,,
4360,15246,g.0,81,Deletion,Gross Deletion,-,-,-,total gene deletion,-,,-,,,-,5' UTR - 3' UTR,p.(0),,-,-,-,-,-,-,-,-,-,-,,,,,
4360,15275,g.0,81,Deletion,Gross Deletion,-,-,-,total gene deletion,-,,-,,,-,5' UTR - 3' UTR,p.(0),,-,-,-,-,-,Severe,-,-,<1,<1,,,,,
4360,15315,g.0,81,Deletion,Gross Deletion,-,-,-,total gene deletion,-,,-,,,-,5' UTR - 3' UTR,p.(0),,-,-,-,-,-,-,-,-,-,-,,,,,
4360,15316,g.0,81,Deletion,Gross Deletion,-,-,-,total gene deletion,-,,-,,,-,5' UTR - 3' UTR,p.(0),,-,-,-,-,-,-,-,-,-,-,,,,,
4360,15317,g.0,81,Deletion,Gross Deletion,-,-,-,total gene deletion,-,,-,,,-,5' UTR - 3' UTR,p.(0),,-,-,-,-,-,-,-,-,-,-,,,,,
4360,15321,g.0,81,Deletion,Gross Deletion,-,-,-,total gene deletion,-,,-,,,-,5' UTR - 3' UTR,p.(0),,-,-,-,-,-,-,-,-,-,-,,,,,
4360,16202,g.0,81,Deletion,Gross Deletion,No,-,-,total gene deletion,-,,-,,,-,5' UTR - 3' UTR,p.(0),,-,-,-,-,-,Severe,-,-,<1,-,,,,,
4360,16203,g.0,81,Deletion,Gross Deletion,No,-,-,total gene deletion,-,,-,,,-,5' UTR - 3' UTR,p.(0),,-,-,-,-,-,Severe,-,-,<1,-,,,,,
4360,16204,g.0,81,Deletion,Gross Deletion,Yes,-,-,total gene deletion,-,,-,,,-,5' UTR - 3' UTR,p.(0),,-,-,-,-,-,Severe,-,-,<1,-,,,,,
4360,16205,g.0,81,Deletion,Gross Deletion,Yes,-,-,total gene deletion,-,,-,,,-,5' UTR - 3' UTR,p.(0),,-,-,-,-,-,Severe,-,-,<1,-,,,,,
4360,16206,g.0,81,Deletion,Gross Deletion,Yes,-,-,total gene deletion,-,,-,,,-,5' UTR - 3' UTR,p.(0),,-,-,-,-,-,Severe,-,-,<1,-,,,,,
4360,16207,g.0,81,Deletion,Gross Deletion,No,-,-,total gene deletion,-,,-,,,-,5' UTR - 3' UTR,p.(0),,-,-,-,-,-,Severe,-,-,<1,-,,,,,
4360,16208,g.0,81,Deletion,Gross Deletion,No,-,-,total gene deletion,-,,-,,,-,5' UTR - 3' UTR,p.(0),,-,-,-,-,-,Severe,-,-,<1,-,,,,,
4360,16209,g.0,81,Deletion,Gross Deletion,Yes,-,-,total gene deletion,-,,-,,,-,5' UTR - 3' UTR,p.(0),,-,-,-,-,-,Severe,-,-,<1,-,,,,,
4360,16210,g.0,81,Deletion,Gross Deletion,Yes,-,-,total gene deletion,-,,-,,,-,5' UTR - 3' UTR,p.(0),,-,-,-,-,-,Severe,-,-,<1,-,,,,,
4360,16211,g.0,81,Deletion,Gross Deletion,Yes,-,-,total gene deletion,-,,-,,,-,5' UTR - 3' UTR,p.(0),,-,-,-,-,-,Severe,-,-,<1,-,,,,,
4360,16212,g.0,81,Deletion,Gross Deletion,Yes,-,-,total gene deletion,-,,-,,,-,5' UTR - 3' UTR,p.(0),,-,-,-,-,-,Severe,-,-,<1,-,,,,,
4360,16213,g.0,81,Deletion,Gross Deletion,Yes,-,-,total gene deletion,-,,-,,,-,5' UTR - 3' UTR,p.(0),,-,-,-,-,-,Severe,-,-,<1,-,,,,,
4360,16214,g.0,81,Deletion,Gross Deletion,No,-,-,total gene deletion,-,,-,,,-,5' UTR - 3' UTR,p.(0),,-,-,-,-,-,Severe,-,-,<1,-,,,,,
4360,16215,g.0,81,Deletion,Gross Deletion,Yes,-,-,total gene deletion,-,,-,,,-,5' UTR - 3' UTR,p.(0),,-,-,-,-,-,Severe,-,-,<1,-,,,,,
4360,16216,g.0,81,Deletion,Gross Deletion,Yes,-,-,total gene deletion,-,,-,,,-,5' UTR - 3' UTR,p.(0),,-,-,-,-,-,Severe,-,-,<1,-,,,,,
4360,16217,g.0,81,Deletion,Gross Deletion,No,-,-,total gene deletion,-,,-,,,-,5' UTR - 3' UTR,p.(0),,-,-,-,-,-,Moderate,-,-,1.50%,-,,,,,
4360,16218,g.0,81,Deletion,Gross Deletion,Yes,-,-,total gene deletion,-,,-,,,-,5' UTR - 3' UTR,p.(0),,-,-,-,-,-,Severe,-,-,<1,-,,,,,
4360,16219,g.0,81,Deletion,Gross Deletion,Yes,-,-,total gene deletion,-,,-,,,-,5' UTR - 3' UTR,p.(0),,-,-,-,-,-,Severe,-,-,<1,-,,,,,
4360,16220,g.0,81,Deletion,Gross Deletion,No,-,-,total gene deletion,-,,-,,,-,5' UTR - 3' UTR,p.(0),,-,-,-,-,-,Severe,-,-,<1,-,,,,,
4360,16221,g.0,81,Deletion,Gross Deletion,No,-,-,total gene deletion,-,,-,,,-,5' UTR - 3' UTR,p.(0),,-,-,-,-,-,Severe,-,-,<1,-,,,,,
4361,14600,g.del29409_30787,3,Deletion,Gross Deletion,-,-,-,Deletion exon g,-,,-,,,-,Exon 7 - Exon 8,p.(?),29409,-,-,-,-,-,-,-,-,-,-,,,,,
4361,16230,g.del29409_30787,3,Deletion,Gross Deletion,No,-,-,Deletion exon g,-,,-,,,-,Exon 7 - Exon 8,p.(?),29409,-,-,-,-,-,Severe,-,-,<1,-,,,,,
4361,16231,g.del29409_30787,3,Deletion,Gross Deletion,No,-,-,Deletion exon g,-,,-,,,-,Exon 7 - Exon 8,p.(?),29409,-,-,-,-,-,Severe,-,-,<1,-,,,,,
4362,14601,c.28_29delGA,1,Deletion,Frameshift,-,-,-,Frameshift,Glu10fs,28,-,10,-37,Signal Peptide,Exon 1,p.(Glu10fs*17),56,Glu10fs,-,glutamic acid,-,-,Severe,-,-,<1,-,,,,,
4363,14602,c.65_66del,1,Deletion,Frameshift,Yes,-,-,"Frameshift, Inhibitor",Tyr22fs,65,-,22,-25,Signal Peptide,Exon 1,p.(Tyr22fs*5),92,Tyr22fs,-,tyrosine,-,-,Moderate,-,-,2%,-,,,,,
4364,14603,c.80_83del,2,Deletion,Frameshift,-,-,-,Frameshift,Glu27fs,80,-,27,-20,Signal Peptide,Exon 1,p.(Glu27Valfs*14),107,Glu27fs,-,glutamic acid,-,-,Moderate,-,-,3%,-,,,,,
4364,14604,c.80_83del,2,Deletion,Frameshift,-,-,-,Frameshift,Glu27fs,80,-,27,-20,Signal Peptide,Exon 1,p.(Glu27Valfs*14),107,Glu27fs,-,glutamic acid,-,-,Severe,-,-,-,-,,,,,
4365,14605,c.85_88+6delACAGGTTTGT,2,Deletion,-,-,-,-,Frameshift,Cys28fs,85,-,28,-19,Signal Peptide,Exon 1,p.(Cys28fs*?),114,Cys28fs,-,cysteine,-,-,Severe,-,-,<1,-,,,,,
4365,14606,c.85_88+6delACAGGTTTGT,2,Deletion,-,-,-,-,Frameshift,Cys28fs,85,-,28,-19,Signal Peptide,Exon 1,p.(Cys28fs*?),114,Cys28fs,-,cysteine,-,-,-,-,-,-,<1,,,,,
4366,14607,c.133_134delAA,1,Deletion,Frameshift,-,-,-,Frameshift,Lys45fs,133,-,45,-2,Propeptide,Exon 2,p.(Lys45Glufs*3),6370,Lys45fs,-,lysine,-,-,Severe,-,-,<1,-,,,,,
4367,14608,c.161_162del,6,Deletion,Frameshift,-,-,-,Frameshift,Glu > Valfs,161,-,54,8,Gla,Exon 2,p.(Glu54Valfs*7),6396,Glu,Valfs,glutamic acid,-,-,Severe,-,-,<1,<1,,,,,
4367,14609,c.161_162del,6,Deletion,Frameshift,-,-,-,Frameshift,Glu > Valfs,161,-,54,8,Gla,Exon 2,p.(Glu54Valfs*7),6396,Glu,Valfs,glutamic acid,-,-,Severe,-,-,<1,-,,,,,
4367,14610,c.161_162del,6,Deletion,Frameshift,-,-,-,Frameshift,Glu > Valfs,161,-,54,8,Gla,Exon 2,p.(Glu54Valfs*7),6396,Glu,Valfs,glutamic acid,-,-,Severe,-,-,<1,<1,,,,,
4367,14611,c.161_162del,6,Deletion,Frameshift,-,-,-,Frameshift,Glu > Valfs,161,-,54,8,Gla,Exon 2,p.(Glu54Valfs*7),6396,Glu,Valfs,glutamic acid,-,-,Severe,-,-,<1,<1,,,,,
4367,14964,c.161_162del,6,Deletion,Frameshift,No,-,-,Frameshift,Glu > Valfs,161,-,54,8,Gla,Exon 2,p.(Glu54Valfs*7),6396,Glu,Valfs,glutamic acid,-,-,Severe,-,-,<1,-,,,,,
4367,16232,c.161_162del,6,Deletion,Frameshift,Yes,-,-,Frameshift,Glu > Valfs,161,-,54,8,Gla,Exon 2,p.(Glu54Valfs*7),6396,Glu,Valfs,glutamic acid,-,-,Moderate,-,-,1%,-,,,,,
4368,14612,c.164_173delTTGTTCAAGG,1,Deletion,Frameshift,Yes,-,-,"Frameshift, Inhibitor",Phe55fs,164,-,55,9,Gla,Exon 2,p.(Phe55*),6401,Phe55fs,-,phenylalanine,-,-,Severe,-,-,<1,<1,,,,,
4369,14613,c.165_169delTGTTC,1,Deletion,Frameshift,Yes,-,-,"Frameshift, Inhibitor de novo in mother(22)",Phe55fs,165,-,55,9,Gla,Exon 2,p.(Phe55*),6402,Phe55fs,-,phenylalanine,-,-,Severe,-,-,<1,<1,,,,,
4370,14614,c.179_180delTT,1,Deletion,Frameshift,-,-,-,"Frameshift, somatic mosaic?",Leu60fs,179,-,60,14,Gla,Exon 2,p.(Leu60Argfs*10),6416,Leu60fs,-,leucine,-,-,Moderate,-,-,4%,4%,,,,,
4371,14615,c.185_188del,2,Deletion,Frameshift,-,-,-,Frameshift,Arg62fs,185,-,62,16,Gla,Exon 2,p.(Arg62Asnfs*41),6419,Arg62fs,-,arginine,-,-,Moderate,-,-,1%,-,,,,,
4371,14616,c.185_188del,2,Deletion,Frameshift,-,-,-,Frameshift,Arg62fs,185,-,62,16,Gla,Exon 2,p.(Arg62Asnfs*41),6419,Arg62fs,-,arginine,-,-,Moderate,-,-,1%,-,,,,,
4372,14617,c.183_188delGAGAGA,1,Deletion,Inframe,-,-,-,In frame,62_62del,183,-,62,16,Gla,Exon 2,p.(Arg62_Glu63del),6420,62_62del,-,arginine,glutamic acid,-,Severe,-,-,<1,-,,,,,
4373,14618,c.185_188delAGAG,1,Deletion,Frameshift,-,-,-,Frameshift,Glu63fs,185,-,63,17,Gla,Exon 2,p.(Glu63Asnfs*41),6422,Glu63fs,-,arginine,-,-,Severe,-,-,-,-,,,,,
4374,14619,c.218_220del,1,Deletion,Inframe,-,-,-,-,Glu73del,218,-,73,27,Gla,Exon 2,p.(Glu73del),6454,Glu73del,-,glutamic acid,-,-,Severe,-,-,-,-,,,,,
4375,14620,c.233_234del,1,Deletion,Frameshift,-,-,-,Frameshift,Phe > *,233,-,78,32,Gla,Exon 2,p.(Phe78*),6467,Phe,*,phenylalanine,-,-,Severe,-,-,<1,-,,,,,
4376,14621,c.248_250delGAA,1,Deletion,Inframe,-,-,-,In frame 3-bp deletion,Arg83del,248,-,83,37,Gla,Exon 2,p.(Arg83del),6485,Arg83del,-,arginine,-,-,Severe,-,-,<1,12%,,,,,
4377,14622,c.255_256delTG,1,Deletion,Frameshift,Yes,-,-,"Frameshift, Inhibitor",Thr85fs,255,-,85,39,Gla,Exon 3,p.(Thr85Thrfs*8),6680,Thr85fs,-,threonine,-,-,Severe,-,-,<1,<1,,,,,
4378,14623,c.283_284del,1,Deletion,Frameshift,-,-,-,Frameshift,Asp95fs,283,-,95,49,EGF1,Exon 4,p.(Asp95Serfs*3),10396,Asp95fs,-,aspartic acid,-,-,Severe,-,-,<1,-,,,,,
4379,14624,c.311_312delAT,1,Deletion,Frameshift,-,-,-,Frameshift,Asn104fs,311,-,104,58,EGF1,Exon 4,p.(Asn104Argfs*7),10425,Asn104fs,-,asparagine,-,-,Moderate,-,-,1.70%,-,,,,,
4380,14625,c.320_321delGT,1,Deletion,Frameshift,-,-,-,Frameshift,Ser107fs,320,-,107,61,EGF1,Exon 4,p.(Ser107Metfs*4),10434,Ser107fs,-,serine,-,-,-,-,-,-,-,,,,,
4381,14626,c.334_335del,1,Deletion,Frameshift,-,-,-,Type I,Ile > *,334,-,112,66,EGF1,Exon 4,p.(Ile112*),10448,Ile,*,isoleucine,-,-,Severe,-,-,<1,<1,,,,,
4382,14627,c.386_391del,1,Deletion,Inframe,-,-,-,Frameshift,p.Glu129_Leu130del,386,-,129,83,EGF1,Exon 4,p.(Glu129_Leu130del),10499,p.Glu129_Leu130del,-,glutamic acid,leucine,-,Severe,-,-,<1,-,,,,,
4383,14628,c.401_407del,1,Deletion,Frameshift,No,-,-,Frameshift,Asp > Metfs*,392,-,131,85,EGF2,Exon 5,p.(Asp131Metfs*2),17669,Asp,Metfs*,aspartic acid,-,-,Severe,-,-,<1,<1,,,,,
4384,14629,c.401_407delGTAACAT,3,Deletion,Frameshift,-,-,-,Frameshift de novo mother (33),Cys > *,401,-,134,88,EGF2,Exon 5,p.(Cys134Leufs*67),17678,Cys,*,cysteine,-,-,Moderate,-,-,2%,2%,,,,,
4384,15160,c.401_407delGTAACAT,3,Deletion,Frameshift,No,-,-,Frameshift de novo mother (33),Cys > *,401,-,134,88,EGF2,Exon 5,p.(Cys134Leufs*67),17678,Cys,*,cysteine,-,-,Moderate,-,-,-,-,,,,,
4384,16234,c.401_407delGTAACAT,3,Deletion,Frameshift,No,-,-,Frameshift de novo mother (33),Cys > *,401,-,134,88,EGF2,Exon 5,p.(Cys134Leufs*67),17678,Cys,*,cysteine,-,-,Moderate,-,-,1.73%,-,,,,,
4385,14630,c.435_439delTAAAA,1,Deletion,Frameshift,-,-,-,-,Cysfs,435,-,145,99,EGF2,Exon 5,p.(Cys145*),17712,Cysfs,-,cysteine,-,-,Severe,-,-,-,-,,,,,
4386,14631,c.453_454delCA,1,Deletion,Frameshift,-,-,-,Frameshift,Asn151fs,453,-,151,105,EGF2,Exon 5,p.(Asn151Lysfs*8),17730,Asn151fs,-,asparagine,-,-,Severe,-,-,-,-,,,,,
4387,14632,c.518_520del,1,Deletion,Inframe,-,-,-,-,delAla,518,-,173,127,Linker,Exon 5,p.(Ala173del),17795,delAla,-,alanine,-,-,Severe,-,-,<1,-,,,,,
4388,14633,c.540_541del,1,Deletion,Frameshift,-,-,-,Frameshift,Arg180Serfs,540,-,180,134,Linker,Exon 6,p.(Arg180Serfs*8),20380,Arg180Serfs,-,arginine,-,-,Severe,-,-,<1,-,,,,,
4389,14634,c.541_542del,1,Deletion,Frameshift,-,-,-,Frameshift,Val > Phefs,541,-,181,135,Linker,Exon 6,p.(Val181Phefs*7),20381,Val,Phefs,valine,-,-,-,-,-,-,-,,,,,
4390,14635,c.540_541delAG,2,Deletion,Frameshift,-,-,-,Frameshift,Arg180Serfs,540,-,180,134,Linker,Exon 6,p.(Arg180Serfs*8),20382,Arg180Serfs,-,arginine,-,-,Severe,-,-,<1,-,,,,,
4390,15099,c.540_541delAG,2,Deletion,Frameshift,No,-,-,Frameshift,Arg180Serfs,540,-,180,134,Linker,Exon 6,p.(Arg180Serfs*8),20382,Arg180Serfs,-,arginine,-,-,Severe,-,-,-,-,,,,,
4391,14636,c.545_546delCT,7,Deletion,Frameshift,-,-,-,"Frameshift, de novo in MGF (32)",Ser182fs,545,-,182,136,Linker,Exon 6,p.(Ser182Cysfs*6),20387,Ser182fs,-,serine,-,-,Severe,-,-,<1,<1,,,,,
4391,14637,c.545_546delCT,7,Deletion,Frameshift,-,-,-,"Frameshift, de novo in MGF (32)",Ser182fs,545,-,182,136,Linker,Exon 6,p.(Ser182Cysfs*6),20387,Ser182fs,-,serine,-,-,Moderate,-,-,2%,<1,,,,,
4391,14638,c.545_546delCT,7,Deletion,Frameshift,-,-,-,"Frameshift, de novo in MGF (32)",Ser182fs,545,-,182,136,Linker,Exon 6,p.(Ser182Cysfs*6),20387,Ser182fs,-,serine,-,-,-,-,-,-,-,,,,,
4391,14639,c.545_546delCT,7,Deletion,Frameshift,-,-,-,"Frameshift, de novo in MGF (32)",Ser182fs,545,-,182,136,Linker,Exon 6,p.(Ser182Cysfs*6),20387,Ser182fs,-,serine,-,-,Severe,-,-,<1,-,,,,,
4391,15100,c.545_546delCT,7,Deletion,Frameshift,No,-,-,"Frameshift, de novo in MGF (32)",Ser182fs,545,-,182,136,Linker,Exon 6,p.(Ser182Cysfs*6),20387,Ser182fs,-,serine,-,-,Severe,-,-,-,-,,,,,
4391,15162,c.545_546delCT,7,Deletion,Frameshift,No,-,-,"Frameshift, de novo in MGF (32)",Ser182fs,545,-,182,136,Linker,Exon 6,p.(Ser182Cysfs*6),20387,Ser182fs,-,serine,-,-,Severe,-,-,-,-,,,,,
4391,16236,c.545_546delCT,7,Deletion,Frameshift,No,-,-,"Frameshift, de novo in MGF (32)",Ser182fs,545,-,182,136,Linker,Exon 6,p.(Ser182Cysfs*6),20387,Ser182fs,-,serine,-,-,Severe,-,-,<1,-,,,,,
4392,14640,c.547_548delGT,1,Deletion,Frameshift,-,-,-,Frameshift,Val183fs,547,-,183,137,Linker,Exon 6,p.(Val183Phefs*5),20389,Val183fs,-,valine,-,-,Moderate,-,-,2%,-,,,,,
4393,14641,c.568_569del,1,Deletion,Frameshift,-,-,-,Frameshift,Thr190fs,568,-,190,144,Linker,Exon 6,p.(Thr190Profs*3),20409,Thr190fs,-,threonine,-,-,Severe,-,-,-,-,,,,,
4394,14642,c.583_584del,1,Deletion,Frameshift,-,-,-,Frameshift,Val > Phefs,583,-,195,149,Activation Peptide,Exon 6,p.(Val195Phefs*3),20424,Val,Phefs,valine,-,-,-,-,-,-,-,,,,,
4395,14643,c.604_605delGT,1,Deletion,Frameshift,-,-,-,frameshift,Val202fs,604,-,202,156,Activation Peptide,Exon 6,p.(Val202Lysfs*4),20446,Val202fs,-,valine,-,-,Severe,-,-,<1,-,,,,,
4396,14644,c.627_639delCATTTTGGATAAC,1,Deletion,Frameshift,-,-,-,"Frameshift, de novo in MGM (23)",Ile210fs*,627,-,210,164,Activation Peptide,Exon 6,p.(Ile210Serfs*32),20469,Ile210fs*,-,threonine,-,-,Severe,-,-,<1,-,,,,,
4397,14645,c.687_689delTGG,1,Deletion,Inframe,-,-,-,In frame,Gly,687,-,229,183,Serine Protease,Exon 6,p.(Gly229del),20529,Gly,-,-,-,-,Severe,-,-,<1,97%,,,,,
4398,14646,c.689_691delGAG,9,Deletion,Inframe,-,-,-,In frame,Gly,689,-,230,184,Serine Protease,Exon 6,p.(Gly230del),20531,Gly,-,-,-,-,Moderate,-,-,1%,-,,,,,
4398,14647,c.689_691delGAG,9,Deletion,Inframe,-,-,-,In frame,Gly,689,-,230,184,Serine Protease,Exon 6,p.(Gly230del),20531,Gly,-,-,-,-,Severe,-,-,<1,100%,,,,,
4398,14648,c.689_691delGAG,9,Deletion,Inframe,-,-,-,In frame,Gly,689,-,230,184,Serine Protease,Exon 6,p.(Gly230del),20531,Gly,-,-,-,-,Moderate,-,-,2%,-,,,,,
4398,14649,c.689_691delGAG,9,Deletion,Inframe,-,-,-,In frame,Gly,689,-,230,184,Serine Protease,Exon 6,p.(Gly230del),20531,Gly,-,-,-,-,-,-,-,-,-,,,,,
4398,14650,c.689_691delGAG,9,Deletion,Inframe,-,-,-,In frame,Gly,689,-,230,184,Serine Protease,Exon 6,p.(Gly230del),20531,Gly,-,-,-,-,Moderate,-,-,1%,-,,,,,
4398,14651,c.689_691delGAG,9,Deletion,Inframe,-,-,-,In frame,Gly,689,-,230,184,Serine Protease,Exon 6,p.(Gly230del),20531,Gly,-,-,-,-,Severe,-,-,<1,92%,,,,,
4398,14652,c.689_691delGAG,9,Deletion,Inframe,-,-,-,In frame,Gly,689,-,230,184,Serine Protease,Exon 6,p.(Gly230del),20531,Gly,-,-,-,-,Severe,-,-,<1,-,,,,,
4398,16243,c.689_691delGAG,9,Deletion,Inframe,No,-,-,In frame,Gly,689,-,230,184,Serine Protease,Exon 6,p.(Gly230del),20531,Gly,-,-,-,-,Severe,-,-,<1,-,,,,,
4398,16244,c.689_691delGAG,9,Deletion,Inframe,No,-,-,In frame,Gly,689,-,230,184,Serine Protease,Exon 6,p.(Gly230del),20531,Gly,-,-,-,-,Severe,-,-,<1,-,,,,,
4399,14653,c.693_695delAGA,1,Deletion,Inframe,-,-,-,In frame,Glu,693,-,231,185,Serine Protease,Exon 6,p.(Glu231del),20535,Glu,-,glutamic acid,-,-,Severe,-,-,-,-,,,,,
4400,14654,c.743_745delTTG,1,Deletion,Inframe,-,-,-,In frame,Val248del,743,-,248,202,Serine Protease,Exon 7,p.(Val248del),30058,Val248del,-,valine,-,-,-,-,-,-,-,,,,,
4401,14655,c.744_747delTGAT,1,Deletion,Frameshift,-,-,-,Frameshift,Val248fs,744,-,248,202,Serine Protease,Exon 7,p.(Val248Valfs*15),30059,Val248fs,-,valine,-,-,-,-,-,-,-,,,,,
4402,14656,c.856_858delGAG,4,Deletion,Inframe,-,-,-,In frame,Glu286del,856,-,286,240,Serine Protease,Exon 8,p.(Glu286del),30839,Glu286del,-,glutamic acid,-,-,Severe,-,-,<1,-,,,,,
4402,14657,c.856_858delGAG,4,Deletion,Inframe,-,-,-,In frame,Glu286del,856,-,286,240,Serine Protease,Exon 8,p.(Glu286del),30839,Glu286del,-,glutamic acid,-,-,Severe,-,-,<1,-,,,,,
4402,14658,c.856_858delGAG,4,Deletion,Inframe,-,-,-,In frame,Glu286del,856,-,286,240,Serine Protease,Exon 8,p.(Glu286del),30839,Glu286del,-,glutamic acid,-,-,Severe,-,-,<1,-,,,,,
4402,14659,c.856_858delGAG,4,Deletion,Inframe,-,-,-,In frame,Glu286del,856,-,286,240,Serine Protease,Exon 8,p.(Glu286del),30839,Glu286del,-,glutamic acid,-,-,Severe,-,-,-,-,,,,,
4403,14660,c.907_909del,1,Deletion,Inframe,-,-,-,In frame,His303del,907,-,303,257,Serine Protease,Exon 8,p.(His303del),30887,His303del,-,histidine,-,-,Severe,-,-,<1,-,,,,,
4404,14661,c.967_974delGAACCCTT,2,Deletion,Frameshift,Yes,-,-,"Frameshift at Asp-276, Stop at 287, Inhibitor",Glu323fs*,967,-,323,277,Serine Protease,Exon 8,p.(Glu323Serfs*13),30950,Glu323fs*,-,aspartic acid,-,-,Severe,-,-,<1,<1,,,,,
4404,15273,c.967_974delGAACCCTT,2,Deletion,Frameshift,-,-,-,"Frameshift at Asp-276, Stop at 287, Inhibitor",Glu323fs*,967,-,323,277,Serine Protease,Exon 8,p.(Glu323Serfs*13),30950,Glu323fs*,-,aspartic acid,-,-,Severe,-,-,<1,<1,,,,,
4405,14662,c.1059_1068del,1,Deletion,Frameshift,-,-,-,-,Ser > Glufs,1059,-,354,308,Serine Protease,Exon 8,p.(Ser354Glufs*11),31042,Ser,Glufs,serine,-,-,Severe,-,-,<1,-,,,,,
4406,14663,c.1074_1075delAG,2,Deletion,Frameshift,-,-,-,Frameshift,Arg358fs,1074,-,358,312,Serine Protease,Exon 8,p.(Arg358Serfs*15),31055,Arg358fs,-,arginine,-,-,Severe,-,-,<1,-,,,,,
4406,16239,c.1074_1075delAG,2,Deletion,Frameshift,No,-,-,Frameshift,Arg358fs,1074,-,358,312,Serine Protease,Exon 8,p.(Arg358Serfs*15),31055,Arg358fs,-,arginine,-,-,Moderate,-,-,1%,-,,,,,
4407,14664,c.1077_1078delCT,1,Deletion,Frameshift,-,-,-,"Frameshift at Val-313, Stop at 326",Val359fs,1077,-,359,313,Serine Protease,Exon 8,p.(Val359Valfs*14),31060,Val359fs,-,valine,-,-,Severe,-,-,<1,<1,,,,,
4408,14665,c.1100_1107delTAGTTCTT,1,Deletion,Frameshift,-,-,-,Frameshift,Leu367fs,1100,-,367,321,Serine Protease,Exon 8,p.(Leu367Tyrfs*57),31083,Leu367fs,-,leucine,-,-,Severe,-,-,<1,-,,,,,
4409,14667,c.1130_1132delTTG,6,Deletion,Inframe,-,-,-,In frame,Val377del,1130,-,377,331,Serine Protease,Exon 8,p.(Val377del),31113,Val377del,-,valine,-,-,Severe,-,-,<1,<1,,,,,
4409,14668,c.1130_1132delTTG,6,Deletion,Inframe,-,-,-,In frame,Val377del,1130,-,377,331,Serine Protease,Exon 8,p.(Val377del),31113,Val377del,-,valine,-,-,Severe,-,-,<1,-,,,,,
4409,14669,c.1130_1132delTTG,6,Deletion,Inframe,-,-,-,In frame,Val377del,1130,-,377,331,Serine Protease,Exon 8,p.(Val377del),31113,Val377del,-,valine,-,-,Severe,-,-,<1,-,,,,,
4409,14670,c.1130_1132delTTG,6,Deletion,Inframe,-,-,-,In frame,Val377del,1130,-,377,331,Serine Protease,Exon 8,p.(Val377del),31113,Val377del,-,valine,-,-,Severe,-,-,<1,-,,,,,
4409,14671,c.1130_1132delTTG,6,Deletion,Inframe,-,-,-,In frame,Val377del,1130,-,377,331,Serine Protease,Exon 8,p.(Val377del),31113,Val377del,-,valine,-,-,Severe,-,-,-,-,,,,,
4409,14672,c.1130_1132delTTG,6,Deletion,Inframe,-,-,-,In frame,Val377del,1130,-,377,331,Serine Protease,Exon 8,p.(Val377del),31113,Val377del,-,valine,-,-,Severe,-,-,<1,-,,,,,
4410,14673,c.1145_1146del,1,Deletion,Frameshift,-,-,-,-,Cys382fs*,1145,-,382,336,Serine Protease,Exon 8,p.(Cys382Serfs*10),31126,Cys382fs*,-,cysteine,-,-,-,-,-,-,-,,,,,
4411,14674,c.1151_1154del,1,Deletion,Frameshift,-,-,-,-,Arg > Leufs*,1151,-,384,338,Serine Protease,Exon 8,p.(Arg384Leufs*41),31134,Arg,Leufs*,arginine,-,-,Severe,-,-,<1,-,,,,,
4412,14675,c.1166_1168delCCA,1,Deletion,Frameshift,-,-,-,"Frameshift,see 31158",Thr389fs,1166,-,389,343,Serine Protease,Exon 8,p.(Thr389del),31149,Thr389fs,-,threonine,-,-,Severe,-,-,<1,<1,,,,,
4413,14676,c.1178_1180del,2,Deletion,Inframe,-,-,-,"Deletion AAC, heterozygous granddaughter tested",Asn393del,1178,-,393,347,Serine Protease,Exon 8,p.(Asn393del),31157,Asn393del,-,asparagine,-,-,Mild,-,-,-,-,,,,,
4413,14677,c.1178_1180del,2,Deletion,Inframe,-,-,-,"Deletion AAC, heterozygous granddaughter tested",Asn393del,1178,-,393,347,Serine Protease,Exon 8,p.(Asn393del),31157,Asn393del,-,asparagine,-,-,Moderate,-,-,4%,51%,,,,,
4414,14678,c.1178_1180del,1,Deletion,Inframe,-,-,-,In Frame Deletion,Asn393del,1178,-,393,347,Serine Protease,Exon 8,p.(Asn393del),31160,Asn393del,-,asparagine,-,-,-,-,-,-,-,,,,,
4415,14023,c.1178_1180delACA,3,Deletion,Frameshift,-,-,-,In frame,Asn393fs,1178,-,393,347,Serine Protease,Exon 8,p.(Asn393del),31161,Asn393fs,-,asparagine,-,-,Severe,-,-,0.60%,-,,,,,
4415,14679,c.1178_1180delACA,3,Deletion,Frameshift,-,-,-,In frame,Asn393fs,1178,-,393,347,Serine Protease,Exon 8,p.(Asn393del),31161,Asn393fs,-,asparagine,-,-,-,-,-,-,-,,,,,
4415,15167,c.1178_1180delACA,3,Deletion,Frameshift,No,-,-,In frame,Asn393fs,1178,-,393,347,Serine Protease,Exon 8,p.(Asn393del),31161,Asn393fs,-,asparagine,-,-,Severe,-,-,-,-,,,,,
4416,14680,c.1213_1214delGA,2,Deletion,Frameshift,-,-,-,"Frameshift, de novo in mother (18)",Asp405fs*6,1213,-,405,359,Serine Protease,Exon 8,p.(Asp405Phefs*6),31196,Asp405fs*6,-,aspartic acid,-,-,Severe,-,-,<1,-,,,,,
4416,14681,c.1213_1214delGA,2,Deletion,Frameshift,-,-,-,"Frameshift, de novo in mother (18)",Asp405fs*6,1213,-,405,359,Serine Protease,Exon 8,p.(Asp405Phefs*6),31196,Asp405fs*6,-,aspartic acid,-,-,Severe,-,-,<1,-,,,,,
4417,14682,c.1301_1302delAG,1,Deletion,Frameshift,-,-,-,Frameshift,Glu434fs,1301,-,434,388,Serine Protease,Exon 8,p.(Glu434Valfs*21),31284,Glu434fs,-,glutamic acid,-,-,-,-,-,-,-,,,,,
4418,14683,c.1305_1306delTG,2,Deletion,Frameshift,-,-,-,"Frameshift, de novo in mother",Ala436Asnfs,1305,-,436,390,Serine Protease,Exon 8,p.(Ala436Asnfs*19),31288,Ala436Asnfs,-,alanine,-,-,Severe,-,-,<1,-,,,,,
4418,16240,c.1305_1306delTG,2,Deletion,Frameshift,No,-,-,"Frameshift, de novo in mother",Ala436Asnfs,1305,-,436,390,Serine Protease,Exon 8,p.(Ala436Asnfs*19),31288,Ala436Asnfs,-,alanine,-,-,Moderate,-,-,2%,-,,,,,
4419,14684,c.1326_1339delAATATATACCAAGG,1,Deletion,Frameshift,-,-,-,Frameshift,Gly442fs,1326,-,442,396,Serine Protease,Exon 8,p.(Gly442Glyfs*9),31309,Gly442fs,-,glycine,-,-,Severe,-,-,<1,-,,,,,
4420,14685,c.1343_1350delCCCGGTAT,1,Deletion,Frameshift,-,-,-,"Frameshift, de novo in mother (29)",Ser448fs*,1343,-,448,402,Serine Protease,Exon 8,p.(Ser448Cysfs*5),31326,Ser448fs*,-,serine,-,-,Severe,-,-,<1,-,,,,,
4421,14686,c.1373_1375del,1,Deletion,Inframe,-,-,-,In frame,Thr458del,1373,-,458,412,Serine Protease,Exon 8,p.(Thr458del),31355,Thr458del,-,threonine,-,-,-,-,-,-,-,,,,,
4422,14687,c.1362delT,1,Deletion,Frameshift,-,-,-,Frameshift,Ile454fs,1362,-,454,408,Serine Protease,Exon 8,p.(Ile454fs*?),31345,Ile454fs,-,isoleucine,-,-,Severe,-,-,<1,0.20%,,,,,
4423,14688,c.1372delA,6,Deletion,Frameshift,-,-,-,Frameshift,Thr458fs*25,1372,-,458,412,Serine Protease,Exon 8,p.(Thr458Glnfs*25),31355,Thr458fs*25,-,threonine,-,-,Severe,-,-,<1,-,,,,,
4423,14689,c.1372delA,6,Deletion,Frameshift,-,-,-,Frameshift,Thr458fs*25,1372,-,458,412,Serine Protease,Exon 8,p.(Thr458Glnfs*25),31355,Thr458fs*25,-,threonine,-,-,Severe,-,-,<1,<1,,,,,
4423,14690,c.1372delA,6,Deletion,Frameshift,-,-,-,Frameshift,Thr458fs*25,1372,-,458,412,Serine Protease,Exon 8,p.(Thr458Glnfs*25),31355,Thr458fs*25,-,threonine,-,-,Severe,-,-,<1,<9,,,,,
4423,14691,c.1372delA,6,Deletion,Frameshift,-,-,-,Frameshift,Thr458fs*25,1372,-,458,412,Serine Protease,Exon 8,p.(Thr458Glnfs*25),31355,Thr458fs*25,-,threonine,-,-,Severe,-,-,0%,-,,,,,
4423,16241,c.1372delA,6,Deletion,Frameshift,No,-,-,Frameshift,Thr458fs*25,1372,-,458,412,Serine Protease,Exon 8,p.(Thr458Glnfs*25),31355,Thr458fs*25,-,threonine,-,-,Severe,-,-,<1,-,,,,,
4423,16242,c.1372delA,6,Deletion,Frameshift,No,-,-,Frameshift,Thr458fs*25,1372,-,458,412,Serine Protease,Exon 8,p.(Thr458Glnfs*25),31355,Thr458fs*25,-,threonine,-,-,Severe,-,-,<1,-,,,,,
4424,14692,c.88+5_88+8del,8,Deletion,-,-,-,-,-,-,88,-,,,-,Intron 1,N/A,118,-,-,-,-,-,-,-,-,-,-,,,,,
4424,14693,c.88+5_88+8del,8,Deletion,-,-,-,-,-,-,88,-,,,-,Intron 1,N/A,118,-,-,-,-,-,-,-,-,-,-,,,,,
4424,14694,c.88+5_88+8del,8,Deletion,-,-,-,-,-,-,88,-,,,-,Intron 1,N/A,118,-,-,-,-,-,Moderate,-,-,1%,-,,,,,
4424,14695,c.88+5_88+8del,8,Deletion,-,-,-,-,-,-,88,-,,,-,Intron 1,N/A,118,-,-,-,-,-,Severe,-,-,0%,-,,,,,
4424,14696,c.88+5_88+8del,8,Deletion,-,-,-,-,-,-,88,-,,,-,Intron 1,N/A,118,-,-,-,-,-,-,-,-,-,-,,,,,
4424,15046,c.88+5_88+8del,8,Deletion,-,No,-,-,-,-,88,-,,,-,Intron 1,N/A,118,-,-,-,-,-,Severe,-,-,<1,-,,,,,
4424,16245,c.88+5_88+8del,8,Deletion,-,No,-,-,-,-,88,-,,,-,Intron 1,N/A,118,-,-,-,-,-,Severe,-,-,<1,-,,,,,
4424,16246,c.88+5_88+8del,8,Deletion,-,No,-,-,-,-,88,-,,,-,Intron 1,N/A,118,-,-,-,-,-,Moderate,-,-,2%,-,,,,,
4425,14697,c.252+1delG,1,Deletion,Splice,-,-,-,Acceptor splice (c ),-,252,-,,,-,Intron 2,N/A,6490,-,-,-,-,-,-,-,-,-,-,,,,,
4426,14698,c.252+3_252+6delGAGT,3,Deletion,-,-,-,-,"Double (see 31,103), Donor splice (b) probably causes disease",-,252,-,,,-,Intron 2,N/A,6492,-,-,-,-,-,Moderate,-,-,1%,<1,Also has p.Val374Ile polymorphism,,,,
4426,14699,c.252+3_252+6delGAGT,3,Deletion,-,-,-,-,"Double (see 31,103), Donor splice (b) probably causes disease",-,252,-,,,-,Intron 2,N/A,6492,-,-,-,-,-,Severe,-,-,<1,<1,,,,,
4426,14700,c.252+3_252+6delGAGT,3,Deletion,-,-,-,-,"Double (see 31,103), Donor splice (b) probably causes disease",-,252,-,,,-,Intron 2,N/A,6492,-,-,-,-,-,Severe,-,-,<1,1%,,,,,
4427,14701,c.253-19_253-16del,1,Deletion,-,-,-,-,Acceptor splice (c)?,-,253,-,,,-,Intron 2,N/A,6660,-,-,-,-,-,Moderate,-,-,2%,-,,,,,
4428,14702,c.253-12_253-3delTATTCTTTAT,1,Deletion,-,-,-,-,"Acceptor splice (c), de novo in MGF or MGM",-,253,-,,,-,Intron 2,N/A,6666,-,-,-,-,-,Severe,-,-,<1,0.20%,,,,,
4429,14703,c.391+5_391+8del,3,Deletion,-,-,-,-,Donor splice (d),-,391,-,,,-,Intron 4,N/A,10506,-,-,-,-,-,Moderate,-,-,5%,15%,,,,,
4429,14704,c.391+5_391+8del,3,Deletion,-,-,-,-,Donor splice (d),-,391,-,,,-,Intron 4,N/A,10506,-,-,-,-,-,Moderate,-,-,5%,15%,,,,,
4429,14705,c.391+5_391+8del,3,Deletion,-,-,-,-,Donor splice (d),-,391,-,,,-,Intron 4,N/A,10506,-,-,-,-,-,-,-,-,-,-,,,,,
4430,14706,c.392-7_392-4del,1,Deletion,-,-,-,-,Acceptor splice (e),-,392,-,,,-,Intron 4,N/A,17660,-,-,-,-,-,Mild,-,-,20%,-,,,,,
4431,14707,c.392-2delA,1,Deletion,Splice,-,-,-,Acceptor splice (e),-,392,-,,,-,Intron 4,N/A,17667,-,-,-,-,-,Severe,-,-,-,-,,,,,
4432,14708,c.839-10_839-5del,1,Deletion,-,-,-,-,Acceptor splice (h),-,839,-,,,-,Intron 7,N/A,30808,-,-,-,-,-,Mild,-,-,10%,-,,,,,
4433,14709,c.88+1G>A,2,Point,Splice,-,-,-,Donor splice (a),-,88,-,,,-,Intron 1,N/A,118,-,-,-,-,-,Severe,-,-,<1,<1,,,,,
4433,14710,c.88+1G>A,2,Point,Splice,-,-,-,Donor splice (a),-,88,-,,,-,Intron 1,N/A,118,-,-,-,-,-,-,-,-,-,-,,,,,
4434,14711,c.88+1G>T,2,Point,Splice,-,-,-,Donor splice (a),-,88,-,,,-,Intron 1,N/A,118,-,-,-,-,-,Moderate,-,-,4%,-,,,,,
4434,14712,c.88+1G>T,2,Point,Splice,-,-,-,Donor splice (a),-,88,-,,,-,Intron 1,N/A,118,-,-,-,-,-,Severe,-,-,<1,-,,,,,
4435,14713,c.88+2T>C,2,Point,Splice,-,-,-,Donor splice (a),-,88,-,,,-,Intron 1,N/A,119,-,-,-,-,-,-,-,-,-,-,,,,,
4435,14714,c.88+2T>C,2,Point,Splice,-,-,-,Donor splice (a),-,88,-,,,-,Intron 1,N/A,119,-,-,-,-,-,Severe,-,-,<1,-,,,,,
4436,14715,c.88+2T>G,1,Point,Splice,-,-,-,Donor splice (a),-,88,-,,,-,Intron 1,N/A,119,-,-,-,-,-,Severe,-,-,<1,-,,,,,
4437,14716,c.88+5G>A,5,Point,-,-,-,-,"Donor splice (a), de novo in MGF",-,88,-,,,-,Intron 1,N/A,122,-,-,-,-,-,Moderate,-,-,3%,2%,,,,,
4437,14717,c.88+5G>A,5,Point,-,-,-,-,"Donor splice (a), de novo in MGF",-,88,-,,,-,Intron 1,N/A,122,-,-,-,-,-,Moderate,-,-,5%,-,,,,,
4437,14718,c.88+5G>A,5,Point,-,-,-,-,"Donor splice (a), de novo in MGF",-,88,-,,,-,Intron 1,N/A,122,-,-,-,-,-,-,-,-,-,-,,,,,
4437,14719,c.88+5G>A,5,Point,-,-,-,-,"Donor splice (a), de novo in MGF",-,88,-,,,-,Intron 1,N/A,122,-,-,-,-,-,Severe,-,-,<1,<1,,,,,
4437,14720,c.88+5G>A,5,Point,-,-,-,-,"Donor splice (a), de novo in MGF",-,88,-,,,-,Intron 1,N/A,122,-,-,-,-,-,Mild,-,-,8.40%,-,,,,,
4438,14721,c.88+5G>C,3,Point,-,-,-,-,Donor splice (a),-,88,-,,,-,Intron 1,N/A,118,-,-,-,-,-,Severe,-,-,<1,-,,,,,
4438,14724,c.88+5G>C,3,Point,-,-,-,-,Donor splice (a),-,88,-,,,-,Intron 1,N/A,118,-,-,-,-,-,Moderate,-,-,3.80%,-,,,,,
4438,14725,c.88+5G>C,3,Point,-,-,-,-,Donor splice (a),-,88,-,,,-,Intron 1,N/A,118,-,-,-,-,-,Moderate,-,-,-,-,,,,,
4439,14726,c.88+5G>T,3,Point,-,-,-,-,Donor splice (a),-,88,-,,,-,Intron 1,N/A,122,-,-,-,-,-,Moderate,-,-,1%,1%,,,,,
4439,14727,c.88+5G>T,3,Point,-,-,-,-,Donor splice (a),-,88,-,,,-,Intron 1,N/A,122,-,-,-,-,-,Severe,-,-,<1,-,,,,,
4439,15290,c.88+5G>T,3,Point,-,-,-,-,Donor splice (a),-,88,-,,,-,Intron 1,N/A,122,-,-,-,-,-,Moderate,-,-,4%,-,,,,,
4440,14728,c.89-1G>A,2,Point,Splice,-,-,-,Acceptor splice (b),-,89,-,,,-,Intron 1,N/A,6325,-,-,-,-,-,Severe,-,-,<1,-,,,,,
4440,14729,c.89-1G>A,2,Point,Splice,-,-,-,Acceptor splice (b),-,89,-,,,-,Intron 1,N/A,6325,-,-,-,-,-,Severe,-,-,<1,-,,,,,
4441,14730,c.89-1G>C,1,Point,Splice,-,-,-,Acceptor splice (b),-,89,-,,,-,Intron 1,N/A,6325,-,-,-,-,-,-,-,-,-,-,,,,,
4442,14731,c.89-1G>T,2,Point,Splice,-,-,-,Acceptor splice (b),-,89,-,,,-,Intron 1,N/A,6325,-,-,-,-,-,Severe,-,-,<1,-,,,,,
4442,16159,c.89-1G>T,2,Point,Splice,No,-,-,Acceptor splice (b),-,89,-,,,-,Intron 1,N/A,6325,-,-,-,-,-,Severe,-,-,<1,-,,,,,
4443,11778,c.89-6T>G,3,Point,-,-,-,-,Acceptor splice (b),-,89,-,,,-,Intron 1,N/A,6320,-,-,-,-,-,Severe,-,-,<1,-,,,,,
4443,14732,c.89-6T>G,3,Point,-,-,-,-,Acceptor splice (b),-,89,-,,,-,Intron 1,N/A,6320,-,-,-,-,-,Severe,-,-,-,-,,,,,
4443,14733,c.89-6T>G,3,Point,-,-,-,-,Acceptor splice (b),-,89,-,,,-,Intron 1,N/A,6320,-,-,-,-,-,-,-,-,-,-,,,,,
4444,14734,c.252+4A>G,1,Point,-,-,-,-,Donor splice (b),-,252,-,,,-,Intron 2,N/A,6493,-,-,-,-,-,Severe,-,-,<1,-,,,,,
4445,14735,c.252+5G>A,9,Point,-,-,-,-,Donor splice (b),-,252,-,,,-,Intron 2,N/A,6494,-,-,-,-,-,Severe,-,-,<1,-,,,,,
4445,14736,c.252+5G>A,9,Point,-,-,-,-,Donor splice (b),-,252,-,,,-,Intron 2,N/A,6494,-,-,-,-,-,Moderate,-,-,1%,-,,,,,
4445,14737,c.252+5G>A,9,Point,-,-,-,-,Donor splice (b),-,252,-,,,-,Intron 2,N/A,6494,-,-,-,-,-,-,-,-,-,-,,,,,
4445,14738,c.252+5G>A,9,Point,-,-,-,-,Donor splice (b),-,252,-,,,-,Intron 2,N/A,6494,-,-,-,-,-,Severe,-,-,<1,<7,,,,,
4445,14739,c.252+5G>A,9,Point,-,-,-,-,Donor splice (b),-,252,-,,,-,Intron 2,N/A,6494,-,-,-,-,-,Mild,-,-,10%,-,,,,,
4445,14740,c.252+5G>A,9,Point,-,-,-,-,Donor splice (b),-,252,-,,,-,Intron 2,N/A,6494,-,-,-,-,-,-,-,-,-,-,,,,,
4445,14741,c.252+5G>A,9,Point,-,-,-,-,Donor splice (b),-,252,-,,,-,Intron 2,N/A,6494,-,-,-,-,-,-,-,-,-,-,,,,,
4445,14742,c.252+5G>A,9,Point,-,-,-,-,Donor splice (b),-,252,-,,,-,Intron 2,N/A,6494,-,-,-,-,-,Severe,-,-,0%,-,,,,,
4445,16162,c.252+5G>A,9,Point,-,No,-,-,Donor splice (b),-,252,-,,,-,Intron 2,N/A,6494,-,-,-,-,-,Severe,-,-,<1,-,,,,,
4446,14743,c.252+5G>C,1,Point,-,-,-,-,Donor splice (b),-,252,-,,,-,Intron 2,N/A,6494,-,-,-,-,-,Moderate,-,-,1.50%,-,,,,,
4447,14744,c.252+5G>T,1,Point,-,-,-,-,Donor splice (b),-,252,-,,,-,Intron 2,N/A,6494,-,-,-,-,-,Severe,-,-,<1,-,,,,,
4448,14745,c.252+6T>C,3,Point,-,-,-,-,Donor splice (b),-,252,-,,,-,Intron 2,N/A,6495,-,-,-,-,-,Severe,-,-,<1,-,,,,,
4448,14746,c.252+6T>C,3,Point,-,-,-,-,Donor splice (b),-,252,-,,,-,Intron 2,N/A,6495,-,-,-,-,-,-,-,-,-,-,,,,,
4448,14747,c.252+6T>C,3,Point,-,-,-,-,Donor splice (b),-,252,-,,,-,Intron 2,N/A,6495,-,-,-,-,-,Moderate,-,-,1%,1%,,,,,
4449,14748,c.252+86C>G,1,Point,-,-,-,-,"Triple (see 10512, 30897)",-,252,-,,,-,Intron 2,N/A,6575,-,-,-,-,-,Severe,-,-,<1,<1,,,,,
4450,14749,c.253-1G>A,2,Point,Splice,-,-,-,Acceptor splice (c),-,253,-,,,-,Intron 2,N/A,6677,-,-,-,-,-,Severe,-,-,<1,-,,,,,
4450,14750,c.253-1G>A,2,Point,Splice,-,-,-,Acceptor splice (c),-,253,-,,,-,Intron 2,N/A,6677,-,-,-,-,-,Severe,-,-,<1,-,,,,,
4451,14751,c.253-1G>C,2,Point,Splice,-,-,-,Acceptor splice (c),-,253,-,,,-,Intron 2,N/A,6677,-,-,-,-,-,-,-,-,-,-,,,,,
4451,14752,c.253-1G>C,2,Point,Splice,-,-,-,Acceptor splice (c),-,253,-,,,-,Intron 2,N/A,6677,-,-,-,-,-,Moderate,-,-,5%,-,,,,,
4452,14753,c.253-10T>G,1,Point,-,-,-,-,Acceptor splice (c),-,253,-,,,-,Intron 2,N/A,6668,-,-,-,-,-,Severe,-,-,<1,-,,,,,
4453,14754,c.253-2A>G,2,Point,Splice,-,-,-,Acceptor splice (c),-,253,-,,,-,Intron 2,N/A,6676,-,-,-,-,-,Severe,-,-,<1,<1,,,,,
4453,15035,c.253-2A>G,2,Point,Splice,No,-,-,Acceptor splice (c),-,253,-,,,-,Intron 2,N/A,6676,-,-,-,-,-,Severe,-,-,<1,-,,,,,
4454,14755,c.253-25A>G,6,Point,-,-,-,-,New acceptor splice? Intron 2 branch?,-,253,-,,,-,Intron 2,N/A,6653,-,-,-,-,-,Moderate,-,-,1%,-,,,,,
4454,14756,c.253-25A>G,6,Point,-,-,-,-,New acceptor splice? Intron 2 branch?,-,253,-,,,-,Intron 2,N/A,6653,-,-,-,-,-,Severe,-,-,<1,-,,,,,
4454,14757,c.253-25A>G,6,Point,-,-,-,-,New acceptor splice? Intron 2 branch?,-,253,-,,,-,Intron 2,N/A,6653,-,-,-,-,-,-,-,-,-,-,,,,,
4454,15221,c.253-25A>G,6,Point,-,No,-,-,New acceptor splice? Intron 2 branch?,-,253,-,,,-,Intron 2,N/A,6653,-,-,-,-,-,Severe,-,-,-,-,,,,,
4454,16163,c.253-25A>G,6,Point,-,No,-,-,New acceptor splice? Intron 2 branch?,-,253,-,,,-,Intron 2,N/A,6653,-,-,-,-,-,Severe,-,-,<1,-,,,,,
4454,16164,c.253-25A>G,6,Point,-,No,-,-,New acceptor splice? Intron 2 branch?,-,253,-,,,-,Intron 2,N/A,6653,-,-,-,-,-,Severe,-,-,<1,-,,,,,
4455,14759,c.253-3T>G,1,Point,-,-,-,-,-,-,253,-,,,-,Intron 2,N/A,6675,-,-,-,-,-,Moderate,-,-,2%,-,,,,,
4456,14760,c.252+1G>A,2,Point,Splice,-,-,-,Donor splice (b),-,252,-,,,-,Intron 2,N/A,6490,-,-,-,-,-,Severe,-,-,<1,-,,,,,
4456,14953,c.252+1G>A,2,Point,Splice,No,-,-,Donor splice (b),-,252,-,,,-,Intron 2,N/A,6490,-,-,-,-,-,Severe,-,-,<1,-,,,,,
4457,14763,c.252+3G>C,3,Point,-,-,-,-,Donor splice (b),-,252,-,,,-,Intron 2,N/A,6492,-,-,-,-,-,Moderate,-,-,2%,-,,,,,
4457,14764,c.252+3G>C,3,Point,-,-,-,-,Donor splice (b),-,252,-,,,-,Intron 2,N/A,6492,-,-,-,-,-,-,-,-,-,-,,,,,
4457,16161,c.252+3G>C,3,Point,-,No,-,-,Donor splice (b),-,252,-,,,-,Intron 2,N/A,6492,-,-,-,-,-,Severe,-,-,<1,-,,,,,
4458,14765,c.277+1G>A,2,Point,Splice,-,-,-,Donor splice (c),-,277,-,,,-,Intron 3,N/A,6703,-,-,-,-,-,-,-,-,-,-,,,,,
4458,14766,c.277+1G>A,2,Point,Splice,-,-,-,Donor splice (c),-,277,-,,,-,Intron 3,N/A,6703,-,-,-,-,-,Severe,-,-,<1,-,,,,,
4459,14767,c.277+1G>T,1,Point,Splice,-,-,-,Donor splice (c ),-,277,-,,,-,Intron 3,N/A,6703,-,-,-,-,-,-,-,-,-,-,,,,,
4460,14768,c.277+2T>C,3,Point,Splice,-,-,-,Donor splice (c),-,277,-,,,-,Intron 3,N/A,6704,-,-,-,-,-,Mild,-,-,3 to 13,-,,,,,
4460,14769,c.277+2T>C,3,Point,Splice,-,-,-,Donor splice (c),-,277,-,,,-,Intron 3,N/A,6704,-,-,-,-,-,Moderate,-,-,1%,28%,,,,,
4460,14770,c.277+2T>C,3,Point,Splice,-,-,-,Donor splice (c),-,277,-,,,-,Intron 3,N/A,6704,-,-,-,-,-,Severe,-,-,<1,<1,,,,,
4461,14771,c.277+2T>G,1,Point,Splice,-,-,-,Donor splice (c),-,277,-,,,-,Intron 3,N/A,6704,-,-,-,-,-,Severe,-,-,0.50%,0.40%,,,,,
4462,14772,c.277+4A>G,3,Point,-,-,-,-,Donor splice (c),-,277,-,,,-,Intron 3,N/A,6706,-,-,-,-,-,-,-,-,-,<1,,,,,
4462,14773,c.277+4A>G,3,Point,-,-,-,-,Donor splice (c),-,277,-,,,-,Intron 3,N/A,6706,-,-,-,-,-,Severe,-,-,<1,-,,,,,
4462,14969,c.277+4A>G,3,Point,-,No,-,-,Donor splice (c),-,277,-,,,-,Intron 3,N/A,6706,-,-,-,-,-,Moderate,-,-,-,-,,,,,
4463,14774,c.277+5G>A,4,Point,-,-,-,-,Donor splice (c),-,277,-,,,-,Intron 3,N/A,6707,-,-,-,-,-,Moderate,-,-,2%,2%,,,,,
4463,14775,c.277+5G>A,4,Point,-,-,-,-,Donor splice (c),-,277,-,,,-,Intron 3,N/A,6707,-,-,-,-,-,Severe,-,-,<1,-,,,,,
4463,14776,c.277+5G>A,4,Point,-,-,-,-,Donor splice (c),-,277,-,,,-,Intron 3,N/A,6707,-,-,-,-,-,Moderate,-,-,1%,-,,,,,
4463,14990,c.277+5G>A,4,Point,-,No,-,-,Donor splice (c),-,277,-,,,-,Intron 3,N/A,6707,-,-,-,-,-,Moderate,-,-,1.78%,-,,,,,
4464,14777,c.277+5G>C,1,Point,-,-,-,-,"Donor splice (c); Bogazici, HB20; Istanbul 1",-,277,-,,,-,Intron 3,N/A,6707,-,-,-,-,-,Moderate,-,-,5%,-,,,,,
4465,14778,c.278-1G>A,2,Point,Splice,-,-,-,Acceptor splice (d),-,278,-,,,-,Intron 3,N/A,10391,-,-,-,-,-,-,-,-,-,-,,,,,
4465,14779,c.278-1G>A,2,Point,Splice,-,-,-,Acceptor splice (d),-,278,-,,,-,Intron 3,N/A,10391,-,-,-,-,-,Moderate,-,-,3%,-,,,,,
4466,14780,c.278-1G>C,1,Point,Splice,-,-,-,Acceptor splice (d),-,278,-,,,-,Intron 3,N/A,10391,-,-,-,-,-,Severe,-,-,<1,<1,,,,,
4467,14781,c.278-1G>T,3,Point,Splice,-,-,-,Acceptor splice (d),-,278,-,,,-,Intron 3,N/A,10391,-,-,-,-,-,Severe,-,-,-,-,,,,,
4467,14782,c.278-1G>T,3,Point,Splice,-,-,-,Acceptor splice (d),-,278,-,,,-,Intron 3,N/A,10391,-,-,-,-,-,Severe,-,-,<1,-,,,,,
4467,16165,c.278-1G>T,3,Point,Splice,No,-,-,Acceptor splice (d),-,278,-,,,-,Intron 3,N/A,10391,-,-,-,-,-,Moderate,-,-,3%,-,,,,,
4468,14783,c.278-12C>G,1,Point,-,-,-,-,Acceptor splice (d),-,278,-,,,-,Intron 3,N/A,10380,-,-,-,-,-,Severe,-,-,<1,-,,,,,
4469,14784,c.278-13A>G,3,Point,-,-,-,-,Acceptor splice (d),-,278,-,,,-,Intron 3,N/A,10379,-,-,-,-,-,Severe,-,-,-,-,,,,,
4469,14785,c.278-13A>G,3,Point,-,-,-,-,Acceptor splice (d),-,278,-,,,-,Intron 3,N/A,10379,-,-,-,-,-,Moderate,-,-,1 to 5,<30,,,,,
4469,16166,c.278-13A>G,3,Point,-,No,-,-,Acceptor splice (d),-,278,-,,,-,Intron 3,N/A,10379,-,-,-,-,-,Severe,-,-,<1,-,,,,,
4470,14786,c.278-2A>T,3,Point,Splice,-,-,-,Acceptor splice (d),-,278,-,,,-,Intron 3,N/A,10390,-,-,-,-,-,Severe,-,-,<1,-,,,,,
4470,15090,c.278-2A>T,3,Point,Splice,No,-,-,Acceptor splice (d),-,278,-,,,-,Intron 3,N/A,10390,-,-,-,-,-,Severe,-,-,-,-,,,,,
4470,16167,c.278-2A>T,3,Point,Splice,No,-,-,Acceptor splice (d),-,278,-,,,-,Intron 3,N/A,10390,-,-,-,-,-,Severe,-,-,<1,-,,,,,
4471,14790,c.391+1G>A,1,Point,Splice,-,-,-,Donor splice (d),-,391,-,,,-,Intron 4,N/A,10506,-,-,-,-,-,Moderate,-,-,1%,-,,,,,
4472,14791,c.391+1G>C,2,Point,Splice,-,-,-,Donor splice (d),-,391,-,,,-,Intron 4,N/A,10506,-,-,-,-,-,-,-,-,-,-,,,,,
4472,14792,c.391+1G>C,2,Point,Splice,-,-,-,Donor splice (d),-,391,-,,,-,Intron 4,N/A,10506,-,-,-,-,-,Severe,-,-,-,-,,,,,
4473,14793,c.391+2T>A,1,Point,Splice,-,-,-,Donor splice (d),-,391,-,,,-,Intron 4,N/A,10507,-,-,-,-,-,-,-,-,-,-,,,,,
4474,14490,c.391+2T>C,3,Point,Splice,-,-,-,Donor splice (d),-,391,-,,,-,Intron 4,N/A,10507,-,-,-,-,-,Mild,-,-,20%,-,,,,,
4474,14794,c.391+2T>C,3,Point,Splice,-,-,-,Donor splice (d),-,391,-,,,-,Intron 4,N/A,10507,-,-,-,-,-,Mild,-,-,8%,-,,,,,
4474,14795,c.391+2T>C,3,Point,Splice,-,-,-,Donor splice (d),-,391,-,,,-,Intron 4,N/A,10507,-,-,-,-,-,Mild,-,-,8%,-,,,,,
4475,14796,c.391+5G>A,3,Point,-,-,-,-,Donor splice (d),-,391,-,,,-,Intron 4,N/A,10510,-,-,-,-,-,Moderate,-,-,5%,-,,,,,
4475,14797,c.391+5G>A,3,Point,-,-,-,-,Donor splice (d),-,391,-,,,-,Intron 4,N/A,10510,-,-,-,-,-,-,-,-,-,-,,,,,
4475,14798,c.391+5G>A,3,Point,-,-,-,-,Donor splice (d),-,391,-,,,-,Intron 4,N/A,10510,-,-,-,-,-,-,-,-,-,-,,,,,
4476,14799,c.391+7A>G,7,Point,-,-,0.013277521,-,"Double (see 30,864),N",-,391,-,,,-,Intron 4,N/A,10512,-,-,-,-,-,Moderate,-,-,2%,3%,,,,,
4476,14800,c.391+7A>G,7,Point,-,-,0.013277521,-,"Double (see 30,864),N",-,391,-,,,-,Intron 4,N/A,10512,-,-,-,-,-,Severe,-,-,<1,<1,,,,,
4476,14801,c.391+7A>G,7,Point,-,-,0.013277521,-,"Double (see 30,864),N",-,391,-,,,-,Intron 4,N/A,10512,-,-,-,-,-,Severe,-,-,<1,-,,,,,
4476,14802,c.391+7A>G,7,Point,-,-,0.013277521,-,"Double (see 30,864),N",-,391,-,,,-,Intron 4,N/A,10512,-,-,-,-,-,Moderate,-,-,4%,-,,,,,
4476,14803,c.391+7A>G,7,Point,-,-,0.013277521,-,"Double (see 30,864),N",-,391,-,,,-,Intron 4,N/A,10512,-,-,-,-,-,Severe,-,-,<1,-,,,,,
4476,14804,c.391+7A>G,7,Point,-,-,0.013277521,-,"Double (see 30,864),N",-,391,-,,,-,Intron 4,N/A,10512,-,-,-,-,-,Severe,-,-,<1,<1,,,,,
4476,14805,c.391+7A>G,7,Point,-,-,0.013277521,-,"Double (see 30,864),N",-,391,-,,,-,Intron 4,N/A,10512,-,-,-,-,-,Severe,-,-,<1,-,,,,,
4477,14806,c.392-1G>C,4,Point,Splice,-,-,-,Acceptor splice (e),-,392,-,,,-,Intron 4,N/A,17668,-,-,-,-,-,Moderate,-,-,3%,-,,,,,
4477,14807,c.392-1G>C,4,Point,Splice,-,-,-,Acceptor splice (e),-,392,-,,,-,Intron 4,N/A,17668,-,-,-,-,-,-,-,-,-,-,,,,,
4477,14808,c.392-1G>C,4,Point,Splice,-,-,-,Acceptor splice (e),-,392,-,,,-,Intron 4,N/A,17668,-,-,-,-,-,Severe,-,-,<1,<1,,,,,
4477,15223,c.392-1G>C,4,Point,Splice,No,-,-,Acceptor splice (e),-,392,-,,,-,Intron 4,N/A,17668,-,-,-,-,-,Severe,-,-,-,-,,,,,
4478,14809,c.392-2A>G,4,Point,Splice,-,-,-,Acceptor splice (e).De novo in M,-,392,-,,,-,Intron 4,N/A,17667,-,-,-,-,-,Severe,-,-,<1,-,,,,,
4478,14812,c.392-2A>G,4,Point,Splice,-,-,-,Acceptor splice (e).De novo in M,-,392,-,,,-,Intron 4,N/A,17667,-,-,-,-,-,Moderate,-,-,3%,3%,,,,,
4478,15277,c.392-2A>G,4,Point,Splice,-,-,-,Acceptor splice (e).De novo in M,-,392,-,,,-,Intron 4,N/A,17667,-,-,-,-,-,-,-,-,-,-,,,,,
4478,16169,c.392-2A>G,4,Point,Splice,-,-,-,Acceptor splice (e).De novo in M,-,392,-,,,-,Intron 4,N/A,17667,-,-,-,-,-,Severe,-,-,<1,-,,,,,
4479,14810,c.392-2A>T,1,Point,Splice,-,-,-,Acceptor splice (e),-,392,-,,,-,Intron 4,N/A,17667,-,-,-,-,-,Severe,-,-,<1,-,,,,,
4480,14811,c.392-2A>C,1,Point,Splice,-,-,-,Acceptor splice (e),-,392,-,,,-,Intron 4,N/A,17667,-,-,-,-,-,Moderate,-,-,3%,4%,,,,,
4481,14813,c.392-22C>G,1,Point,-,-,-,-,New acceptor splice,-,392,-,,,-,Intron 4,N/A,17647,-,-,-,-,-,Mild,-,-,9%,-,,,,,
4482,14814,c.392-4T>C,1,Point,-,-,-,-,Acceptor splice (e),-,392,-,,,-,Intron 4,N/A,17665,-,-,-,-,-,Severe,-,-,<1,-,,,,,
4483,14815,c.392-569C>A,1,Point,-,-,-,-,-,-,392,-,,,-,Intron 4,N/A,17100,-,-,-,-,-,Severe,-,-,<1,-,,,,,
4484,14816,c.392-8T>G,1,Point,-,-,-,-,acceptor splice,-,392,-,,,-,Intron 4,N/A,17661,-,-,-,-,-,Moderate,-,-,5 to 6,-,,,,,
4485,14817,c.392-9T>G,1,Point,-,-,-,-,Acceptor splice (e),-,392,-,,,-,Intron 4,N/A,17660,-,-,-,-,-,-,-,-,-,-,,,,,
4486,14818,c.520+1G>A,6,Point,Splice,-,-,-,Donor splice (e),-,520,-,,,-,Intron 5,N/A,17798,-,-,-,-,-,Moderate,-,-,1%,-,,,,,
4486,14819,c.520+1G>A,6,Point,Splice,-,-,-,Donor splice (e),-,520,-,,,-,Intron 5,N/A,17798,-,-,-,-,-,-,-,-,-,-,,,,,
4486,14820,c.520+1G>A,6,Point,Splice,-,-,-,Donor splice (e),-,520,-,,,-,Intron 5,N/A,17798,-,-,-,-,-,Severe,-,-,<1,-,,,,,
4486,14821,c.520+1G>A,6,Point,Splice,-,-,-,Donor splice (e),-,520,-,,,-,Intron 5,N/A,17798,-,-,-,-,-,-,-,-,-,-,,,,,
4486,14868,c.520+1G>A,6,Point,Splice,-,-,-,Donor splice (e),-,520,-,,,-,Intron 5,N/A,17798,-,-,-,-,-,-,-,-,-,-,,,,,
4486,14869,c.520+1G>A,6,Point,Splice,-,-,-,Donor splice (e),-,520,-,,,-,Intron 5,N/A,17798,-,-,-,-,-,Severe,-,-,<1,-,,,,,
4487,12616,c.520+1G>T,5,Point,Splice,-,-,-,"Donor splice (e), de novo in MGM(27)",-,520,-,,,-,Intron 5,N/A,17798,-,-,-,-,-,Severe,-,-,0.40%,-,,,,,
4487,14822,c.520+1G>T,5,Point,Splice,-,-,-,"Donor splice (e), de novo in MGM(27)",-,520,-,,,-,Intron 5,N/A,17798,-,-,-,-,-,Severe,-,-,<1,-,,,,,
4487,14823,c.520+1G>T,5,Point,Splice,-,-,-,"Donor splice (e), de novo in MGM(27)",-,520,-,,,-,Intron 5,N/A,17798,-,-,-,-,-,Severe,-,-,<1,<1,conference abstract,,,,
4487,14824,c.520+1G>T,5,Point,Splice,-,-,-,"Donor splice (e), de novo in MGM(27)",-,520,-,,,-,Intron 5,N/A,17798,-,-,-,-,-,Severe,-,-,<1,-,,,,,
4487,14825,c.520+1G>T,5,Point,Splice,-,-,-,"Donor splice (e), de novo in MGM(27)",-,520,-,,,-,Intron 5,N/A,17798,-,-,-,-,-,Severe,-,-,-,-,,,,,
4488,12617,c.520+13A>G,35,Point,-,-,-,-,New donor splice ?,-,520,-,,,-,Intron 5,N/A,17810,-,-,-,-,-,Moderate,-,-,-,-,,,,,
4488,14826,c.520+13A>G,35,Point,-,-,-,-,New donor splice ?,-,520,-,,,-,Intron 5,N/A,17810,-,-,-,-,-,Mild,-,-,10%,-,,,,,
4488,14827,c.520+13A>G,35,Point,-,-,-,-,New donor splice ?,-,520,-,,,-,Intron 5,N/A,17810,-,-,-,-,-,Mild,-,-,10%,-,,,,,
4488,14828,c.520+13A>G,35,Point,-,-,-,-,New donor splice ?,-,520,-,,,-,Intron 5,N/A,17810,-,-,-,-,-,-,-,-,-,-,,,,,
4488,14829,c.520+13A>G,35,Point,-,-,-,-,New donor splice ?,-,520,-,,,-,Intron 5,N/A,17810,-,-,-,-,-,Moderate,-,-,5%,5%,,,,,
4488,14830,c.520+13A>G,35,Point,-,-,-,-,New donor splice ?,-,520,-,,,-,Intron 5,N/A,17810,-,-,-,-,-,Mild,-,-,20%,-,,,,,
4488,14831,c.520+13A>G,35,Point,-,-,-,-,New donor splice ?,-,520,-,,,-,Intron 5,N/A,17810,-,-,-,-,-,Moderate,-,-,4%,-,,,,,
4488,14832,c.520+13A>G,35,Point,-,-,-,-,New donor splice ?,-,520,-,,,-,Intron 5,N/A,17810,-,-,-,-,-,Mild,-,-,6%,-,,,,,
4488,14833,c.520+13A>G,35,Point,-,-,-,-,New donor splice ?,-,520,-,,,-,Intron 5,N/A,17810,-,-,-,-,-,Severe,-,-,<1,10%,,,,,
4488,14834,c.520+13A>G,35,Point,-,-,-,-,New donor splice ?,-,520,-,,,-,Intron 5,N/A,17810,-,-,-,-,-,Mild,-,-,11%,4%,,,,,
4488,14835,c.520+13A>G,35,Point,-,-,-,-,New donor splice ?,-,520,-,,,-,Intron 5,N/A,17810,-,-,-,-,-,Moderate,-,-,3%,-,,,,,
4488,14836,c.520+13A>G,35,Point,-,-,-,-,New donor splice ?,-,520,-,,,-,Intron 5,N/A,17810,-,-,-,-,-,Moderate,-,-,3%,6%,,,,,
4488,14837,c.520+13A>G,35,Point,-,-,-,-,New donor splice ?,-,520,-,,,-,Intron 5,N/A,17810,-,-,-,-,-,Moderate,-,-,5%,-,,,,,
4488,14838,c.520+13A>G,35,Point,-,-,-,-,New donor splice ?,-,520,-,,,-,Intron 5,N/A,17810,-,-,-,-,-,Moderate,-,-,2%,6%,,,,,
4488,14839,c.520+13A>G,35,Point,-,-,-,-,New donor splice ?,-,520,-,,,-,Intron 5,N/A,17810,-,-,-,-,-,Mild,-,-,8%,-,,,,,
4488,14840,c.520+13A>G,35,Point,-,-,-,-,New donor splice ?,-,520,-,,,-,Intron 5,N/A,17810,-,-,-,-,-,Mild,-,-,6%,-,,,,,
4488,14841,c.520+13A>G,35,Point,-,-,-,-,New donor splice ?,-,520,-,,,-,Intron 5,N/A,17810,-,-,-,-,-,Mild,-,-,6%,-,,,,,
4488,14842,c.520+13A>G,35,Point,-,-,-,-,New donor splice ?,-,520,-,,,-,Intron 5,N/A,17810,-,-,-,-,-,-,-,-,-,-,,,,,
4488,14843,c.520+13A>G,35,Point,-,-,-,-,New donor splice ?,-,520,-,,,-,Intron 5,N/A,17810,-,-,-,-,-,-,-,-,-,-,,,,,
4488,14844,c.520+13A>G,35,Point,-,-,-,-,New donor splice ?,-,520,-,,,-,Intron 5,N/A,17810,-,-,-,-,-,Moderate,-,-,5%,6%,,,,,
4488,14845,c.520+13A>G,35,Point,-,-,-,-,New donor splice ?,-,520,-,,,-,Intron 5,N/A,17810,-,-,-,-,-,Mild,-,-,9%,-,,,,,
4488,14846,c.520+13A>G,35,Point,-,-,-,-,New donor splice ?,-,520,-,,,-,Intron 5,N/A,17810,-,-,-,-,-,Mild,-,-,8%,-,,,,,
4488,14847,c.520+13A>G,35,Point,-,-,-,-,New donor splice ?,-,520,-,,,-,Intron 5,N/A,17810,-,-,-,-,-,Mild,-,-,9%,-,,,,,
4488,14848,c.520+13A>G,35,Point,-,-,-,-,New donor splice ?,-,520,-,,,-,Intron 5,N/A,17810,-,-,-,-,-,Mild,-,-,12%,4%,,,,,
4488,14849,c.520+13A>G,35,Point,-,-,-,-,New donor splice ?,-,520,-,,,-,Intron 5,N/A,17810,-,-,-,-,-,Mild,-,-,8%,-,,,,,
4488,14850,c.520+13A>G,35,Point,-,-,-,-,New donor splice ?,-,520,-,,,-,Intron 5,N/A,17810,-,-,-,-,-,-,-,-,-,-,,,,,
4488,14851,c.520+13A>G,35,Point,-,-,-,-,New donor splice ?,-,520,-,,,-,Intron 5,N/A,17810,-,-,-,-,-,Moderate,-,-,5%,-,,,,,
4488,14852,c.520+13A>G,35,Point,-,-,-,-,New donor splice ?,-,520,-,,,-,Intron 5,N/A,17810,-,-,-,-,-,Moderate,-,-,3%,-,,,,,
4488,14853,c.520+13A>G,35,Point,-,-,-,-,New donor splice ?,-,520,-,,,-,Intron 5,N/A,17810,-,-,-,-,-,Severe,-,-,<1,-,,,,,
4488,14854,c.520+13A>G,35,Point,-,-,-,-,New donor splice ?,-,520,-,,,-,Intron 5,N/A,17810,-,-,-,-,-,Mild,-,-,3 to 15,-,,,,,
4488,14855,c.520+13A>G,35,Point,-,-,-,-,New donor splice ?,-,520,-,,,-,Intron 5,N/A,17810,-,-,-,-,-,Moderate,-,-,3%,-,,,,,
4488,14856,c.520+13A>G,35,Point,-,-,-,-,New donor splice ?,-,520,-,,,-,Intron 5,N/A,17810,-,-,-,-,-,Moderate,-,-,2%,-,,,,,
4488,14857,c.520+13A>G,35,Point,-,-,-,-,New donor splice ?,-,520,-,,,-,Intron 5,N/A,17810,-,-,-,-,-,Moderate,-,-,2%,-,,,,,
4488,14858,c.520+13A>G,35,Point,-,-,-,-,New donor splice ?,-,520,-,,,-,Intron 5,N/A,17810,-,-,-,-,-,Mild,-,-,1 to 13,-,,,,,
4488,16170,c.520+13A>G,35,Point,-,No,-,-,New donor splice ?,-,520,-,,,-,Intron 5,N/A,17810,-,-,-,-,-,Mild,-,-,5.10%,-,,,,,
4489,14859,c.520+2T>A,1,Point,Splice,-,-,-,Donor splice ( e );,-,520,-,,,-,Intron 5,N/A,17799,-,-,-,-,-,Severe,-,-,-,-,,,,,
4490,14860,c.520+2T>C,2,Point,Splice,-,-,-,double,-,520,-,,,-,Intron 5,N/A,17799,-,-,-,-,-,Severe,-,-,<1,-,,,,,
4490,14861,c.520+2T>C,2,Point,Splice,-,-,-,double,-,520,-,,,-,Intron 5,N/A,17799,-,-,-,-,-,Severe,-,-,<1,-,,,,,
4491,14862,c.520+2T>G,1,Point,Splice,-,-,-,Donor splice (e),-,520,-,,,-,Intron 5,N/A,17799,-,-,-,-,-,Severe,-,-,<1,-,,,,,
4492,14863,c.520+4A>G,1,Point,-,-,-,-,Donor splice (e),-,520,-,,,-,Intron 5,N/A,17801,-,-,-,-,-,Moderate,-,-,3%,4%,,,,,
4493,14864,c.521-1G>C,1,Point,Splice,-,-,-,Acceptor splice (f),-,521,-,,,-,Intron 5,N/A,20362,-,-,-,-,-,Severe,-,-,<1,-,,,,,
4494,14865,c.521-2A>G,2,Point,Splice,-,-,-,Acceptor splice (f),-,521,-,,,-,Intron 5,N/A,20361,-,-,-,-,-,Moderate,-,-,1.50%,-,,,,,
4494,16171,c.521-2A>G,2,Point,Splice,No,-,-,Acceptor splice (f),-,521,-,,,-,Intron 5,N/A,20361,-,-,-,-,-,Severe,-,-,<1,-,,,,,
4495,14866,c.521-3T>G,1,Point,-,-,-,-,Acceptor splice (f),-,521,-,,,-,Intron 5,N/A,20360,-,-,-,-,-,Severe,-,-,<1,-,,,,,
4496,14873,c.723+1G>T,1,Point,Splice,-,-,-,Donor splice (f),-,723,-,,,-,Intron 6,N/A,20566,-,-,-,-,-,Severe,-,-,<1,0.30%,,,,,
4497,14874,c.723+18T>A,1,Point,-,-,-,-,"Bm, new donor splice?",-,723,-,,,-,Intron 6,N/A,20583,-,-,-,-,-,Moderate,-,-,2%,66%,,,,,
4498,14875,c.723+2T>C,2,Point,Splice,-,-,-,Donor splice (f),-,723,-,,,-,Intron 6,N/A,20567,-,-,-,-,-,Severe,-,-,<1,-,,,,,
4498,14876,c.723+2T>C,2,Point,Splice,-,-,-,Donor splice (f),-,723,-,,,-,Intron 6,N/A,20567,-,-,-,-,-,Severe,-,-,<1,-,,,,,
4499,14877,c.723+3A>T,1,Point,-,-,-,-,Donor splice (f),-,723,-,,,-,Intron 6,N/A,20568,-,-,-,-,-,-,-,-,-,-,,,,,
4500,14878,c.724-1G>A,2,Point,Splice,-,-,-,Acceptor splice (g),-,724,-,,,-,Intron 6,N/A,30038,-,-,-,-,-,Severe,-,-,<1,-,,,,,
4500,14879,c.724-1G>A,2,Point,Splice,-,-,-,Acceptor splice (g),-,724,-,,,-,Intron 6,N/A,30038,-,-,-,-,-,Severe,-,-,<1,-,,,,,
4501,14880,c.724-1G>C,3,Point,Splice,-,-,-,Acceptor splice (g),-,724,-,,,-,Intron 6,N/A,30038,-,-,-,-,-,Mild,-,-,21%,19%,,,,,
4501,14881,c.724-1G>C,3,Point,Splice,-,-,-,Acceptor splice (g),-,724,-,,,-,Intron 6,N/A,30038,-,-,-,-,-,Severe,-,-,<1,<1,,,,,
4501,16176,c.724-1G>C,3,Point,Splice,-,-,-,Acceptor splice (g),-,724,-,,,-,Intron 6,N/A,30038,-,-,-,-,-,Severe,-,-,<1,-,,,,,
4502,14882,c.724-1G>T,1,Point,Splice,-,-,-,Acceptor splice (g),-,724,-,,,-,Intron 6,N/A,30038,-,-,-,-,-,Severe,-,-,-,-,,,,,
4503,14883,c.724-2A>G,2,Point,Splice,-,-,-,acceptor splice (g),-,724,-,,,-,Intron 6,N/A,30037,-,-,-,-,-,Moderate,-,-,1%,-,,,,,
4503,14884,c.724-2A>G,2,Point,Splice,-,-,-,acceptor splice (g),-,724,-,,,-,Intron 6,N/A,30037,-,-,-,-,-,Severe,-,-,-,-,,,,,
4504,14885,c.724-2A>C,1,Point,Splice,-,-,-,Acceptor splice (g),-,724,-,,,-,Intron 6,N/A,30037,-,-,-,-,-,Severe,-,-,-,-,,,,,
4505,14886,c.838+1G>A,2,Point,Splice,-,-,-,Donor splice (g),-,838,-,,,-,Intron 7,N/A,30154,-,-,-,-,-,-,-,-,-,-,,,,,
4505,14887,c.838+1G>A,2,Point,Splice,-,-,-,Donor splice (g),-,838,-,,,-,Intron 7,N/A,30154,-,-,-,-,-,Moderate,-,-,1%,1%,,,,,
4506,14888,c.838+1G>C,1,Point,Splice,-,-,-,Donor splice (g),-,838,-,,,-,Intron 7,N/A,30154,-,-,-,-,-,Severe,-,-,<1,-,,,,,
4507,14889,c.838+2T>G,1,Point,Splice,-,-,-,Donor splice (g),-,838,-,,,-,Intron 7,N/A,30155,-,-,-,-,-,-,-,-,-,-,,,,,
4508,14890,c.839-1G>A,7,Point,Splice,-,-,-,Acceptor splice (h),-,839,-,,,-,Intron 7,N/A,30821,-,-,-,-,-,Severe,-,-,<1,<1,,,,,
4508,14891,c.839-1G>A,7,Point,Splice,-,-,-,Acceptor splice (h),-,839,-,,,-,Intron 7,N/A,30821,-,-,-,-,-,Severe,-,-,<1,-,,,,,
4508,14892,c.839-1G>A,7,Point,Splice,-,-,-,Acceptor splice (h),-,839,-,,,-,Intron 7,N/A,30821,-,-,-,-,-,Mild,-,-,6 to 10,-,,,,,
4508,14893,c.839-1G>A,7,Point,Splice,-,-,-,Acceptor splice (h),-,839,-,,,-,Intron 7,N/A,30821,-,-,-,-,-,-,-,-,-,-,,,,,
4508,14894,c.839-1G>A,7,Point,Splice,Yes,-,-,Acceptor splice (h),-,839,-,,,-,Intron 7,N/A,30821,-,-,-,-,-,Severe,-,-,<1,<1,,,,,
4508,16177,c.839-1G>A,7,Point,Splice,Yes,-,-,Acceptor splice (h),-,839,-,,,-,Intron 7,N/A,30821,-,-,-,-,-,Severe,-,-,<1,-,,,,,
4508,16178,c.839-1G>A,7,Point,Splice,No,-,-,Acceptor splice (h),-,839,-,,,-,Intron 7,N/A,30821,-,-,-,-,-,Severe,-,-,<1,-,,,,,
4509,14895,c.839-2A>C,4,Point,Splice,Yes,-,-,"acceptor splice, inhibitor;",-,839,-,,,-,Intron 7,N/A,30820,-,-,-,-,-,Severe,-,-,<1,<1,,,,,
4509,16179,c.839-2A>C,4,Point,Splice,Yes,-,-,"acceptor splice, inhibitor;",-,839,-,,,-,Intron 7,N/A,30820,-,-,-,-,-,Severe,-,-,<1,-,,,,,
4509,16180,c.839-2A>C,4,Point,Splice,No,-,-,"acceptor splice, inhibitor;",-,839,-,,,-,Intron 7,N/A,30820,-,-,-,-,-,Severe,-,-,<1,-,,,,,
4509,16181,c.839-2A>C,4,Point,Splice,No,-,-,"acceptor splice, inhibitor;",-,839,-,,,-,Intron 7,N/A,30820,-,-,-,-,-,Severe,-,-,<1,-,,,,,
4510,14896,c.839-4A>G,3,Point,-,-,-,-,New AG,-,839,-,,,-,Intron 7,N/A,30818,-,-,-,-,-,Severe,-,-,<1,-,,,,,
4510,14897,c.839-4A>G,3,Point,-,-,-,-,New AG,-,839,-,,,-,Intron 7,N/A,30818,-,-,-,-,-,Moderate,-,-,5%,-,,,,,
4510,14898,c.839-4A>G,3,Point,-,-,-,-,New AG,-,839,-,,,-,Intron 7,N/A,30818,-,-,-,-,-,Moderate,-,-,2%,4%,,,,,
4512,14900,c.172G>C,1,Point,Missense,-,-,-,-,Gly > Arg,172,-,58,12,Gla,Exon 2,p.Gly58Arg,6409,Gly,Arg,glycine,arginine,-,Severe,-,-,<1,-,,,,,
4513,14952,c.205T>G,2,Point,Missense,-,-,-,-,Cys > Gly,205,-,69,23,Gla,Exon 2,p.Cys69Gly,6442,Cys,Gly,cysteine,glycine,-,Severe,-,-,<1,-,,,,,
4513,15082,c.205T>G,2,Point,Missense,No,-,-,-,Cys > Gly,205,-,69,23,Gla,Exon 2,p.Cys69Gly,6442,Cys,Gly,cysteine,glycine,-,Severe,-,-,-,-,,,,,
4514,14971,c.226G>C,1,Point,Missense,No,-,-,-,Glu > Gln,226,-,76,30,Gla,Exon 2,p.Glu76Gln,6463,Glu,Gln,glutamic acid,glutamine,-,Moderate,-,-,-,-,,,,,
4515,14954,c.1304G>T,1,Point,Missense,No,-,-,-,Cys > Tyr,1304,-,435,389,Serine Protease,Exon 8,p.Cys435Tyr,31287,Cys,Tyr,cysteine,tyrosine,-,Severe,-,-,<1,-,,,,,
4516,12299,c.1150C>T,41,Point,Nonsense,-,-,-,-,Arg384*,1150,-,384,338,Serine Protease,Exon 8,p.(Arg384*),31133,Arg384*,-,arginine,-,-,Severe,-,-,0.90%,-,,,,,
4516,13960,c.1150C>T,41,Point,Nonsense,-,-,-,-,Arg384*,1150,-,384,338,Serine Protease,Exon 8,p.(Arg384*),31133,Arg384*,-,arginine,-,-,Severe,-,-,<1,<1,,,,,
4516,13961,c.1150C>T,41,Point,Nonsense,-,-,-,-,Arg384*,1150,-,384,338,Serine Protease,Exon 8,p.(Arg384*),31133,Arg384*,-,arginine,-,-,Moderate,-,-,2%,<1,,,,,
4516,13962,c.1150C>T,41,Point,Nonsense,-,-,-,-,Arg384*,1150,-,384,338,Serine Protease,Exon 8,p.(Arg384*),31133,Arg384*,-,arginine,-,-,Severe,-,-,<1,-,,,,,
4516,13963,c.1150C>T,41,Point,Nonsense,-,-,-,-,Arg384*,1150,-,384,338,Serine Protease,Exon 8,p.(Arg384*),31133,Arg384*,-,arginine,-,-,Severe,-,-,<1,<1,,,,,
4516,13964,c.1150C>T,41,Point,Nonsense,-,-,-,-,Arg384*,1150,-,384,338,Serine Protease,Exon 8,p.(Arg384*),31133,Arg384*,-,arginine,-,-,Severe,-,-,<1,<1,,,,,
4516,13965,c.1150C>T,41,Point,Nonsense,-,-,-,-,Arg384*,1150,-,384,338,Serine Protease,Exon 8,p.(Arg384*),31133,Arg384*,-,arginine,-,-,Severe,-,-,<1,<1,also Fraser et al (1992),,,,
4516,13966,c.1150C>T,41,Point,Nonsense,-,-,-,-,Arg384*,1150,-,384,338,Serine Protease,Exon 8,p.(Arg384*),31133,Arg384*,-,arginine,-,-,Severe,-,-,<1,<1,,,,,
4516,13967,c.1150C>T,41,Point,Nonsense,-,-,-,-,Arg384*,1150,-,384,338,Serine Protease,Exon 8,p.(Arg384*),31133,Arg384*,-,arginine,-,-,Severe,-,-,<1,<1,,,,,
4516,13968,c.1150C>T,41,Point,Nonsense,-,-,-,-,Arg384*,1150,-,384,338,Serine Protease,Exon 8,p.(Arg384*),31133,Arg384*,-,arginine,-,-,Severe,-,-,<1,<1,,,,,
4516,13969,c.1150C>T,41,Point,Nonsense,-,-,-,-,Arg384*,1150,-,384,338,Serine Protease,Exon 8,p.(Arg384*),31133,Arg384*,-,arginine,-,-,Severe,-,-,<1,<1,,,,,
4516,13970,c.1150C>T,41,Point,Nonsense,-,-,-,-,Arg384*,1150,-,384,338,Serine Protease,Exon 8,p.(Arg384*),31133,Arg384*,-,arginine,-,-,Severe,-,-,<1,<1,,,,,
4516,13971,c.1150C>T,41,Point,Nonsense,-,-,-,-,Arg384*,1150,-,384,338,Serine Protease,Exon 8,p.(Arg384*),31133,Arg384*,-,arginine,-,-,Severe,-,-,<1,-,,,,,
4516,13972,c.1150C>T,41,Point,Nonsense,-,-,-,-,Arg384*,1150,-,384,338,Serine Protease,Exon 8,p.(Arg384*),31133,Arg384*,-,arginine,-,-,Moderate,-,-,1%,-,,,,,
4516,13973,c.1150C>T,41,Point,Nonsense,-,-,-,-,Arg384*,1150,-,384,338,Serine Protease,Exon 8,p.(Arg384*),31133,Arg384*,-,arginine,-,-,Moderate,-,-,1%,-,,,,,
4516,13974,c.1150C>T,41,Point,Nonsense,-,-,-,-,Arg384*,1150,-,384,338,Serine Protease,Exon 8,p.(Arg384*),31133,Arg384*,-,arginine,-,-,Severe,-,-,<1,<1,,,,,
4516,13975,c.1150C>T,41,Point,Nonsense,-,-,-,-,Arg384*,1150,-,384,338,Serine Protease,Exon 8,p.(Arg384*),31133,Arg384*,-,arginine,-,-,Severe,-,-,<1,-,,,,,
4516,13976,c.1150C>T,41,Point,Nonsense,-,-,-,-,Arg384*,1150,-,384,338,Serine Protease,Exon 8,p.(Arg384*),31133,Arg384*,-,arginine,-,-,-,-,-,-,-,,,,,
4516,13977,c.1150C>T,41,Point,Nonsense,-,-,-,-,Arg384*,1150,-,384,338,Serine Protease,Exon 8,p.(Arg384*),31133,Arg384*,-,arginine,-,-,Severe,-,-,<1,-,,,,,
4516,13978,c.1150C>T,41,Point,Nonsense,-,-,-,-,Arg384*,1150,-,384,338,Serine Protease,Exon 8,p.(Arg384*),31133,Arg384*,-,arginine,-,-,Severe,-,-,<1,-,,,,,
4516,13979,c.1150C>T,41,Point,Nonsense,-,-,-,-,Arg384*,1150,-,384,338,Serine Protease,Exon 8,p.(Arg384*),31133,Arg384*,-,arginine,-,-,-,-,-,<3,-,,,,,
4516,13980,c.1150C>T,41,Point,Nonsense,-,-,-,-,Arg384*,1150,-,384,338,Serine Protease,Exon 8,p.(Arg384*),31133,Arg384*,-,arginine,-,-,Severe,-,-,<1,-,,,,,
4516,13981,c.1150C>T,41,Point,Nonsense,-,-,-,-,Arg384*,1150,-,384,338,Serine Protease,Exon 8,p.(Arg384*),31133,Arg384*,-,arginine,-,-,Severe,-,-,<1,-,,,,,
4516,13982,c.1150C>T,41,Point,Nonsense,-,-,-,-,Arg384*,1150,-,384,338,Serine Protease,Exon 8,p.(Arg384*),31133,Arg384*,-,arginine,-,-,Severe,-,-,<1,-,,,,,
4516,13983,c.1150C>T,41,Point,Nonsense,-,-,-,-,Arg384*,1150,-,384,338,Serine Protease,Exon 8,p.(Arg384*),31133,Arg384*,-,arginine,-,-,Severe,-,-,-,-,,,,,
4516,13984,c.1150C>T,41,Point,Nonsense,-,-,-,-,Arg384*,1150,-,384,338,Serine Protease,Exon 8,p.(Arg384*),31133,Arg384*,-,arginine,-,-,Severe,-,-,<1,-,,,,,
4516,13985,c.1150C>T,41,Point,Nonsense,-,-,-,-,Arg384*,1150,-,384,338,Serine Protease,Exon 8,p.(Arg384*),31133,Arg384*,-,arginine,-,-,Severe,-,-,0.50%,-,,,,,
4516,13986,c.1150C>T,41,Point,Nonsense,-,-,-,-,Arg384*,1150,-,384,338,Serine Protease,Exon 8,p.(Arg384*),31133,Arg384*,-,arginine,-,-,Severe,-,-,0%,-,,,,,
4516,13988,c.1150C>T,41,Point,Nonsense,-,-,-,-,Arg384*,1150,-,384,338,Serine Protease,Exon 8,p.(Arg384*),31133,Arg384*,-,arginine,-,-,Severe,-,-,<1,-,,,,,
4516,13989,c.1150C>T,41,Point,Nonsense,-,-,-,-,Arg384*,1150,-,384,338,Serine Protease,Exon 8,p.(Arg384*),31133,Arg384*,-,arginine,-,-,Severe,-,-,<1,-,,,,,
4516,13990,c.1150C>T,41,Point,Nonsense,-,-,-,-,Arg384*,1150,-,384,338,Serine Protease,Exon 8,p.(Arg384*),31133,Arg384*,-,arginine,-,-,Severe,-,-,<1,<1,,,,,
4516,13991,c.1150C>T,41,Point,Nonsense,-,-,-,-,Arg384*,1150,-,384,338,Serine Protease,Exon 8,p.(Arg384*),31133,Arg384*,-,arginine,-,-,Severe,-,-,<1,-,,,,,
4516,14947,c.1150C>T,41,Point,Nonsense,-,-,-,-,Arg384*,1150,-,384,338,Serine Protease,Exon 8,p.(Arg384*),31133,Arg384*,-,arginine,-,-,Severe,-,-,<1,<1,also has p.Ile7Phe polymorphism,,,,
4516,15136,c.1150C>T,41,Point,Nonsense,No,-,-,-,Arg384*,1150,-,384,338,Serine Protease,Exon 8,p.(Arg384*),31133,Arg384*,-,arginine,-,-,Moderate,-,-,-,-,,,,,
4516,15137,c.1150C>T,41,Point,Nonsense,No,-,-,-,Arg384*,1150,-,384,338,Serine Protease,Exon 8,p.(Arg384*),31133,Arg384*,-,arginine,-,-,Moderate,-,-,-,-,,,,,
4516,15214,c.1150C>T,41,Point,Nonsense,No,-,-,-,Arg384*,1150,-,384,338,Serine Protease,Exon 8,p.(Arg384*),31133,Arg384*,-,arginine,-,-,Severe,-,-,-,-,,,,,
4516,15333,c.1150C>T,41,Point,Nonsense,-,-,-,-,Arg384*,1150,-,384,338,Serine Protease,Exon 8,p.(Arg384*),31133,Arg384*,-,arginine,-,-,-,-,-,-,-,,,,,
4516,16150,c.1150C>T,41,Point,Nonsense,No,-,-,-,Arg384*,1150,-,384,338,Serine Protease,Exon 8,p.(Arg384*),31133,Arg384*,-,arginine,-,-,Severe,-,-,<1,-,,,,,
4516,16151,c.1150C>T,41,Point,Nonsense,-,-,-,-,Arg384*,1150,-,384,338,Serine Protease,Exon 8,p.(Arg384*),31133,Arg384*,-,arginine,-,-,Severe,-,-,<1,-,,,,,
4516,16152,c.1150C>T,41,Point,Nonsense,No,-,-,-,Arg384*,1150,-,384,338,Serine Protease,Exon 8,p.(Arg384*),31133,Arg384*,-,arginine,-,-,Severe,-,-,<1,-,,,,,
4516,16153,c.1150C>T,41,Point,Nonsense,No,-,-,-,Arg384*,1150,-,384,338,Serine Protease,Exon 8,p.(Arg384*),31133,Arg384*,-,arginine,-,-,Severe,-,-,<1,-,,,,,
4517,13240,c.721C>T,1,Point,Nonsense,-,-,-,-,Gln > *,721,-,241,195,Serine Protease,Exon 6,p.(Gln241*),20563,Gln,*,glutamine,-,-,Severe,-,-,-,-,,,,,
4518,13194,c.688G>A,4,Point,Missense,-,-,-,-,Gly > *,688,-,230,184,Serine Protease,Exon 6,p.Gly230*,20530,Gly,*,glycine,arginine,-,Severe,-,-,-,-,,,,,
4518,15598,c.688G>A,4,Point,Missense,No,-,-,-,Gly > *,688,-,230,184,Serine Protease,Exon 6,p.Gly230*,20530,Gly,*,glycine,arginine,-,Severe,-,-,<1,-,,,,,
4518,15599,c.688G>A,4,Point,Missense,No,-,-,-,Gly > *,688,-,230,184,Serine Protease,Exon 6,p.Gly230*,20530,Gly,*,glycine,arginine,-,Moderate,-,-,4%,-,,,,,
4518,15600,c.688G>A,4,Point,Missense,No,-,-,-,Gly > *,688,-,230,184,Serine Protease,Exon 6,p.Gly230*,20530,Gly,*,glycine,arginine,-,Severe,-,-,<1,-,,,,,
4519,12417,c.401G>C,3,Point,Missense,-,-,-,-,Cys > Ser,401,-,134,88,EGF2,Exon 5,p.Cys134Ser,17678,Cys,Ser,cysteine,serine,-,Severe,-,-,<1,-,,,,,
4519,12418,c.401G>C,3,Point,Missense,-,-,-,-,Cys > Ser,401,-,134,88,EGF2,Exon 5,p.Cys134Ser,17678,Cys,Ser,cysteine,serine,-,Severe,-,-,<1,-,,,,,
4519,14966,c.401G>C,3,Point,Missense,No,-,-,-,Cys > Ser,401,-,134,88,EGF2,Exon 5,p.Cys134Ser,17678,Cys,Ser,cysteine,serine,-,Severe,-,-,-,-,,,,,
4520,14996,c.253-16_253-12del,2,Deletion,-,No,-,-,-,-,253,-,,,-,Intron 2,N/A,6660,-,-,-,-,-,Moderate,-,-,1.35%,-,,,,,
4520,14997,c.253-16_253-12del,2,Deletion,-,No,-,-,-,-,253,-,,,-,Intron 2,N/A,6660,-,-,-,-,-,Moderate,-,-,1.75%,-,,,,,
4521,14998,c.727delG,1,Deletion,Frameshift,-,-,-,-,ValfsPhe,727,-,243,197,Serine Protease,Exon 7,p.(Val243Phefs*2),30042,ValfsPhe,-,valine,-,-,Severe,-,-,<1,-,,,,,
4522,14233,c.1294G>A,8,Point,Missense,-,-,-,-,Gly > Ser,1294,-,432,386,Serine Protease,Exon 8,p.Gly432Ser,31277,Gly,Ser,glycine,serine,-,Moderate,-,-,2%,-,,,,,
4522,14234,c.1294G>A,8,Point,Missense,-,-,-,-,Gly > Ser,1294,-,432,386,Serine Protease,Exon 8,p.Gly432Ser,31277,Gly,Ser,glycine,serine,-,Severe,-,-,<1,-,,,,,
4522,14236,c.1294G>A,8,Point,Missense,-,-,-,-,Gly > Ser,1294,-,432,386,Serine Protease,Exon 8,p.Gly432Ser,31277,Gly,Ser,glycine,serine,-,Severe,-,-,<1,-,,,,,
4522,14237,c.1294G>A,8,Point,Missense,-,-,-,-,Gly > Ser,1294,-,432,386,Serine Protease,Exon 8,p.Gly432Ser,31277,Gly,Ser,glycine,serine,-,Severe,-,-,-,-,,,,,
4522,15000,c.1294G>A,8,Point,Missense,-,-,-,-,Gly > Ser,1294,-,432,386,Serine Protease,Exon 8,p.Gly432Ser,31277,Gly,Ser,glycine,serine,-,Severe,-,-,<1,-,,,,,
4522,15208,c.1294G>A,8,Point,Missense,No,-,-,-,Gly > Ser,1294,-,432,386,Serine Protease,Exon 8,p.Gly432Ser,31277,Gly,Ser,glycine,serine,-,Severe,-,-,-,-,,,,,
4522,15989,c.1294G>A,8,Point,Missense,No,-,-,-,Gly > Ser,1294,-,432,386,Serine Protease,Exon 8,p.Gly432Ser,31277,Gly,Ser,glycine,serine,-,Severe,-,-,<1,-,,,,,
4522,15990,c.1294G>A,8,Point,Missense,No,-,-,-,Gly > Ser,1294,-,432,386,Serine Protease,Exon 8,p.Gly432Ser,31277,Gly,Ser,glycine,serine,-,Severe,-,-,<1,-,,,,,
4523,15158,c.160G>C,1,Point,Missense,No,-,-,-,Glu > Gln,160,-,54,8,Gla,Exon 2,p.Glu54Gln,6397,Glu,Gln,glutamic acid,glutamine,-,Severe,-,-,<1,-,,,,,
4524,15155,c.305G>T,1,Point,Missense,No,-,-,-,Cys > Phe,305,-,102,56,EGF1,Exon 4,p.Cys102Phe,10419,Cys,Phe,cysteine,phenylalanine,-,Severe,-,-,<1,-,,,,,
4525,13016,c.761G>A,4,Point,Missense,-,-,-,-,Gly > Asp,761,-,254,208,Serine Protease,Exon 7,p.Gly254Asp,30076,Gly,Asp,glycine,aspartic acid,-,-,-,-,-,1%,,,,,
4525,13017,c.761G>A,4,Point,Missense,No,-,-,-,Gly > Asp,761,-,254,208,Serine Protease,Exon 7,p.Gly254Asp,30076,Gly,Asp,glycine,aspartic acid,-,Mild,-,-,6%,<1,,,,,
4525,13018,c.761G>A,4,Point,Missense,-,-,-,-,Gly > Asp,761,-,254,208,Serine Protease,Exon 7,p.Gly254Asp,30076,Gly,Asp,glycine,aspartic acid,-,-,-,-,-,-,,,,,
4525,15059,c.761G>A,4,Point,Missense,No,-,-,-,Gly > Asp,761,-,254,208,Serine Protease,Exon 7,p.Gly254Asp,30076,Gly,Asp,glycine,aspartic acid,-,Severe,-,-,<1,-,,,,,
4526,14069,c.1193G>A,8,Point,Missense,-,-,-,-,Gly > Asp,1193,-,398,352,Serine Protease,Exon 8,p.Gly398Asp,31176,Gly,Asp,glycine,aspartic acid,-,-,-,-,-,-,,,,,
4526,14070,c.1193G>A,8,Point,Missense,-,-,-,-,Gly > Asp,1193,-,398,352,Serine Protease,Exon 8,p.Gly398Asp,31176,Gly,Asp,glycine,aspartic acid,-,Severe,-,-,<1,-,,,,,
4526,14071,c.1193G>A,8,Point,Missense,-,-,-,-,Gly > Asp,1193,-,398,352,Serine Protease,Exon 8,p.Gly398Asp,31176,Gly,Asp,glycine,aspartic acid,-,Severe,-,-,<1,3%,,,,,
4526,14072,c.1193G>A,8,Point,Missense,-,-,-,-,Gly > Asp,1193,-,398,352,Serine Protease,Exon 8,p.Gly398Asp,31176,Gly,Asp,glycine,aspartic acid,-,Severe,-,-,<1,-,,,,,
4526,14073,c.1193G>A,8,Point,Missense,-,-,-,-,Gly > Asp,1193,-,398,352,Serine Protease,Exon 8,p.Gly398Asp,31176,Gly,Asp,glycine,aspartic acid,-,Severe,-,-,<1,-,,,,,
4526,14074,c.1193G>A,8,Point,Missense,-,-,-,-,Gly > Asp,1193,-,398,352,Serine Protease,Exon 8,p.Gly398Asp,31176,Gly,Asp,glycine,aspartic acid,-,Severe,-,-,<1,-,,,,,
4526,15057,c.1193G>A,8,Point,Missense,No,-,-,-,Gly > Asp,1193,-,398,352,Serine Protease,Exon 8,p.Gly398Asp,31176,Gly,Asp,glycine,aspartic acid,-,Severe,-,-,<1,-,,,,,
4526,15058,c.1193G>A,8,Point,Missense,No,-,-,-,Gly > Asp,1193,-,398,352,Serine Protease,Exon 8,p.Gly398Asp,31176,Gly,Asp,glycine,aspartic acid,-,Severe,-,-,<1,-,,,,,
4527,15056,c.1274T>C,1,Point,Missense,No,-,-,-,Leu > Ser,1274,-,425,379,Serine Protease,Exon 8,p.Leu425Ser,31257,Leu,Ser,leucine,serine,-,Severe,-,-,<1,-,,,,,
4528,14282,c.1306G>A,10,Point,Missense,-,-,-,-,Ala > Thr,1306,-,436,390,Serine Protease,Exon 8,p.Ala436Thr,31289,Ala,Thr,alanine,threonine,-,Severe,-,-,<1,40%,,,,,
4528,14283,c.1306G>A,10,Point,Missense,-,-,-,-,Ala > Thr,1306,-,436,390,Serine Protease,Exon 8,p.Ala436Thr,31289,Ala,Thr,alanine,threonine,-,Moderate,-,-,1%,-,,,,,
4528,14284,c.1306G>A,10,Point,Missense,-,-,-,-,Ala > Thr,1306,-,436,390,Serine Protease,Exon 8,p.Ala436Thr,31289,Ala,Thr,alanine,threonine,-,Mild,-,-,7%,50%,,,,,
4528,14285,c.1306G>A,10,Point,Missense,-,-,-,-,Ala > Thr,1306,-,436,390,Serine Protease,Exon 8,p.Ala436Thr,31289,Ala,Thr,alanine,threonine,-,Severe,-,-,<1,-,,,,,
4528,14286,c.1306G>A,10,Point,Missense,-,-,-,-,Ala > Thr,1306,-,436,390,Serine Protease,Exon 8,p.Ala436Thr,31289,Ala,Thr,alanine,threonine,-,Moderate,-,-,1%,94%,,,,,
4528,14287,c.1306G>A,10,Point,Missense,-,-,-,-,Ala > Thr,1306,-,436,390,Serine Protease,Exon 8,p.Ala436Thr,31289,Ala,Thr,alanine,threonine,-,Severe,-,-,<1,-,,,,,
4528,14288,c.1306G>A,10,Point,Missense,-,-,-,-,Ala > Thr,1306,-,436,390,Serine Protease,Exon 8,p.Ala436Thr,31289,Ala,Thr,alanine,threonine,-,-,-,-,-,-,,,,,
4528,15055,c.1306G>A,10,Point,Missense,No,-,-,-,Ala > Thr,1306,-,436,390,Serine Protease,Exon 8,p.Ala436Thr,31289,Ala,Thr,alanine,threonine,-,Severe,-,-,<1,-,,,,,
4528,15995,c.1306G>A,10,Point,Missense,No,-,-,-,Ala > Thr,1306,-,436,390,Serine Protease,Exon 8,p.Ala436Thr,31289,Ala,Thr,alanine,threonine,-,Severe,-,-,<1,-,,,,,
4528,15996,c.1306G>A,10,Point,Missense,-,-,-,-,Ala > Thr,1306,-,436,390,Serine Protease,Exon 8,p.Ala436Thr,31289,Ala,Thr,alanine,threonine,-,Severe,-,-,<1,-,,,,,
4529,15054,c.252+2T>G,1,Point,Splice,No,-,-,-,-,252,-,,,-,Intron 2,N/A,6491,-,-,-,-,-,Severe,-,-,<1,-,,,,,
4530,15053,c.252+2T>C,2,Point,Splice,No,-,-,-,-,252,-,,,-,Intron 2,N/A,6491,-,-,-,-,-,Severe,-,-,<1,-,,,,,
4530,16160,c.252+2T>C,2,Point,Splice,No,-,-,-,-,252,-,,,-,Intron 2,N/A,6491,-,-,-,-,-,Severe,-,-,<1,-,,,,,
4531,15052,c.391+2dup,1,Duplication,Splice,No,-,-,-,-,391,-,,,-,Intron 4,N/A,10506,-,-,-,-,-,Severe,-,-,<1,-,,,,,
4532,15040,c.103G>T,1,Point,Nonsense,Yes,-,-,-,Glu > *,103,-,35,-12,Propeptide,Exon 2,p.(Glu35*),6340,Glu,*,glutamic acid,-,-,Severe,-,-,<1,-,,,,,
4533,15047,c.535G>T,1,Point,Nonsense,No,-,-,-,Gly > *,535,-,179,133,Linker,Exon 6,p.(Gly179*),20377,Gly,*,glycine,-,-,Severe,-,-,<1,-,,,,,
4534,15037,c.76delinsAGATATCCTAAA,1,Indel,Frameshift,Yes,-,-,-,Ala > Argfs*,76,-,26,-21,Signal Peptide,Exon 1,p.(Ala26Argfs*20),105,Ala,Argfs*,alanine,-,-,Severe,-,-,<1,-,,,,,
4535,15036,c.862_863delGA,1,Deletion,Frameshift,No,-,-,-,Glu > Thrfs*22,862,-,288,242,Serine Protease,Exon 8,p.(Glu288Thrfs*22),30845,Glu,Thrfs*22,glutamic acid,-,-,Severe,-,-,<1,-,,,,,
4538,15028,c.86delC,1,Deletion,Frameshift,No,-,-,-,Thr > Lysfs*13,86,-,29,-18,Propeptide,Exon 1,p.(Thr29Lysfs*13),115,Thr,Lysfs*13,threonine,-,-,Severe,-,-,-,-,,,,,
4539,15024,c.129delG,1,Deletion,Frameshift,No,-,-,-,Pro > Glnfs*60,129,-,44,-3,Propeptide,Exon 2,p.(Pro44Glnfs*60),6366,Pro,Glnfs*60,proline,-,-,Severe,-,-,-,-,,,,,
4540,15023,c.227_229delAAG,2,Deletion,Frameshift,No,-,-,-,Glu > fs*?,227,-,76,30,Gla,Exon 2,p.(Glu76del),6464,Glu,fs*?,-,-,-,Severe,-,-,-,-,,,,,
4540,15166,c.227_229delAAG,2,Deletion,Frameshift,No,-,-,-,Glu > fs*?,227,-,76,30,Gla,Exon 2,p.(Glu76del),6464,Glu,fs*?,-,-,-,Moderate,-,-,-,-,,,,,
4541,15012,c.240_241insTGAAAGAACTC,1,Insertion,Frameshift,No,-,-,-,Thr > *,240,-,81,35,Gla,Exon 2,p.(Thr81*),6477,Thr,*,threonine,-,-,Moderate,-,-,-,-,,,,,
4542,15005,c.340T>C,1,Point,Missense,No,-,-,-,Ser > Pro,340,-,114,68,EGF1,Exon 4,p.Ser114Pro,10454,Ser,Pro,serine,proline,-,Moderate,-,-,-,-,,,,,
4543,15004,c.551C>A,1,Point,Nonsense,No,-,-,-,Ser > *,551,-,184,138,Linker,Exon 6,p.(Ser184*),20393,Ser,*,serine,-,-,Severe,-,-,-,-,,,,,
4544,15164,c.561_567del,1,Deletion,Frameshift,No,-,-,-,Lys > Profs*13,561,-,188,142,Linker,Exon 6,p.(Lys188Profs*13),20401,Lys,Profs*13,lysine,-,-,Moderate,-,-,-,-,,,,,
4545,15165,c.646C>T,2,Point,Nonsense,No,-,-,-,Gln > *,646,-,216,170,Activation Peptide,Exon 6,p.(Gln216*),20488,Gln,*,glutamine,-,-,Severe,-,-,-,-,,,,,
4545,15323,c.646C>T,2,Point,Nonsense,-,-,-,-,Gln > *,646,-,216,170,Activation Peptide,Exon 6,p.(Gln216*),20488,Gln,*,glutamine,-,-,-,-,-,-,-,,,,,
4546,15060,c.724G>A,1,Point,Missense,No,-,-,-,Val > Ile,724,-,242,196,Serine Protease,Exon 7,p.Val242Ile,30039,Val,Ile,valine,isoleucine,-,Moderate,-,-,-,-,,,,,
4547,15061,c.830T>A,1,Point,Missense,No,-,-,-,Val > Asp,830,-,277,231,Serine Protease,Exon 7,p.Val277Asp,30145,Val,Asp,valine,aspartic acid,-,Severe,-,-,-,-,,,,,
4548,15062,c.838G>T,1,Point,Missense,No,-,-,-,Gly > Cys,838,-,280,234,Serine Protease,Exon 7,p.Gly280Cys,30153,Gly,Cys,glycine,cysteine,-,Severe,-,-,-,-,,,,,
4549,15063,c.938delA,1,Deletion,Frameshift,No,-,-,-,Asn > Thrfs*13,938,-,313,267,Serine Protease,Exon 8,p.(Asn313Thrfs*13),30921,Asn,Thrfs*13,asparagine,-,-,Severe,-,-,-,-,,,,,
4550,15064,c.967G>T,2,Point,Nonsense,No,-,-,-,Glu > *,967,-,323,277,Serine Protease,Exon 8,p.(Glu323*),30950,Glu,*,glutamic acid,-,-,Severe,-,-,-,-,,,,,
4550,16135,c.967G>T,2,Point,Nonsense,Yes,-,-,-,Glu > *,967,-,323,277,Serine Protease,Exon 8,p.(Glu323*),30950,Glu,*,glutamic acid,-,-,Severe,-,-,<1,-,,,,,
4551,15065,c.1033T>C,1,Point,Missense,No,-,-,-,Phe > Ser,1034,-,345,299,Serine Protease,Exon 8,p.Phe345Ser,31017,Phe,Ser,phenylalanine,serine,-,Moderate,-,-,-,-,,,,,
4552,15066,c.1180delA,1,Deletion,Frameshift,No,-,-,-,Phe > Cysfs*32,1180,-,394,348,Serine Protease,Exon 8,p.(Met394Cysfs*32),31163,Phe,Cysfs*32,methionine,serine,-,Severe,-,-,-,-,,,,,
4553,15067,c.1254delA,1,Deletion,Frameshift,No,-,-,-,Val > Trpfs,1254,-,419,373,Serine Protease,Exon 8,p.(Val419Trpfs*7),31237,Val,Trpfs,valine,-,-,Severe,-,-,-,-,,,,,
4554,15068,c.1303T>C,1,Point,Missense,No,-,-,-,Cys > Arg,1303,-,435,389,Serine Protease,Exon 8,p.Cys435Arg,31286,Cys,Arg,cysteine,arginine,-,Severe,-,-,-,-,,,,,
4555,15069,c.1350T>G,1,Point,Nonsense,No,-,-,-,Tyr > *,1350,-,450,404,Serine Protease,Exon 8,p.(Tyr450*),31333,Tyr,*,tyrosine,-,-,Severe,-,-,-,-,,,,,
4556,14722,c.88+5G>C,3,Point,-,-,-,-,-,-,88,-,,,-,Intron 1,N/A,122,-,-,-,-,-,Mild,-,-,11%,-,,,,,
4556,14723,c.88+5G>C,3,Point,-,-,-,-,-,-,88,-,,,-,Intron 1,N/A,122,-,-,-,-,-,-,-,-,-,-,,,,,
4556,15070,c.88+5G>C,3,Point,-,No,-,-,-,-,88,-,,,-,Intron 1,N/A,122,-,-,-,-,-,Moderate,-,-,-,-,,,,,
4557,12901,c.679G>T,4,Point,Missense,-,-,-,-,Val > Phe,679,-,227,181,Serine Protease,Exon 6,p.Val227Phe,20521,Val,Phe,valine,phenylalanine,-,Severe,-,-,<1,130%,,,,,
4557,12902,c.679G>T,4,Point,Missense,-,-,-,-,Val > Phe,679,-,227,181,Serine Protease,Exon 6,p.Val227Phe,20521,Val,Phe,valine,phenylalanine,-,Severe,-,-,<1,117%,,,,,
4557,15107,c.679G>T,4,Point,Missense,No,-,-,-,Val > Phe,679,-,227,181,Serine Protease,Exon 6,p.Val227Phe,20521,Val,Phe,valine,phenylalanine,-,Moderate,-,-,-,-,,,,,
4557,15109,c.679G>T,4,Point,Missense,No,-,-,-,Val > Phe,679,-,227,181,Serine Protease,Exon 6,p.Val227Phe,20521,Val,Phe,valine,phenylalanine,-,Moderate,-,-,-,-,,,,,
4558,15119,c.956T>A,1,Point,Missense,No,-,-,-,Leu > Gln,956,-,319,273,Serine Protease,Exon 8,p.Leu319Gln,30939,Leu,Gln,leucine,glutamine,-,Moderate,-,-,-,-,,,,,
4559,15122,c.1087G>A,1,Point,Missense,No,-,-,-,Gly > Arg,1087,-,363,317,Serine Protease,Exon 8,p.Gly363Arg,31070,Gly,Arg,glycine,arginine,-,Severe,-,-,-,-,,,,,
4560,14540,g.0?,2,Deletion,Gross Deletion,Yes,-,-,-,-,,-,,,-,Exon 1 - Exon 5,p.(0?),,-,-,-,-,-,-,-,-,-,-,,,,,
4560,15156,g.0?,2,Deletion,Gross Deletion,Yes,-,-,-,-,,-,,,-,Exon 1 - Exon 5,p.(0?),,-,-,-,-,-,Severe,-,-,-,-,,,,,
4561,15159,c.354_356dup,1,Duplication,Inframe,No,-,-,-,Trpdup,354,-,118,72,EGF1,Exon 4,p.(Trp118dup),10468,Trpdup,-,tryptophan,-,-,Severe,-,-,-,-,,,,,
4562,15161,c.448_451dup,1,Duplication,Frameshift,No,-,-,-,Asn > Argfs,448,-,151,105,EGF2,Exon 5,p.(Asn151Argfs*2),17725,Asn,Argfs,asparagine,-,-,Severe,-,-,-,-,,,,,
4563,15163,c.627delC,1,Deletion,Frameshift,No,-,-,-,Ile210Phefs*35,627,-,210,164,Activation Peptide,Exon 6,p.(Ile210Phefs*35),20469,Ile210Phefs*35,-,isoleucine,-,-,Severe,-,-,-,-,,,,,
4564,15168,c.878delA,1,Deletion,Frameshift,No,-,-,-,Lys293Serfs*4,878,-,293,247,Serine Protease,Exon 8,p.(Lys293Serfs*4),30861,Lys293Serfs*4,-,lysine,-,-,Severe,-,-,-,-,,,,,
4565,15170,c.1134_1135delCCinsAACTCTAA,1,Indel,Inframe,No,-,-,-,Asp378_Arg379delins,1134,-,378,332,Serine Protease,Exon 8,p.(Asp378_Arg379delinsGluThrLe),31117,Asp378_Arg379delins,-,-,-,-,Moderate,-,-,-,-,,,,,
4566,15174,c.178C>T,1,Point,Missense,No,-,-,-,Leu > Phe,178,-,60,14,Gla,Exon 2,p.Leu60Phe,6415,Leu,Phe,leucine,phenylalanine,-,Mild,-,-,-,-,,,,,
4567,15193,c.881G>T,12,Point,Missense,No,-,-,-,Arg > Leu,881,-,294,248,Serine Protease,Exon 8,p.Arg294Leu,30864,Arg,Leu,arginine,leucine,-,Moderate,-,-,-,-,,,,,
4567,15684,c.881G>T,12,Point,Missense,No,-,-,-,Arg > Leu,881,-,294,248,Serine Protease,Exon 8,p.Arg294Leu,30864,Arg,Leu,arginine,leucine,-,Moderate,-,-,3%,-,,,,,
4567,15685,c.881G>T,12,Point,Missense,No,-,-,-,Arg > Leu,881,-,294,248,Serine Protease,Exon 8,p.Arg294Leu,30864,Arg,Leu,arginine,leucine,-,Moderate,-,-,1%,-,,,,,
4567,15686,c.881G>T,12,Point,Missense,No,-,-,-,Arg > Leu,881,-,294,248,Serine Protease,Exon 8,p.Arg294Leu,30864,Arg,Leu,arginine,leucine,-,Moderate,-,-,1.90%,-,,,,,
4567,15687,c.881G>T,12,Point,Missense,No,-,-,-,Arg > Leu,881,-,294,248,Serine Protease,Exon 8,p.Arg294Leu,30864,Arg,Leu,arginine,leucine,-,Moderate,-,-,2%,-,,,,,
4567,15688,c.881G>T,12,Point,Missense,No,-,-,-,Arg > Leu,881,-,294,248,Serine Protease,Exon 8,p.Arg294Leu,30864,Arg,Leu,arginine,leucine,-,Severe,-,-,<1,-,,,,,
4567,15689,c.881G>T,12,Point,Missense,No,-,-,-,Arg > Leu,881,-,294,248,Serine Protease,Exon 8,p.Arg294Leu,30864,Arg,Leu,arginine,leucine,-,Moderate,-,-,3%,-,,,,,
4567,15690,c.881G>T,12,Point,Missense,-,-,-,-,Arg > Leu,881,-,294,248,Serine Protease,Exon 8,p.Arg294Leu,30864,Arg,Leu,arginine,leucine,-,Moderate,-,-,1.80%,-,,,,,
4567,15691,c.881G>T,12,Point,Missense,No,-,-,-,Arg > Leu,881,-,294,248,Serine Protease,Exon 8,p.Arg294Leu,30864,Arg,Leu,arginine,leucine,-,Moderate,-,-,2%,-,,,,,
4567,15692,c.881G>T,12,Point,Missense,-,-,-,-,Arg > Leu,881,-,294,248,Serine Protease,Exon 8,p.Arg294Leu,30864,Arg,Leu,arginine,leucine,-,Moderate,-,-,1.60%,-,,,,,
4567,15693,c.881G>T,12,Point,Missense,-,-,-,-,Arg > Leu,881,-,294,248,Serine Protease,Exon 8,p.Arg294Leu,30864,Arg,Leu,arginine,leucine,-,Moderate,-,-,3%,-,,,,,
4567,15694,c.881G>T,12,Point,Missense,No,-,-,-,Arg > Leu,881,-,294,248,Serine Protease,Exon 8,p.Arg294Leu,30864,Arg,Leu,arginine,leucine,-,Moderate,-,-,2%,-,,,,,
4568,15225,c.*836_837dupGT,1,Duplication,Frameshift,No,-,-,-,-,,-,,,-,3' UTR,N/A,,-,-,-,-,-,Moderate,-,-,-,-,,,,,
4569,15226,c.1256T>G,3,Point,Missense,No,-,-,-,Val > Gly,1256,-,419,373,Serine Protease,Exon 8,p.Val419Gly,31239,Val,Gly,valine,glycine,-,Moderate,-,-,-,-,,,,,
4569,15983,c.1256T>G,3,Point,Missense,No,-,-,-,Val > Gly,1256,-,419,373,Serine Protease,Exon 8,p.Val419Gly,31239,Val,Gly,valine,glycine,-,Severe,-,-,<1,-,,,,,
4569,15984,c.1256T>G,3,Point,Missense,No,-,-,-,Val > Gly,1256,-,419,373,Serine Protease,Exon 8,p.Val419Gly,31239,Val,Gly,valine,glycine,-,Severe,-,-,<1,-,,,,,
4570,15227,c.1115T>C,3,Point,Missense,No,-,-,-,Leu > Pro,1115,-,372,326,Serine Protease,Exon 8,p.Leu372Pro,31098,Leu,Pro,leucine,proline,-,Severe,-,-,-,-,,,,,
4570,15919,c.1115T>C,3,Point,Missense,-,-,-,-,Leu > Pro,1115,-,372,326,Serine Protease,Exon 8,p.Leu372Pro,31098,Leu,Pro,leucine,proline,-,Severe,-,-,<1,-,,,,,
4570,15920,c.1115T>C,3,Point,Missense,-,-,-,-,Leu > Pro,1115,-,372,326,Serine Protease,Exon 8,p.Leu372Pro,31098,Leu,Pro,leucine,proline,-,Severe,-,-,<1,-,,,,,
4571,15228,c.1151G>T,2,Point,Missense,No,-,-,-,Arg > Leu,1151,-,384,338,Serine Protease,Exon 8,p.Arg384Leu,31134,Arg,Leu,arginine,leucine,-,-,-,-,776%,92%,Hyperactive Variant; Padua variant;,,,,
4571,15229,c.1151G>T,2,Point,Missense,No,-,-,-,Arg > Leu,1151,-,384,338,Serine Protease,Exon 8,p.Arg384Leu,31134,Arg,Leu,arginine,leucine,-,-,-,-,551%,64%,Hyperactive Variant; Padua variant;,,,,
4572,14424,c.*1159A>G,24,Point,-,-,-,-,3'UTR,-,,-,,,-,3' UTR,-,,-,-,-,-,-,Severe,-,-,<1,<1,,,,,
4572,14425,c.*1159A>G,24,Point,-,-,-,-,3'UTR,-,,-,,,-,3' UTR,-,,-,-,-,-,-,Moderate,-,-,2%,<1,,,,,
4572,14426,c.*1159A>G,24,Point,-,-,-,-,3'UTR,-,,-,,,-,3' UTR,-,,-,-,-,-,-,Moderate,-,-,3%,<1,,,,,
4572,14427,c.*1159A>G,24,Point,-,-,-,-,3'UTR,-,,-,,,-,3' UTR,-,,-,-,-,-,-,Moderate,-,-,1.30%,<1,,,,,
4572,14428,c.*1159A>G,24,Point,-,-,-,-,3'UTR,-,,-,,,-,3' UTR,-,,-,-,-,-,-,Severe,-,-,-,-,,,,,
4572,14429,c.*1159A>G,24,Point,-,-,-,-,3'UTR,-,,-,,,-,3' UTR,-,,-,-,-,-,-,Severe,-,-,<1,-,,,,,
4572,14430,c.*1159A>G,24,Point,-,-,-,-,3'UTR,-,,-,,,-,3' UTR,-,,-,-,-,-,-,Severe,-,-,<1,0.60%,,,,,
4572,14431,c.*1159A>G,24,Point,-,-,-,-,3'UTR,-,,-,,,-,3' UTR,-,,-,-,-,-,-,Moderate,-,-,1%,-,,,,,
4572,14432,c.*1159A>G,24,Point,-,-,-,-,3'UTR,-,,-,,,-,3' UTR,-,,-,-,-,-,-,Moderate,-,-,2%,-,,,,,
4572,14433,c.*1159A>G,24,Point,-,-,-,-,3'UTR,-,,-,,,-,3' UTR,-,,-,-,-,-,-,Moderate,-,-,4%,-,,,,,
4572,14434,c.*1159A>G,24,Point,-,-,-,-,3'UTR,-,,-,,,-,3' UTR,-,,-,-,-,-,-,Moderate,-,-,1%,10%,,,,,
4572,14435,c.*1159A>G,24,Point,-,-,-,-,3'UTR,-,,-,,,-,3' UTR,-,,-,-,-,-,-,-,-,-,-,-,,,,,
4572,14436,c.*1159A>G,24,Point,-,-,-,-,3'UTR,-,,-,,,-,3' UTR,-,,-,-,-,-,-,-,-,-,-,-,,,,,
4572,14437,c.*1159A>G,24,Point,-,-,-,-,3'UTR,-,,-,,,-,3' UTR,-,,-,-,-,-,-,Moderate,-,-,4.50%,-,,,,,
4572,14438,c.*1159A>G,24,Point,-,-,-,-,3'UTR,-,,-,,,-,3' UTR,-,,-,-,-,-,-,Moderate,-,-,2%,-,,,,,
4572,14439,c.*1159A>G,24,Point,-,-,-,-,3'UTR,-,,-,,,-,3' UTR,-,,-,-,-,-,-,Severe,-,-,<1,-,,,,,
4572,14440,c.*1159A>G,24,Point,-,-,-,-,3'UTR,-,,-,,,-,3' UTR,-,,-,-,-,-,-,Moderate,-,-,1%,-,,,,,
4572,14441,c.*1159A>G,24,Point,-,-,-,-,3'UTR,-,,-,,,-,3' UTR,-,,-,-,-,-,-,Moderate,-,-,-,-,,,,,
4572,14442,c.*1159A>G,24,Point,-,-,-,-,3'UTR,-,,-,,,-,3' UTR,-,,-,-,-,-,-,Severe,-,-,<1,-,,,,,
4572,16191,c.*1159A>G,24,Point,-,No,-,-,3'UTR,-,,-,,,-,3' UTR,-,,-,-,-,-,-,Moderate,-,-,3%,-,,,,,
4572,16192,c.*1159A>G,24,Point,-,No,-,-,3'UTR,-,,-,,,-,3' UTR,-,,-,-,-,-,-,Severe,-,-,<1,-,,,,,
4572,16193,c.*1159A>G,24,Point,-,-,-,-,3'UTR,-,,-,,,-,3' UTR,-,,-,-,-,-,-,Moderate,-,-,1.40%,-,,,,,
4572,16194,c.*1159A>G,24,Point,-,No,-,-,3'UTR,-,,-,,,-,3' UTR,-,,-,-,-,-,-,Severe,-,-,<1,-,,,,,
4572,16195,c.*1159A>G,24,Point,-,No,-,-,3'UTR,-,,-,,,-,3' UTR,-,,-,-,-,-,-,Severe,-,-,<1,-,,,,,
4573,14443,c.*1370A>G,2,Point,-,-,-,-,polyA,-,,-,,,-,-,-,,-,-,-,-,-,Mild,-,-,33.40%,-,,,,,
4573,14444,c.*1370A>G,2,Point,-,-,-,-,polyA,-,,-,,,-,-,-,,-,-,-,-,-,Severe,-,-,<1,-,,,,,
4574,15237,c.982A>T,1,Point,Missense,No,-,-,-,Asn > Tyr,982,-,328,282,Serine Protease,Exon 8,p.Asn328Tyr,,Asn,Tyr,asparagine,tyrosine,-,Moderate,-,-,4%,50%,,,,,
4575,15234,-,1,Deletion,-,-,-,-,-,-,,-,,,-,3' UTR,-,,-,-,-,-,-,Mild,-,-,-,-,,,,,
4576,15243,g.0?,1,Deletion,Gross Deletion,-,-,-,-,-,,-,,,-,Exon 4 - Exon 6,p.(?),,-,-,-,-,-,-,-,-,-,-,,,,,
4577,14180,c.1256T>A,2,Point,Missense,-,-,-,-,Val > Glu,1256,-,419,373,Serine Protease,Exon 8,p.Val419Glu,,Val,Glu,valine,glutamic acid,-,Moderate,-,-,1%,1%,,,,,
4577,14181,c.1256T>A,2,Point,Missense,-,-,-,-,Val > Glu,1256,-,419,373,Serine Protease,Exon 8,p.Val419Glu,,Val,Glu,valine,glutamic acid,-,Severe,-,-,<1,-,,,,,
4578,12612,c.520+1delG,1,Deletion,Splice,-,-,-,-,-,520,-,,,-,Intron 5,N/A,,-,-,-,-,-,-,-,-,-,-,,,,,
4579,14867,c.723+1G>A,8,Point,Splice,-,-,-,-,-,723,-,,,-,Intron 6,N/A,,-,-,-,-,-,-,-,-,-,-,,,,,
4579,14870,c.723+1G>A,8,Point,Splice,-,-,-,-,-,723,-,,,-,Intron 6,N/A,,-,-,-,-,-,-,-,-,-,-,,,,,
4579,14871,c.723+1G>A,8,Point,Splice,-,-,-,-,-,723,-,,,-,Intron 6,N/A,,-,-,-,-,-,Moderate,-,-,2%,-,,,,,
4579,14872,c.723+1G>A,8,Point,Splice,-,-,-,-,-,723,-,,,-,Intron 6,N/A,,-,-,-,-,-,Severe,-,-,<1,<1,,,,,
4579,16172,c.723+1G>A,8,Point,Splice,No,-,-,-,-,723,-,,,-,Intron 6,N/A,,-,-,-,-,-,Severe,-,-,<1,-,,,,,
4579,16173,c.723+1G>A,8,Point,Splice,No,-,-,-,-,723,-,,,-,Intron 6,N/A,,-,-,-,-,-,Severe,-,-,<1,-,,,,,
4579,16174,c.723+1G>A,8,Point,Splice,No,-,-,-,-,723,-,,,-,Intron 6,N/A,,-,-,-,-,-,Severe,-,-,<1,-,,,,,
4579,16175,c.723+1G>A,8,Point,Splice,No,-,-,-,-,723,-,,,-,Intron 6,N/A,,-,-,-,-,-,Severe,-,-,<1,-,,,,,
4580,12517,c.469T>C,4,Point,Missense,-,-,-,-,Cys > Arg,469,-,157,111,EGF2,Exon 5,p.Cys157Arg,,Cys,Arg,cysteine,arginine,-,Severe,-,-,<1,-,,,,,
4580,12518,c.469T>C,4,Point,Missense,-,-,-,-,Cys > Arg,469,-,157,111,EGF2,Exon 5,p.Cys157Arg,,Cys,Arg,cysteine,arginine,-,Severe,-,-,<1,-,,,,,
4580,12519,c.469T>C,4,Point,Missense,-,-,-,-,Cys > Arg,469,-,157,111,EGF2,Exon 5,p.Cys157Arg,,Cys,Arg,cysteine,arginine,-,Severe,-,-,<1,-,,,,,
4580,12520,c.469T>C,4,Point,Missense,-,-,-,-,Cys > Arg,469,-,157,111,EGF2,Exon 5,p.Cys157Arg,,Cys,Arg,cysteine,arginine,-,Severe,-,-,<1,<1,,,,,
4581,12407,c.401G>A,6,Point,Missense,-,-,-,-,Cys > Tyr,401,-,134,88,EGF2,Exon 5,p.Cys134Tyr,,Cys,Tyr,cysteine,tyrosine,-,Severe,-,-,<1,9%,,,,,
4581,12408,c.401G>A,6,Point,Missense,-,-,-,-,Cys > Tyr,401,-,134,88,EGF2,Exon 5,p.Cys134Tyr,,Cys,Tyr,cysteine,tyrosine,-,Severe,-,-,<1,-,,,,,
4581,12409,c.401G>A,6,Point,Missense,-,-,-,-,Cys > Tyr,401,-,134,88,EGF2,Exon 5,p.Cys134Tyr,,Cys,Tyr,cysteine,tyrosine,-,-,-,-,-,-,,,,,
4581,12410,c.401G>A,6,Point,Missense,-,-,-,-,Cys > Tyr,401,-,134,88,EGF2,Exon 5,p.Cys134Tyr,,Cys,Tyr,cysteine,tyrosine,-,Moderate,-,-,1%,-,,,,,
4581,12411,c.401G>A,6,Point,Missense,-,-,-,-,Cys > Tyr,401,-,134,88,EGF2,Exon 5,p.Cys134Tyr,,Cys,Tyr,cysteine,tyrosine,-,Severe,-,-,<1,-,,,,,
4581,12421,c.401G>A,6,Point,Missense,-,-,-,-,Cys > Tyr,401,-,134,88,EGF2,Exon 5,p.Cys134Tyr,,Cys,Tyr,cysteine,tyrosine,-,-,-,-,-,-,,,,,
4582,12415,c.400T>G,2,Point,Missense,-,-,-,-,Cys > Gly,400,-,134,88,EGF2,Exon 5,p.Cys134Gly,,Cys,Gly,cysteine,glycine,-,Severe,-,-,<1,-,,,,,
4582,12416,c.400T>G,2,Point,Missense,-,-,-,-,Cys > Gly,400,-,134,88,EGF2,Exon 5,p.Cys134Gly,,Cys,Gly,cysteine,glycine,-,Severe,-,-,<1,14%,,,,,
4583,13757,c.1095delA,1,Deletion,Frameshift,-,-,-,-,Al > Leufs,1095,-,366,320,Serine Protease,Exon 8,p.(Ala366Leufs*2),,Al,Leufs,alanine,-,-,-,-,-,-,-,,,,,
4584,13782,c.1112A>C,1,Point,Missense,-,-,-,-,Tyr > Ser,1112,-,371,325,Serine Protease,Exon 8,p.Tyr371Ser,,Tyr,Ser,tyrosine,serine,-,Mild,-,-,20%,-,,,,,
4585,12619,c.530C>T,1,Point,Missense,-,-,-,-,Pro > Leu,530,-,177,131,Linker,Exon 6,p.Pro177Leu,,Pro,Leu,proline,leucine,-,-,-,-,-,-,,,,,
4586,11960,c.149G>A,2,Point,Missense,-,-,-,-,Gly > Asp,149,-,50,4,Gla,Exon 2,p.Gly50Asp,,Gly,Asp,glycine,aspartic acid,-,-,-,-,-,-,,,,,
4586,15392,c.149G>A,2,Point,Missense,No,-,-,-,Gly > Asp,149,-,50,4,Gla,Exon 2,p.Gly50Asp,,Gly,Asp,glycine,aspartic acid,-,Mild,-,-,17%,-,,,,,
4587,12028,c.196G>A,2,Point,Missense,-,-,-,-,Glu > Lys,196,-,66,20,Gla,Exon 2,p.Glu66Lys,,Glu,Lys,glutamic acid,lysine,-,Mild,-,-,30%,-,,,,,
4587,15399,c.196G>A,2,Point,Missense,No,-,-,-,Glu > Lys,196,-,66,20,Gla,Exon 2,p.Glu66Lys,,Glu,Lys,glutamic acid,lysine,-,Mild,-,-,30%,-,,,,,
4588,14545,g.0?,4,Deletion,Gross Deletion,-,-,-,-,-,,-,,,-,Exon 2 - Exon 8,p.(0?),,-,-,-,-,-,-,-,-,-,-,,,,,
4588,14546,g.0?,4,Deletion,Gross Deletion,-,-,-,-,-,,-,,,-,Exon 2 - Exon 8,p.(0?),,-,-,-,-,-,-,-,-,-,-,,,,,
4588,15319,g.0?,4,Deletion,Gross Deletion,-,-,-,-,-,,-,,,-,Exon 2 - Exon 8,p.(0?),,-,-,-,-,-,-,-,-,-,-,,,,,
4588,16223,g.0?,4,Deletion,Gross Deletion,No,-,-,-,-,,-,,,-,Exon 2 - Exon 8,p.(0?),,-,-,-,-,-,Severe,-,-,<1,-,,,,,
4589,12395,c.373G>A,4,Point,Missense,-,-,-,-,Gly > Arg,373,-,125,79,EGF1,Exon 4,p.Gly125Arg,,Gly,Arg,glycine,arginine,-,Severe,-,-,<1,<1,,,,,
4589,12396,c.373G>A,4,Point,Missense,-,-,-,-,Gly > Arg,373,-,125,79,EGF1,Exon 4,p.Gly125Arg,,Gly,Arg,glycine,arginine,-,Severe,-,-,<1,-,,,,,
4589,15526,c.373G>A,4,Point,Missense,No,-,-,-,Gly > Arg,373,-,125,79,EGF1,Exon 4,p.Gly125Arg,,Gly,Arg,glycine,arginine,-,Severe,-,-,<1,-,,,,,
4589,15527,c.373G>A,4,Point,Missense,No,-,-,-,Gly > Arg,373,-,125,79,EGF1,Exon 4,p.Gly125Arg,,Gly,Arg,glycine,arginine,-,Severe,-,-,<1,-,,,,,
4590,13166,c.839G>C,1,Point,Missense,-,-,-,-,Gly > Ala,839,-,280,234,Serine Protease,Exon 8,p.Gly280Ala,,Gly,Ala,glycine,alanine,-,Mild,-,-,17%,-,,,,,
4591,14758,c.253-25A>T,1,Point,-,-,-,-,-,-,253,-,,,-,Intron 2,-,,-,-,-,-,-,-,-,-,-,-,,,,,
4592,15244,c.1207G>T,1,Point,Missense,-,-,-,-,Gly > Cys,1207,-,403,357,Serine Protease,Exon 8,p.Gly403Cys,,Gly,Cys,glycine,cysteine,-,-,-,-,-,-,,,,,
4593,12206,c.283G>T,1,Point,Missense,-,-,-,-,Asp > Tyr,283,-,95,49,EGF1,Exon 4,p.Asp95Tyr,,Asp,Tyr,aspartic acid,tyrosine,-,Mild,-,-,18%,-,,,,,
4594,12260,c.314G>A,1,Point,Missense,-,-,-,-,Gly > Asp,314,-,105,59,EGF1,Exon 4,p.Gly105Asp,,Gly,Asp,glycine,aspartic acid,-,Mild,-,-,20%,60%,,,,,
4595,14547,-,2,Deletion,Gross Deletion,Yes,-,-,-,-,,-,,,-,Exon 4 - Exon 8,-,,-,-,-,-,-,-,-,-,-,-,,,,,
4595,15248,-,2,Deletion,Gross Deletion,-,-,-,-,-,,-,,,-,Exon 4 - Exon 8,-,,-,-,-,-,-,-,-,-,-,-,,,,,
4596,13002,c.757G>A,2,Point,Missense,-,-,-,-,Gly > Arg,757,-,253,207,Serine Protease,Exon 7,p.Gly253Arg,,Gly,Arg,glycine,arginine,-,Moderate,-,-,1%,-,,,,,
4596,13003,c.757G>A,2,Point,Missense,-,-,-,-,Gly > Arg,757,-,253,207,Serine Protease,Exon 7,p.Gly253Arg,,Gly,Arg,glycine,arginine,-,Severe,-,-,<1,-,,,,,
4597,14196,c.1276A>C,1,Point,Missense,-,-,-,-,Thr > Pro,1276,-,426,380,Serine Protease,Exon 8,p.Thr426Pro,,Thr,Pro,threonine,proline,-,Severe,-,-,<1,-,,,,,
4598,13453,c.952C>T,1,Point,Missense,-,-,-,-,Leu > Phe,952,-,318,272,Serine Protease,Exon 8,p.Leu318Phe,,Leu,Phe,leucine,phenylalanine,-,Severe,-,-,<1,-,,,,,
4599,13696,c.1064G>A,3,Point,Missense,-,-,-,-,Gly > Asp,1064,-,355,309,Serine Protease,Exon 8,p.Gly355Asp,,Gly,Asp,glycine,aspartic acid,-,Severe,-,-,<1,-,,,,,
4599,13697,c.1064G>A,3,Point,Missense,-,-,-,-,Gly > Asp,1064,-,355,309,Serine Protease,Exon 8,p.Gly355Asp,,Gly,Asp,glycine,aspartic acid,-,Severe,-,-,<1,-,,,,,
4599,15907,c.1064G>A,3,Point,Missense,No,-,-,-,Gly > Asp,1064,-,355,309,Serine Protease,Exon 8,p.Gly355Asp,,Gly,Asp,glycine,aspartic acid,-,Severe,-,-,<1,-,,,,,
4600,12159,c.234dup,1,Duplication,Frameshift,-,-,-,Frameshift,Glu > *,234,-,79,33,Gla,Exon 2,p.(Glu79*),,Glu,*,glutamic acid,-,-,Severe,-,-,<1,-,,,,,
4601,13091,c.827_828del,1,Deletion,Frameshift,-,-,-,-,Thr > Serfs,827,-,276,230,Serine Protease,Exon 7,p.(Thr276Serfs*5),,Thr,Serfs,threonine,-,-,Severe,-,-,<1,-,,,,,
4602,12533,c.478G>C,5,Point,Missense,-,-,-,-,Gly > Arg,478,-,160,114,EGF2,Exon 5,p.Gly160Arg,,Gly,Arg,glycine,arginine,-,Severe,-,-,-,-,,,,,
4602,15539,c.478G>C,5,Point,Missense,No,-,-,-,Gly > Arg,478,-,160,114,EGF2,Exon 5,p.Gly160Arg,,Gly,Arg,glycine,arginine,-,Moderate,-,-,3%,-,,,,,
4602,15540,c.478G>C,5,Point,Missense,No,-,-,-,Gly > Arg,478,-,160,114,EGF2,Exon 5,p.Gly160Arg,,Gly,Arg,glycine,arginine,-,Moderate,-,-,2%,-,,,,,
4602,15541,c.478G>C,5,Point,Missense,No,-,-,-,Gly > Arg,478,-,160,114,EGF2,Exon 5,p.Gly160Arg,,Gly,Arg,glycine,arginine,-,Moderate,-,-,3%,-,,,,,
4602,15542,c.478G>C,5,Point,Missense,No,-,-,-,Gly > Arg,478,-,160,114,EGF2,Exon 5,p.Gly160Arg,,Gly,Arg,glycine,arginine,-,Moderate,-,-,1%,-,,,,,
4604,12354,c.343T>A,2,Point,Missense,-,-,-,-,Tyr > Asn,343,-,115,69,EGF1,Exon 4,p.Tyr115Asn,,Tyr,Asn,tyrosine,asparagine,-,Severe,-,-,<1,-,,,,,
4604,15519,c.343T>A,2,Point,Missense,No,-,-,-,Tyr > Asn,343,-,115,69,EGF1,Exon 4,p.Tyr115Asn,,Tyr,Asn,tyrosine,asparagine,-,Severe,-,-,<1,-,,,,,
4605,13410,c.917A>G,2,Point,Missense,-,-,-,-,Asn > Ser,917,-,306,260,Serine Protease,Exon 8,p.Asn306Ser,,Asn,Ser,asparagine,serine,-,Mild,-,-,24%,-,,,,,
4605,13411,c.917A>G,2,Point,Missense,-,-,-,-,Asn > Ser,917,-,306,260,Serine Protease,Exon 8,p.Asn306Ser,,Asn,Ser,asparagine,serine,-,Mild,-,-,9%,-,,,,,
4606,11962,c.153A>G,1,Point,Silent,-,-,-,-,Lys > Lys,153,-,51,5,Gla,Exon 2,p.(Lys51Lys),,Lys,Lys,lysine,lysine,-,Mild,-,-,7%,-,,,,,
4607,14594,[ex1-4del; ex6-8del],1,Deletion,Gross Deletion,-,-,-,-,-,,-,,,-,Exon 1 - Exon 8,-,,-,-,-,-,-,Severe,-,-,-,-,,,,,
4608,14666,c.1101_1107del,1,Deletion,Frameshift,-,-,-,-,Leu > Phefs,1101,-,367,321,Serine Protease,Exon 8,p.(Leu367Phefs*57),,Leu,Phefs,leucine,-,-,Severe,-,-,<1,<1,,,,,
4609,12434,c.412A>G,3,Point,Missense,-,-,-,-,Asn > Asp,412,-,138,92,EGF2,Exon 5,p.Asn138Asp,,Asn,Asp,asparagine,aspartic acid,-,-,-,-,-,-,,,,,
4609,12435,c.412A>G,3,Point,Missense,-,-,-,-,Asn > Asp,412,-,138,92,EGF2,Exon 5,p.Asn138Asp,,Asn,Asp,asparagine,aspartic acid,-,Severe,-,-,<1,-,,,,,
4609,12436,c.412A>G,3,Point,Missense,-,-,-,-,Asn > Asp,412,-,138,92,EGF2,Exon 5,p.Asn138Asp,,Asn,Asp,asparagine,aspartic acid,-,Severe,-,-,<1,-,,,,,
4610,14536,[ex5del; ex7-8del],1,Deletion,Gross Deletion,Yes,-,-,-,-,,-,,,-,Exon 5 - Exon 8,-,,-,-,-,-,-,-,-,-,-,-,,,,,
4611,13741,c.1076T>A,1,Point,Missense,-,-,-,-,Val > Asp,1076,-,359,313,Serine Protease,Exon 8,p.Val359Asp,,Val,Asp,valine,aspartic acid,-,Moderate,-,-,2.50%,100%,,,,,
4612,12397,c.374G>A,1,Point,Missense,-,-,-,-,Gly > Glu,374,-,125,79,EGF1,Exon 4,p.Gly125Glu,,Gly,Glu,glycine,glutamic acid,-,-,-,-,-,-,,,,,
4613,13494,c.998C>A,3,Point,Missense,-,-,-,-,Pro > His,998,-,333,287,Serine Protease,Exon 8,p.Pro333His,,Pro,His,proline,histidine,-,Mild,-,-,-,-,,,,,
4613,13495,c.998C>A,3,Point,Missense,-,-,-,-,Pro > His,998,-,333,287,Serine Protease,Exon 8,p.Pro333His,,Pro,His,proline,histidine,-,Moderate,-,-,3%,3%,,,,,
4613,15301,c.998C>A,3,Point,Missense,-,-,-,-,Pro > His,998,-,333,287,Serine Protease,Exon 8,p.Pro333His,,Pro,His,proline,histidine,-,-,-,-,-,-,,,,,
4614,14761,c.252+1G>C,3,Point,Splice,-,-,-,-,-,252,-,,,-,Intron 2,-,,-,-,-,-,-,Severe,-,-,<1,-,,,,,
4614,14762,c.252+1G>C,3,Point,Splice,-,-,-,-,-,252,-,,,-,Intron 2,-,,-,-,-,-,-,Severe,-,-,<1,-,,,,,
4614,15293,c.252+1G>C,3,Point,Splice,-,-,-,-,-,252,-,,,-,Intron 2,-,,-,-,-,-,-,Severe,-,-,<1,-,,,,,
4615,14034,c.1182G>C,1,Point,Missense,-,-,-,-,Met > Ile,1182,-,394,348,Serine Protease,Exon 8,p.Met394Ile,,Met,Ile,methionine,isoleucine,-,Severe,-,-,<1,-,,,,,
4616,14467,c.789_790dup,1,Duplication,Frameshift,-,-,-,-,Thr > Lysfs,789,-,264,218,Serine Protease,Exon 7,p.(Thr264Lysfs*34),,Thr,Lysfs,threonine,-,-,Moderate,-,-,1%,-,,,,,
4617,15309,c.-110_89-1491del,1,Deletion,-,-,-,-,-,-,-110,-,,,-,-,-,,-,-,-,-,-,-,-,-,-,-,,,,,
4618,14914,c.-822A>G,1,Point,-,-,-,-,-,-,-822,-,,,-,5' UTR,-,,-,-,-,-,-,-,-,-,-,-,,,,,
4619,12631,c.532T>G,1,Point,Missense,-,-,-,-,Cys > Gly,532,-,178,132,Linker,Exon 6,p.Cys178Gly,,Cys,Gly,cysteine,glycine,-,-,-,-,-,-,,,,,
4620,13346,c.890T>A,1,Point,Missense,-,0.000005582,-,-,Ile > Asn,890,-,297,251,Serine Protease,Exon 8,p.Ile297Asn,,Ile,Asn,isoleucine,asparagine,-,Severe,-,-,<1,-,,,,,
4621,15245,-,1,Duplication,-,-,-,-,duplication of exons 5-8,-,,-,,,-,Exon 5 - Exon 8,-,,-,-,-,-,-,-,-,-,-,-,,,,,
4622,15312,c.-727T>C,1,Polymorphism,-,-,-,-,-,-,-727,-,,,-,5' UTR,-,,-,-,-,-,-,-,-,-,-,-,,,,,
4623,12644,c.536G>A,1,Point,Missense,-,-,-,-,Gly > Glu,536,-,179,133,Linker,Exon 6,p.Gly179Glu,,Gly,Glu,glycine,glutamic acid,-,Severe,-,-,<1,<1,,,,,
4624,15318,-,2,Deletion,Gross Deletion,-,-,-,exon 2 deletion,-,,-,,,-,Exon 2,-,,-,-,-,-,-,-,-,-,-,-,,,,,
4624,16222,-,2,Deletion,Gross Deletion,No,-,-,exon 2 deletion,-,,-,,,-,Exon 2,-,,-,-,-,-,-,Severe,-,-,<1,-,,,,,
4625,14303,c.1318A>C,1,Point,Missense,-,-,-,-,Lys > Gln,1318,-,440,394,Serine Protease,Exon 8,p.Lys440Gln,,Lys,Gln,lysine,glutamine,-,Mild,-,-,18%,150%,,,,,
4626,13173,c.847A>G,1,Point,Missense,-,-,-,-,Asn > Asp,847,-,283,237,Serine Protease,Exon 8,p.Asn283Asp,,Asn,Asp,asparagine,aspartic acid,-,-,-,-,-,-,,,,,
4627,13994,c.1150_1151delinsGC,1,Indel,Inframe,-,-,-,-,Arg > Ala,1150,-,384,338,Serine Protease,Exon 8,p.(Arg384Ala),,Arg,Ala,arginine,alanine,-,-,-,-,-,-,,,,,
4628,15324,c.716_717insCTGATGGTGTGTCAAA,1,Insertion,Frameshift,-,-,-,-,Trp > *,716,-,240,194,Serine Protease,Exon 6,p.(Trp240*),,Trp,*,tryptophan,-,-,-,-,-,-,-,,,,,
4629,15325,c.724-3C>G,2,Point,-,-,-,-,-,-,724,-,,,-,Intron 6,N/A,,-,-,-,-,-,-,-,-,-,-,,,,,
4629,15326,c.724-3C>G,2,Point,-,-,-,-,-,-,724,-,,,-,Intron 6,N/A,,-,-,-,-,-,-,-,-,-,-,,,,,
4630,14212,c.1288A>T,1,Point,Missense,-,-,-,-,Ser > Cys,1288,-,430,384,Serine Protease,Exon 8,p.Ser430Cys,,Ser,Cys,serine,cysteine,-,Moderate,-,-,5%,20%,,,,,
4631,11719,c.-17A>C,1,Point,-,-,-,-,-,-,-17,-,,,-,5' UTR,-,,-,-,-,-,-,-,-,-,-,-,,,,,
4632,14205,c.1280delG,1,Deletion,Frameshift,-,-,-,-,Gly > Glufs,1280,-,427,381,Serine Protease,Exon 8,p.(Gly427Glufs*11),,Gly,Glufs,glycine,-,-,-,-,-,-,-,,,,,
4633,14508,c.423_424ins(276),1,Insertion,Frameshift,-,-,-,Alu insertion,-,423,-,,,-,-,-,,-,-,-,-,-,-,-,-,-,-,276bp Alu insertion,,,,
4634,16247,c.122T>G,1,Point,Missense,No,0.000005545,-,-,Leu > Arg,122,-,41,-6,Propeptide,Exon 2,p.Leu41Arg,,Leu,Arg,leucine,arginine,-,Mild,-,-,30%,-,,,,,
4635,16248,c.133A>G,1,Point,Missense,No,-,-,-,Lys > Glu,133,-,45,-2,Propeptide,Exon 2,p.Lys45Glu,,Lys,Glu,lysine,glutamic acid,-,Moderate,-,-,4.30%,-,,,,,
4636,16249,c.137G>T,1,Point,Missense,No,-,-,-,Arg > Met,137,-,46,-1,Propeptide,Exon 2,p.Arg46Met,,Arg,Met,arginine,methionine,-,Severe,-,-,<1,-,,,,,
4637,16250,c.157G>C,1,Point,Missense,No,-,-,-,Glu > Gln,157,-,53,7,Gla,Exon 2,p.Glu53Gln,,Glu,Gln,glutamic acid,glutamine,-,Severe,-,-,<1,-,,,,,
4638,16251,c.189A>C,1,Point,Missense,No,-,-,-,Glu > Asp,189,-,63,17,Gla,Exon 2,p.Glu63Asp,,Glu,Asp,glutamic acid,aspartic acid,-,Severe,-,-,<1,-,,,,,
4639,16252,c.191G>T,1,Point,Missense,No,-,-,-,Cys > Phe,191,-,64,18,Gla,Exon 2,p.Cys64Phe,,Cys,Phe,cysteine,phenylalanine,-,Severe,-,-,<1,-,,,,,
4640,16253,c.208A>C,1,Point,Missense,No,-,-,-,Ser > Arg,208,-,70,24,Gla,Exon 2,p.Ser70Arg,,Ser,Arg,serine,arginine,-,Mild,-,-,28%,-,,,,,
4641,16254,c.223C>G,1,Point,Missense,-,-,-,-,Arg > Gly,223,-,75,29,Gla,Exon 2,p.Arg75Gly,,Arg,Gly,arginine,glycine,-,Mild,-,-,9%,-,,,,,
4642,16255,c.236A>T,1,Point,Missense,No,-,-,-,Glu > Val,236,-,79,33,Gla,Exon 2,p.Glu79Val,,Glu,Val,glutamic acid,valine,-,Moderate,-,-,3%,-,,,,,
4643,16256,c.278A>T,1,Point,Missense,No,-,-,-,Asp > Val,278,-,93,47,EGF1,Exon 4,p.Asp93Val,,Asp,Val,aspartic acid,valine,-,Moderate,-,-,4%,-,,,,,
4644,16257,c.343T>C,2,Point,Missense,No,-,-,-,Tyr > His,343,-,115,69,EGF1,Exon 4,p.Tyr115His,,Tyr,His,tyrosine,histidine,-,Moderate,-,-,5%,-,,,,,
4644,16258,c.343T>C,2,Point,Missense,-,-,-,-,Tyr > His,343,-,115,69,EGF1,Exon 4,p.Tyr115His,,Tyr,His,tyrosine,histidine,-,Mild,-,-,6%,-,,,,,
4645,16259,c.386A>G,1,Point,Missense,No,-,-,-,Glu > Gly,386,-,129,83,EGF1,Exon 4,p.Glu129Gly,,Glu,Gly,glutamic acid,glycine,-,Mild,-,-,12%,-,,,,,
4646,16260,c.392A>T,1,Point,Missense,-,-,-,-,Asp > Val,392,-,131,85,EGF2,Exon 5,p.Asp131Val,,Asp,Val,aspartic acid,valine,-,Mild,-,-,15%,-,,,,,
4647,16261,c.392A>C,1,Point,Missense,No,-,-,-,Asp > Ala,392,-,131,85,EGF2,Exon 5,p.Asp131Ala,,Asp,Ala,aspartic acid,alanine,-,Mild,-,-,29%,-,,,,,
4648,16262,c.433T>G,1,Point,Missense,-,-,-,-,Cys > Glu,433,-,145,99,EGF2,Exon 5,p.Cys145Glu,,Cys,Glu,cysteine,glycine,-,Moderate,-,-,1%,-,,,,,
4649,16263,c.613A>G,1,Point,Missense,No,-,-,-,Thr > Ala,613,-,205,159,Activation Peptide,Exon 6,p.Thr205Ala,,Thr,Ala,threonine,alanine,-,Mild,-,-,33%,-,,,,,
4650,16264,c.686G>T,1,Point,Missense,No,-,-,-,Gly > Val,686,-,229,183,Serine Protease,Exon 6,p.Gly229Val,,Gly,Val,glycine,valine,-,Severe,-,-,<1,-,,,,,
4651,16265,c.688G>C,1,Point,Missense,No,-,-,-,Gly > Arg,688,-,230,184,Serine Protease,Exon 6,p.Gly230Arg,,Gly,Arg,glycine,arginine,-,Severe,-,-,<1,-,,,,,
4652,16266,c.689G>A,1,Point,Missense,No,-,-,-,Gly > Glu,689,-,230,184,Serine Protease,Exon 6,p.Gly230Glu,,Gly,Glu,glycine,glutamic acid,-,Severe,-,-,<1,-,,,,,
4653,16267,c.716C>T,1,Point,Missense,No,-,-,-,Pro > Leu,716,-,239,193,Serine Protease,Exon 6,p.Pro239Leu,,Pro,Leu,proline,leucine,-,Severe,-,-,<1,-,,,,,
4654,16268,c.723G>T,2,Point,Missense,No,-,-,-,Gln > His,723,-,241,195,Serine Protease,Exon 6,p.Gln241His,,Gln,His,glutamine,histidine,-,Severe,-,-,<1,-,,,,,
4654,16269,c.723G>T,2,Point,Missense,No,-,-,-,Gln > His,723,-,241,195,Serine Protease,Exon 6,p.Gln241His,,Gln,His,glutamine,histidine,-,Severe,-,-,<1,-,,,,,
4655,16270,c.760G>C,1,Point,Missense,No,-,-,-,Gly > Arg,760,-,254,208,Serine Protease,Exon 7,p.Gly254Arg,,Gly,Arg,glycine,arginine,-,Moderate,-,-,1%,-,,,,,
4656,16271,c.796G>C,1,Point,Missense,No,-,-,-,Ala > Pro,796,-,266,220,Serine Protease,Exon 7,p.Ala266Pro,,Ala,Pro,alanine,proline,-,Severe,-,-,<1,-,,,,,
4657,16272,c.800A>T,1,Point,Missense,No,-,-,-,His > Leu,800,-,267,221,Serine Protease,Exon 7,p.His267Leu,,His,Leu,histidine,leucine,-,Severe,-,-,<1,-,,,,,
4658,16273,c.801C>G,1,Point,Missense,No,-,-,-,His > Gln,801,-,267,221,Serine Protease,Exon 7,p.His267Gln,,His,Gln,histidine,glutamine,-,Severe,-,-,<1,-,,,,,
4659,16274,c.869C>T,3,Point,Missense,No,-,-,-,Thr > Ile,869,-,290,244,Serine Protease,Exon 8,p.Thr290Ile,,Thr,Ile,threonine,isoleucine,-,Mild,-,-,28%,-,,,,,
4659,16275,c.869C>T,3,Point,Missense,No,-,-,-,Thr > Ile,869,-,290,244,Serine Protease,Exon 8,p.Thr290Ile,,Thr,Ile,threonine,isoleucine,-,Mild,-,-,24%,-,,,,,
4659,16276,c.869C>T,3,Point,Missense,No,-,-,-,Thr > Ile,869,-,290,244,Serine Protease,Exon 8,p.Thr290Ile,,Thr,Ile,threonine,isoleucine,-,Mild,-,-,24%,-,,,,,
4660,16277,c.914A>G,1,Point,Missense,No,-,-,-,Tyr > Cys,914,-,305,259,Serine Protease,Exon 8,p.Tyr305Cys,,Tyr,Cys,tyrosine,cysteine,-,Moderate,-,-,2%,-,,,,,
4661,16278,c.917A>C,1,Point,Missense,No,-,-,-,Asn > Thr,917,-,306,260,Serine Protease,Exon 8,p.Asn306Thr,,Asn,Thr,asparagine,threonine,-,Moderate,-,-,5%,-,,,,,
4662,16279,c.960A>C,2,Point,Missense,No,-,-,-,Glu > Asp,960,-,320,274,Serine Protease,Exon 8,p.Glu320Asp,,Glu,Asp,glutamic acid,aspartic acid,-,Severe,-,-,<1,-,,,,,
4662,16280,c.960A>C,2,Point,Missense,No,-,-,-,Glu > Asp,960,-,320,274,Serine Protease,Exon 8,p.Glu320Asp,,Glu,Asp,glutamic acid,aspartic acid,-,Severe,-,-,<1,-,,,,,
4663,16281,c.971C>T,1,Point,Missense,No,-,-,-,Pro > Leu,971,-,324,278,Serine Protease,Exon 8,p.Pro324Leu,,Pro,Leu,proline,leucine,-,Mild,-,-,18%,-,,,,,
4664,16282,c.1025C>G,1,Point,Missense,No,-,-,-,Thr > Arg,1025,-,342,296,Serine Protease,Exon 8,p.Thr342Arg,,Thr,Arg,threonine,arginine,-,Moderate,-,-,1%,-,,,,,
4665,16283,c.1076T>C,1,Point,Missense,No,-,-,-,Val > Ala,1076,-,359,313,Serine Protease,Exon 8,p.Val359Ala,,Val,Ala,valine,alanine,-,Mild,-,-,6%,-,,,,,
4666,16284,c.1109A>T,1,Point,Missense,No,-,-,-,Gln > Leu,1109,-,370,324,Serine Protease,Exon 8,p.Gln370Leu,,Gln,Leu,glutamine,leucine,-,Severe,-,-,<1,-,,,,,
4667,16285,c.1124C>T,3,Point,Missense,Yes,-,-,-,Pro > Leu,1124,-,375,329,Serine Protease,Exon 8,p.Pro375Leu,,Pro,Leu,proline,leucine,-,Mild,-,-,24%,-,,,,,
4667,16286,c.1124C>T,3,Point,Missense,No,-,-,-,Pro > Leu,1124,-,375,329,Serine Protease,Exon 8,p.Pro375Leu,,Pro,Leu,proline,leucine,-,Mild,-,-,20%,-,,,,,
4667,16287,c.1124C>T,3,Point,Missense,No,-,-,-,Pro > Leu,1124,-,375,329,Serine Protease,Exon 8,p.Pro375Leu,,Pro,Leu,proline,leucine,-,Mild,-,-,20%,-,,,,,
4668,16288,c.1142C>T,1,Point,Missense,-,0.000005456,-,-,Thr > Ile,1142,-,381,335,Serine Protease,Exon 8,p.Thr381Ile,,Thr,Ile,threonine,isoleucine,-,Mild,-,-,25%,-,,,,,
4669,16289,c.1237G>C,2,Point,Missense,No,-,-,-,Gly > Arg,1237,-,413,367,Serine Protease,Exon 8,p.Gly413Arg,,Gly,Arg,glycine,arginine,-,Severe,-,-,<1,-,,,,,
4669,16290,c.1237G>C,2,Point,Missense,No,-,-,-,Gly > Arg,1237,-,413,367,Serine Protease,Exon 8,p.Gly413Arg,,Gly,Arg,glycine,arginine,-,Severe,-,-,<1,-,,,,,
4670,16291,c.1280G>T,3,Point,Missense,No,-,-,-,Gly > Val,1280,-,427,381,Serine Protease,Exon 8,p.Gly427Val,,Gly,Val,glycine,valine,-,Moderate,-,-,2%,-,,,,,
4670,16292,c.1280G>T,3,Point,Missense,No,-,-,-,Gly > Val,1280,-,427,381,Serine Protease,Exon 8,p.Gly427Val,,Gly,Val,glycine,valine,-,Moderate,-,-,2%,-,,,,,
4670,16293,c.1280G>T,3,Point,Missense,No,-,-,-,Gly > Val,1280,-,427,381,Serine Protease,Exon 8,p.Gly427Val,,Gly,Val,glycine,valine,-,Moderate,-,-,3%,-,,,,,
4671,16294,c.1290C>A,1,Point,Missense,No,-,-,-,Ser > Arg,1290,-,430,384,Serine Protease,Exon 8,p.Ser430Arg,,Ser,Arg,serine,arginine,-,Moderate,-,-,1%,-,,,,,
4672,16295,c.1294G>T,1,Point,Missense,No,-,-,-,Gly > Cys,1294,-,432,386,Serine Protease,Exon 8,p.Gly432Cys,,Gly,Cys,glycine,cysteine,-,Severe,-,-,<1,-,,8.14,42.31,LOW,Loop
4673,16296,c.1297G>C,1,Point,Missense,No,-,-,-,Glu > Gln,1297,-,433,387,Serine Protease,Exon 8,p.Glu433Gln,,Glu,Gln,glutamic acid,glutamine,-,Mild,-,-,13%,-,,,,,
4674,16297,c.1348T>A,1,Point,Missense,No,-,-,-,Tyr > Asn,1348,-,450,404,Serine Protease,Exon 8,p.Tyr450Asn,,Tyr,Asn,tyrosine,asparagine,-,Severe,-,-,<1,-,,,,,
4675,16298,c.207T>A,1,Point,Nonsense,-,-,-,-,Cys > *,207,-,69,23,Gla,Exon 2,p.(Cys69*),,Cys,*,cysteine,-,-,Severe,-,-,<1,-,,,,,
4676,16299,c.385G>T,1,Point,Nonsense,No,-,-,-,Glu > *,385,-,129,83,EGF1,Exon 4,p.(Glu129*),,Glu,*,glutamic acid,-,-,Severe,-,-,<1,-,,,,,
4677,16300,c.389T>G,1,Point,Nonsense,No,-,-,-,Leu > *,389,-,130,84,EGF2,Exon 4,p.(Leu130*),,Leu,*,leucine,-,-,Severe,-,-,<1,-,,,,,
4678,16301,c.551C>G,1,Point,Nonsense,No,-,-,-,Ser > *,551,-,184,138,Serine Protease,Exon 6,p.(Ser184*),,Ser,*,serine,-,-,Severe,-,-,<1,-,,,,,
4679,16302,c.553C>T,1,Point,Nonsense,No,-,-,-,Gln > *,553,-,185,139,Serine Protease,Exon 6,p.(Gln185*),,Gln,*,glutamine,-,-,Severe,-,-,<1,-,,,,,
4680,16303,c.700A>T,1,Point,Nonsense,No,-,-,-,Lys > *,700,-,234,188,Serine Protease,Exon 6,p.(Lys234*),,Lys,*,lysine,-,-,Severe,-,-,<1,-,,,,,
4681,16304,c.853G>T,3,Point,Nonsense,No,-,-,-,Glu > *,853,-,285,239,Serine Protease,Exon 8,p.(Glu285*),,Glu,*,glutamic acid,-,-,Severe,-,-,<1,-,,,,,
4681,16305,c.853G>T,3,Point,Nonsense,No,-,-,-,Glu > *,853,-,285,239,Serine Protease,Exon 8,p.(Glu285*),,Glu,*,glutamic acid,-,-,Severe,-,-,<1,-,,,,,
4681,16306,c.853G>T,3,Point,Nonsense,No,-,-,-,Glu > *,853,-,285,239,Serine Protease,Exon 8,p.(Glu285*),,Glu,*,glutamic acid,-,-,Severe,-,-,<1,-,,,,,
4682,16307,c.1204G>T,1,Point,Nonsense,-,-,-,-,Gly > *,1204,-,402,356,Serine Protease,Exon 8,p.(Gly402*),,Gly,*,glycine,-,-,Severe,-,-,<1,-,,,,,
4683,16308,c.1222C>T,1,Point,Nonsense,No,-,-,-,Gln > *,1222,-,408,362,Serine Protease,Exon 8,p.(Gln408*),,Gln,*,glutamine,-,-,Severe,-,-,<1,-,,,,,
4684,16309,c.89-3C>A,1,Point,-,No,-,-,-,-,89,-,,,-,Intron 1,-,,-,-,-,-,-,Mild,-,-,22%,-,,,,,
4685,16310,c.277+1G>C,1,Point,Splice,No,-,-,-,-,277,-,,,-,Intron 3,-,,-,-,-,-,-,Severe,-,-,<1,-,,,,,
4686,16311,c.391+4A>G,1,Point,-,No,0.000044021,-,-,-,391,-,,,-,Intron 4,-,,-,-,-,-,-,Mild,-,-,53%,-,,,,,
4687,16312,c.723+2T>A,1,Point,Splice,No,-,-,-,-,723,-,,,-,Intron 6,-,,-,-,-,-,-,Severe,-,-,<1,-,,,,,
4688,16313,c.1068_1069delinsAA,1,Indel,Frameshift,No,-,-,-,Trp > *,1068,-,356,310,Serine Protease,Exon 8,p.(Trp356*),,Trp,*,tryptophan,-,-,Severe,-,-,<1,-,,,,,
4689,16314,c.985_986insCTAAGTGCTAAACA,1,Insertion,Frameshift,No,-,-,-,Ser > Thrfs,985,-,329,283,Serine Protease,Exon 8,p.(Ser329Thrfs*4),,Ser,Thrfs,serine,-,-,Severe,-,-,<1,-,,,,,
4690,16315,c.1-?_723+?dup,1,Duplication,Frameshift,No,-,-,-,-,1,-,,,-,Exon 1 - Exon 6,-,,-,-,-,-,-,Severe,-,-,<1,-,,,,,
4691,16316,c.118dupA,1,Duplication,Frameshift,No,-,-,-,Ile > Asnfs,118,-,40,-7,Propeptide,Exon 2,p.(Ile40Asnfs*9),,Ile,Asnfs,isoleucine,-,-,Severe,-,-,<1,-,,,,,
4692,16317,c.137_140dupGGTA,1,Duplication,Frameshift,No,-,-,-,Tyr > *,137,-,47,1,Gla,Exon 2,p.(Tyr47*),,Tyr,*,tyrosine,-,-,Moderate,-,-,1%,-,,,,,
4693,16318,c.189_191dupATG,1,Duplication,Frameshift,-,-,-,-,Cys > *,189,-,64,18,Gla,Exon 2,p.(Cys64*),,Cys,*,cysteine,-,-,Severe,-,-,<1,-,,,,,
4694,16319,c.377dupA,1,Duplication,Frameshift,-,-,-,-,Asn > Glufs,377,-,127,81,EGF1,Exon 4,p.(Asn127Glufs*3),,Asn,Glufs,asparagine,-,-,Severe,-,-,<1,-,,,,,
4695,16320,c.884dupA,2,Duplication,Frameshift,-,-,-,-,Asn > Lysfs,884,-,295,249,Serine Protease,Exon 8,p.(Asn295Lysfs*16),,Asn,Lysfs,asparagine,-,-,Severe,-,-,<1,-,,,,,
4695,16321,c.884dupA,2,Duplication,Frameshift,No,-,-,-,Asn > Lysfs,884,-,295,249,Serine Protease,Exon 8,p.(Asn295Lysfs*16),,Asn,Lysfs,asparagine,-,-,Severe,-,-,<1,-,,,,,
4696,16322,c.917dupA,1,Duplication,Frameshift,No,-,-,-,Asn > Lysfs,917,-,306,260,Serine Protease,Exon 8,p.(Asn306Lysfs*5),,Asn,Lysfs,asparagine,-,-,Severe,-,-,<1,-,,,,,
4697,16323,c.968_971dup,1,Duplication,Frameshift,No,-,-,-,Leu > Thrfs,968,-,325,279,Serine Protease,Exon 8,p.(Leu325Thrfs*15),,Leu,Thrfs,leucine,-,-,Severe,-,-,<1,-,,,,,
4698,16324,c.983_985dupACA,1,Duplication,Inframe,No,-,-,-,Asn > AsnAsn,983,-,328,282,Serine Protease,Exon 8,p.(Asn328dup),,Asn,AsnAsn,asparagine,-,-,Moderate,-,-,3%,-,,,,,
4699,16325,c.1059_1062dupAAGT,1,Duplication,Frameshift,-,-,-,-,Gly > Lysfs,1059,-,355,309,Serine Protease,Exon 8,p.(Gly355Lysfs*20),,Gly,Lysfs,glycine,-,-,Severe,-,-,<1,-,,,,,
4700,16326,c.1207_1214dup,1,Duplication,Frameshift,No,-,-,-,Asp > Glufs,1207,-,405,359,Serine Protease,Exon 8,p.(Asp405Glufs*24),,Asp,Glufs,aspartic acid,-,-,Severe,-,-,<1,-,,,,,
4701,16327,c.1246dupG,1,Duplication,Frameshift,No,-,-,-,Val > Glyfs,1246,-,416,370,Serine Protease,Exon 8,p.(Val416Glyfs*3),,Val,Glyfs,valine,-,-,Severe,-,-,<1,-,,,,,
4702,16328,c.-29-?_277+?del,1,Deletion,Gross Deletion,Yes,-,-,-,-,-29,-,,,-,5' UTR - Exon 3,-,,-,-,-,-,-,Severe,-,-,<1,-,,,,,
4703,16329,c.1-?_88+?del,1,Deletion,Gross Deletion,No,-,-,-,-,1,-,,,-,5' UTR - Exon 1,-,,-,-,-,-,-,Severe,-,-,<1,-,,,,,
4704,16330,c.89-?_520+?del,1,Deletion,Gross Deletion,No,-,-,-,-,89,-,,,-,Exon 2 - Exon 5,-,,-,-,-,-,-,Moderate,-,-,1%,-,,,,,
4705,16331,c.253-?_1086+?del,1,Deletion,Gross Deletion,No,-,-,-,-,253,-,,,-,Exon 3 - 3' UTR,-,,-,-,-,-,-,Severe,-,-,<1,-,,,,,
4706,16332,c.521-?_1386+?del,1,Deletion,Gross Deletion,No,-,-,-,-,521,-,,,-,Exon 6 - 3' UTR,-,,-,-,-,-,-,Severe,-,-,<1,-,,,,,
4707,16333,c.724-?_838+?del,1,Deletion,Gross Deletion,No,-,-,-,-,724,-,,,-,Exon 7,-,,-,-,-,-,-,Severe,-,-,<1,-,,,,,
4708,16334,c.38delG,1,Deletion,Frameshift,No,-,-,-,Gly > Alafs,38,-,13,-34,Signal Peptide,Exon 1,p.(Gly13Alafs*8),,Gly,Alafs,glycine,-,-,Severe,-,-,<1,-,,,,,
4709,16335,c.68delT,2,Deletion,Frameshift,Yes,-,-,-,Leu > Hisfs,68,-,23,-24,Signal Peptide,Exon 1,p.(Leu23Hisfs*19),,Leu,Hisfs,leucine,-,-,Severe,-,-,<1,-,,,,,
4709,16336,c.68delT,2,Deletion,Frameshift,Yes,-,-,-,Leu > Hisfs,68,-,23,-24,Signal Peptide,Exon 1,p.(Leu23Hisfs*19),,Leu,Hisfs,leucine,-,-,Severe,-,-,<1,-,,,,,
4710,16337,c.138delG,1,Deletion,Frameshift,No,-,-,-,Arg > Serfs,138,-,46,-1,Propeptide,Exon 2,p.(Arg46Serfs*58),,Arg,Serfs,arginine,-,-,Moderate,-,-,1%,-,,,,,
4711,16338,c.206_207delGT,1,Deletion,Frameshift,No,-,-,-,Cys > *,206,-,69,23,Gla,Exon 2,p.(Cys69*),,Cys,*,cysteine,-,-,Severe,-,-,<1,-,,,,,
4712,16339,c.730_731delTT,1,Deletion,Frameshift,No,-,-,-,Leu > Glufs,730,-,244,198,Serine Protease,Exon 7,p.(Leu244Glufs*3),,Leu,Glufs,leucine,-,-,Severe,-,-,<1,-,,,,,
4713,16340,c.813_814delTG,1,Deletion,Frameshift,No,-,-,-,Gly > Cysfs,813,-,272,226,Serine Protease,Exon 7,p.(Gly272Cysfs*2),,Gly,Cysfs,glycine,-,-,Moderate,-,-,5%,-,,,,,
4714,16341,c.869_870delCA,1,Deletion,Frameshift,No,-,-,-,Thr > Argfs,869,-,290,244,Serine Protease,Exon 8,p.(Thr290Argfs*20),,Thr,Argfs,threonine,-,-,Severe,-,-,<1,-,,,,,
4715,16342,c.935delA,1,Deletion,Frameshift,No,-,-,-,Tyr > Serfs,935,-,312,266,Serine Protease,Exon 8,p.(Tyr312Serfs*14),,Tyr,Serfs,tyrosine,-,-,Severe,-,-,<1,-,,,,,
4716,16343,c.967_970del,1,Deletion,Frameshift,No,-,-,-,Glu > Profs,967,-,323,277,Serine Protease,Exon 8,p.(Glu323Profs*2),,Glu,Profs,glutamic acid,-,-,Severe,-,-,<1,-,,,,,
4717,16344,c.986_987delGC,1,Deletion,Frameshift,No,-,-,-,Ser > Ilefs,986,-,329,283,Serine Protease,Exon 8,p.(Ser329Ilefs*9),,Ser,Ilefs,serine,-,-,Severe,-,-,<1,-,,,,,
4718,16345,c.1057_1058delGT,1,Deletion,Frameshift,No,-,-,-,Val > Lysfs,1057,-,353,307,Serine Protease,Exon 8,p.(Val353Lysfs*20),,Val,Lysfs,valine,-,-,Severe,-,-,<1,-,,,,,
4719,16346,c.1220delG,1,Deletion,Frameshift,No,-,-,-,Cys > Phefs,1220,-,407,361,Serine Protease,Exon 8,p.(Cys407Phefs*19),,Cys,Phefs,cysteine,-,-,Severe,-,-,<1,-,,,,,
4720,16347,c.1260delA,1,Deletion,Frameshift,No,-,-,-,Thr > Profs,1260,-,422,376,Serine Protease,Exon 8,p.(Thr422Profs*4),,Thr,Profs,threonine,-,-,Moderate,-,-,1%,-,,,,,
4721,16348,c.297_302delCAATCC,1,Deletion,Inframe,No,-,-,-,-,297,-,100,54,EGF1,Exon 4,p.(Asn100_Pro101del),,-,-,-,-,-,Severe,-,-,<1,-,,,,,
4722,16349,c.1223_1225delAAG,1,Deletion,Inframe,No,-,-,-,-,1223,-,408,362,Serine Protease,Exon 8,p.(Gln408_Gly409delinsArg),,-,-,-,-,-,Moderate,-,-,1%,-,,,,,
4723,16350,c.1247_1252del,1,Deletion,Inframe,No,-,-,-,-,1247,-,416,370,Serine Protease,Exon 8,p.(Val416_Thr417del),,-,-,-,-,-,Moderate,-,-,4%,-,,,,,
4724,16351,c.88+3_88+4delTT,5,Deletion,-,No,-,-,-,-,88,-,,,-,Intron 1,-,,-,-,-,-,-,Severe,-,-,<1,-,,,,,
4724,16352,c.88+3_88+4delTT,5,Deletion,-,No,-,-,-,-,88,-,,,-,Intron 1,-,,-,-,-,-,-,Moderate,-,-,2%,-,,,,,
4724,16353,c.88+3_88+4delTT,5,Deletion,-,No,-,-,-,-,88,-,,,-,Intron 1,-,,-,-,-,-,-,Severe,-,-,<1,-,,,,,
4724,16354,c.88+3_88+4delTT,5,Deletion,-,No,-,-,-,-,88,-,,,-,Intron 1,-,,-,-,-,-,-,Severe,-,-,<1,-,,,,,
4724,16355,c.88+3_88+4delTT,5,Deletion,-,No,-,-,-,-,88,-,,,-,Intron 1,-,,-,-,-,-,-,Severe,-,-,<1,-,,,,,
4725,16356,c.391+5_391+11del,1,Deletion,-,No,-,-,-,-,391,-,,,-,Intron 4,-,,-,-,-,-,-,Moderate,-,-,2%,-,,,,,
4726,14903,c.-1215T>C,1,Polymorphism,-,-,-,-,-,-,-1215,-,,,-,5' UTR,N/A,-1186,-,-,-,-,-,-,-,-,-,-,,,,,
4728,14924,c.-727T>C,1,Polymorphism,-,-,-,-,-,-,,-,,,-,5' UTR,N/A,-727,-,-,-,-,-,-,-,-,-,-,,,,,
4729,14935,c.-590T>G,1,Polymorphism,-,-,-,-,-,-,,-,,,-,5' UTR,N/A,-561,-,-,-,-,-,-,-,-,-,-,,,,,
4731,11724,c.8G>A,1,Point,Missense,-,0.000238955,-,Probably outside coding region (if start at -39),Arg > His,8,-,3,-44,Signal Peptide,Exon 1,p.Arg3His,37,Arg,His,arginine,histidine,-,Severe,-,-,<1,<1,,,,,
4732,14949,c.88+64C>A,1,Polymorphism,-,-,-,-,-,-,88,-,,,-,Intron 1,N/A,181,-,-,-,-,-,-,-,-,-,-,,,,,
4733,14950,c.88+75A>G,1,Polymorphism,-,-,0.036649215,-,-,-,88,-,,,-,Intron 1,N/A,192,-,-,-,-,-,-,-,-,-,-,,,,,
4734,14904,c.88+236C>T,1,Polymorphism,-,-,-,-,-,-,88,-,,,-,Intron 1,N/A,353,-,-,-,-,-,-,-,-,-,-,,,,,
4735,14905,c.88+592A>G,1,Polymorphism,-,-,-,-,-,-,88,-,,,-,Intron 1,N/A,709,-,-,-,-,-,-,-,-,-,-,,,,,
4736,14906,c.88+1610G>A,1,Polymorphism,-,-,-,-,-,-,88,-,,,-,Intron 1,N/A,1778,-,-,-,-,-,-,-,-,-,-,,,,,
4737,14907,c.88+2459T>C,1,Polymorphism,-,-,-,-,-,-,88,-,,,-,Intron 1,N/A,2627,-,-,-,-,-,-,-,-,-,-,,,,,
4738,14908,c.89-2579T>G,1,Polymorphism,-,-,-,-,-,-,89,-,,,-,Intron 1,N/A,3747,-,-,-,-,-,-,-,-,-,-,,,,,
4739,14909,c.89-2570A>G,1,Polymorphism,-,-,-,-,-,-,89,-,,,-,Intron 1,N/A,3756,-,-,-,-,-,-,-,-,-,-,,,,,
4740,14910,c.89-2529C>T,1,Polymorphism,-,-,-,-,-,-,89,-,,,-,Intron 1,N/A,3797,-,-,-,-,-,-,-,-,-,-,,,,,
4741,14911,c.89-2421A>T,1,Polymorphism,-,-,-,-,-,-,89,-,,,-,Intron 1,N/A,3905,-,-,-,-,-,-,-,-,-,-,,,,,
4742,14912,c.89-776_89-727dup,1,Polymorphism,-,-,-,-,Several other rare alleles found Jacobson et al (1993),-,89,-,,,-,Intron 1,N/A,5505,-,-,-,-,-,-,-,-,-,-,,,,,
4743,14913,c.252+61G>C,1,Polymorphism,-,-,-,-,-,-,252,-,,,-,Intron 2,N/A,6550,-,-,-,-,-,-,-,-,-,-,,,,,
4744,14915,c.252+86C>G,1,Polymorphism,-,-,-,-,-,-,252,-,,,-,Intron 2,N/A,6575,-,-,-,-,-,-,-,-,-,-,,,,,
4745,14916,c.253-82G>T,2,Polymorphism,-,-,-,-,-,-,253,-,,,-,Intron 2,N/A,6596,-,-,-,-,-,-,-,-,-,-,,,,,
4745,15249,c.253-82G>T,2,Polymorphism,-,-,-,-,-,-,253,-,,,-,Intron 2,N/A,6596,-,-,-,-,-,-,-,-,-,-,,,,,
4746,14917,c.277+374C>G,1,Polymorphism,-,-,-,-,-,-,277,-,,,-,Intron 3,N/A,7076,-,-,-,-,-,-,-,-,-,-,,,,,
4747,14918,c.278-31T>?,1,Polymorphism,-,-,-,-,Reported once | base change unknown - maybe CpG site,-,278,-,,,-,Intron 3,N/A,9731,-,-,-,-,-,-,-,-,-,-,,,,,
4748,14919,c.391+609A>G,1,Polymorphism,-,-,-,-,-,-,391,-,,,-,Intron 4,N/A,11111,-,-,-,-,-,-,-,-,-,-,,,,,
4749,14920,c.391+2770T>C,1,Polymorphism,-,-,-,-,-,-,391,-,,,-,Intron 4,N/A,13275,-,-,-,-,-,-,-,-,-,-,,,,,
4750,14921,c.392-2047G>A,1,Polymorphism,-,-,-,-,-,-,,-,,,-,Intron 4,N/A,15625,-,-,-,-,-,-,-,-,-,-,,,,,
4751,14922,c.392-272T>G,1,Polymorphism,-,-,-,-,-,-,392,-,,,-,Intron 4,N/A,17397,-,-,-,-,-,-,-,-,-,-,,,,,
4752,14923,c.521-361A>C,1,Polymorphism,-,-,-,-,-,-,521,-,,,-,Intron 5,N/A,20002,-,-,-,-,-,-,-,-,-,-,,,,,
4753,14925,c.580A>G,1,Polymorphism,Silent,-,0.218344912,-,-,Thr > Ala,580,-,194,148,Activation Peptide,Exon 6,p.(Thr194Ala),20421,Thr,Ala,threonine,alanine,-,-,-,-,-,-,,,,,
4754,14926,c.580G>A,2,Polymorphism,Missense,-,-,-,"malmo polymorphism;Quadruple, See (30142,20616,32847)",Ala > Thr,580,-,194,148,Activation Peptide,Exon 6,p.Ala194Thr,20422,Ala,Thr,alanine,threonine,-,-,-,-,-,-,,,,,
4754,14927,c.580G>A,2,Polymorphism,Missense,-,-,-,"malmo polymorphism;Quadruple, See (30142,20616,32847)",Ala > Thr,580,-,194,148,Activation Peptide,Exon 6,p.Ala194Thr,20422,Ala,Thr,alanine,threonine,-,-,-,-,-,-,,,,,
4755,14928,c.670T>C,1,Polymorphism,Missense,-,-,-,-,Phe > Leu,670,-,224,178,Activation Peptide,Exon 6,p.Phe224Leu,20512,Phe,Leu,phenylalanine,leucine,-,Severe,-,-,<1,85%,Also has p.Arg226Gly causative mutation,,,,
4756,14929,c.723+46G>A,1,Polymorphism,-,-,-,-,"Quadruple, See (20422,30142,32847)",-,723,-,,,-,Intron 6,N/A,20616,-,-,-,-,-,-,-,-,-,-,,,,,
4757,14930,c.724-2311G>A,1,Polymorphism,-,-,-,-,-,-,724,-,,,-,Intron 6,N/A,27731,-,-,-,-,-,-,-,-,-,-,,,,,
4758,14931,c.724-1678T>C,1,Polymorphism,-,-,-,-,-,-,724,-,,,-,Intron 6,N/A,28364,-,-,-,-,-,-,-,-,-,-,,,,,
4759,14932,c.724-707A>G,1,Polymorphism,-,-,-,-,-,-,724,-,,,-,Intron 6,N/A,29335,-,-,-,-,-,-,-,-,-,-,,,,,
4760,14933,c.724-542G>T,1,Polymorphism,-,-,-,-,-,-,724,-,,,-,Intron 6,N/A,29497,-,-,-,-,-,-,-,-,-,-,,,,,
4761,14934,c.724-533T>C,1,Polymorphism,-,-,-,-,-,-,724,-,,,-,Intron 6,N/A,29509,-,-,-,-,-,-,-,-,-,-,,,,,
4762,14936,c.724-507T>C,1,Polymorphism,-,-,-,-,-,-,724,-,,,-,Intron 6,N/A,29532,-,-,-,-,-,-,-,-,-,-,,,,,
4763,14937,c.724-391A>G,1,Polymorphism,-,-,-,-,-,-,724,-,,,-,Intron 6,N/A,29648,-,-,-,-,-,-,-,-,-,-,,,,,
4764,14938,c.724-392A>G,1,Polymorphism,-,-,-,-,-,-,724,-,,,-,Intron 6,N/A,29650,-,-,-,-,-,-,-,-,-,-,,,,,
4765,13083,c.819T>C,7,Polymorphism,Silent,-,0.001358431,-,-,Val273Val,819,-,273,227,Serine Protease,Exon 7,p.(Val273Val),30134,Val273Val,-,valine,valine,-,Mild,-,-,37%,-,,,,,
4765,13084,c.819T>C,7,Polymorphism,Silent,-,0.001358431,-,-,Val273Val,819,-,273,227,Serine Protease,Exon 7,p.(Val273Val),30134,Val273Val,-,valine,valine,-,Mild,-,-,30%,-,,,,,
4765,13085,c.819T>C,7,Polymorphism,Silent,-,0.001358431,-,-,Val273Val,819,-,273,227,Serine Protease,Exon 7,p.(Val273Val),30134,Val273Val,-,valine,valine,-,Mild,-,-,20%,70%,,,,,
4765,13086,c.819T>C,7,Polymorphism,Silent,-,0.001358431,-,-,Val273Val,819,-,273,227,Serine Protease,Exon 7,p.(Val273Val),30134,Val273Val,-,valine,valine,-,Mild,-,-,10%,77%,,,,,
4765,13087,c.819T>C,7,Polymorphism,Silent,-,0.001358431,-,-,Val273Val,819,-,273,227,Serine Protease,Exon 7,p.(Val273Val),30134,Val273Val,-,valine,valine,-,Mild,-,-,25%,-,,,,,
4765,13088,c.819T>C,7,Polymorphism,Silent,-,0.001358431,-,-,Val273Val,819,-,273,227,Serine Protease,Exon 7,p.(Val273Val),30134,Val273Val,-,valine,valine,-,Mild,-,-,-,-,,,,,
4765,13089,c.819T>C,7,Polymorphism,Silent,-,0.001358431,-,-,Val273Val,819,-,273,227,Serine Protease,Exon 7,p.(Val273Val),30134,Val273Val,-,valine,valine,-,Severe,-,-,<1,-,,,,,
4767,13662,c.1029C>T,1,Polymorphism,Silent,-,0.000092513,-,-,Asn343Asn,1029,-,343,297,Serine Protease,Exon 8,p.(Asn343Asn),31012,Asn343Asn,-,asparagine,asparagine,-,-,-,-,-,-,,,,,
4768,14939,c.1110G>A,1,Polymorphism,Silent,-,0.003003354,-,-,Gln > Gln,1110,-,370,324,Serine Protease,Exon 8,p.(Gln370Gln),31093,Gln,Gln,glutamine,glutamine,-,-,-,-,-,-,,,,,
4769,13788,c.1120G>A,1,Polymorphism,Missense,-,-,-,-,Val > Ile,1120,-,374,328,Serine Protease,Exon 8,p.Val374Ile,31103,Val,Ile,valine,isoleucine,-,Moderate,-,-,1%,<1,Also has c.252+3_252+6delGAGT causative mutation,,,,
4770,14940,c.*1399T>C,1,Polymorphism,-,-,-,-,3' flanking region,-,,-,,,-,3' UTR,N/A,32770,-,-,-,-,-,-,-,-,-,-,,,,,
4771,14941,c.*1478C>T,1,Polymorphism,-,-,-,-,-,-,,-,,,-,3' UTR,N/A,32847,-,-,-,-,-,-,-,-,-,-,,,,,
4772,14943,c.396A>G,1,Polymorphism,Silent,-,-,-,Double (see6460C>T),Val > Val,396,-,132,86,EGF2,Exon 5,p.(Val132Val),17673,Val,Val,valine,valine,-,-,-,-,-,-,,,,,
4773,14944,c.738T>C,1,Polymorphism,Silent,-,0.000005452,-,Double (see 17689A>G),Gly > Gly,738,-,246,200,Serine Protease,Exon 7,p.(Gly246Gly),30053,Gly,Gly,glycine,glycine,-,-,-,-,-,-,,,,,
4774,14945,c.1077C>A,1,Polymorphism,Silent,-,-,-,Double (see 17786G>A),Val > Val,1077,-,359,313,Serine Protease,Exon 8,p.(Val359Val),31060,Val,Val,valine,valine,-,-,-,-,-,-,,,,,
4775,14946,c.1248T>C,1,Polymorphism,Silent,-,-,-,double (see 6428G>A),Val > Val,1248,-,416,370,Serine Protease,Exon 8,p.(Val416Val),31231,Val,Val,valine,valine,-,-,-,-,-,-,,,,,
4776,15230,c.724-1675C>T,1,Polymorphism,-,-,-,-,-,-,724,-,,,-,Intron 6,N/A,28365,-,-,-,-,-,-,-,-,-,-,Non Random association detected in this pair of substitution,,,,